[debug] [2026-06-29T16:55:03.390Z] [Firebase Plugin] Activating Firebase extension.
[debug] [2026-06-29T16:55:14.093Z] [Firebase Plugin] requireAuthWrapper
[debug] [2026-06-29T16:55:14.096Z] > command requires scopes: ["email","openid","https://www.googleapis.com/auth/cloudplatformprojects.readonly","https://www.googleapis.com/auth/firebase","https://www.googleapis.com/auth/cloud-platform"]
[debug] [2026-06-29T16:55:14.097Z] > authorizing via signed-in user (jacsohit@gmail.com)
[debug] [2026-06-29T16:55:14.103Z] Checked if tokens are valid: true, expires at: 1782755535952
[debug] [2026-06-29T16:55:14.103Z] Checked if tokens are valid: true, expires at: 1782755535952
[debug] [2026-06-29T16:55:14.104Z] [Firebase Plugin] User found:  jacsohit@gmail.com
[info] [Firebase Plugin] (Core:Project) New user detected, fetching projects
[debug] [2026-06-29T16:55:14.106Z] Checked if tokens are valid: true, expires at: 1782755535952
[debug] [2026-06-29T16:55:14.109Z] >>> [apiv2][query] GET https://firebase.googleapis.com/v1beta1/projects pageSize=1000
[debug] [2026-06-29T16:55:14.128Z] [Firebase Plugin] VSCode notification server listening on port 40001
[info] [Firebase Plugin] Starting SQL Connect toolkit (version 3.4.11) on port 50001
[info] i  dataconnect: downloading dataconnect-emulator-3.4.11.exe... {"metadata":{"emulator":{"name":"dataconnect"},"message":"downloading dataconnect-emulator-3.4.11.exe..."}}
[debug] [2026-06-29T16:55:14.634Z] >>> [apiv2][query] GET https://storage.googleapis.com/firemat-preview-drop/emulator/dataconnect-emulator-windows-amd64-v3.4.11 
[debug] [2026-06-29T16:55:15.444Z] <<< [apiv2][status] GET https://storage.googleapis.com/firemat-preview-drop/emulator/dataconnect-emulator-windows-amd64-v3.4.11 200
[debug] [2026-06-29T16:55:15.445Z] <<< [apiv2][body] GET https://storage.googleapis.com/firemat-preview-drop/emulator/dataconnect-emulator-windows-amd64-v3.4.11 [stream]
[debug] [2026-06-29T16:55:15.817Z] <<< [apiv2][status] GET https://firebase.googleapis.com/v1beta1/projects 200
[debug] [2026-06-29T16:55:15.818Z] <<< [apiv2][body] GET https://firebase.googleapis.com/v1beta1/projects [omitted]
[info] i  dataconnect: Removing outdated emulator files: dataconnect-emulator-3.1.1.exe {"metadata":{"emulator":{"name":"dataconnect"},"message":"Removing outdated emulator files: dataconnect-emulator-3.1.1.exe"}}
[debug] [2026-06-29T16:55:21.660Z] 'fdc build' failed with error: Unable to build your SQL Connect schema and connectors (exit code 1): E0629 23:55:21.653531   15128 cmd.go:43] Error loading data connect config: could not find dataconnect.yaml in `c:\Users\52114\Downloads\akrivis-uat-webapp-firebase\dataconnect`
 {"metadata":{"emulator":{"name":"dataconnect"},"message":"'fdc build' failed with error: Unable to build your SQL Connect schema and connectors (exit code 1): E0629 23:55:21.653531   15128 cmd.go:43] Error loading data connect config: could not find dataconnect.yaml in `c:\\Users\\52114\\Downloads\\akrivis-uat-webapp-firebase\\dataconnect`\n"}}
[debug] [2026-06-29T16:55:21.661Z] Ignoring unsupported arg: auto_download {"metadata":{"emulator":{"name":"dataconnect"},"message":"Ignoring unsupported arg: auto_download"}}
[debug] [2026-06-29T16:55:21.662Z] Ignoring unsupported arg: port {"metadata":{"emulator":{"name":"dataconnect"},"message":"Ignoring unsupported arg: port"}}
[debug] [2026-06-29T16:55:21.662Z] Starting SQL Connect Emulator with command {"binary":"C:\\Users\\52114\\.cache\\firebase\\emulators\\dataconnect-emulator-3.4.11.exe","args":["--logtostderr","-v=2","dev","--listen=localhost:50001","--config_dir=c:\\Users\\52114\\Downloads\\akrivis-uat-webapp-firebase\\dataconnect","--enable_output_schema_extensions=true","--enable_output_generated_sdk=true"],"optionalArgs":["listen","config_dir","enable_output_schema_extensions","enable_output_generated_sdk"],"joinArgs":true,"shell":false,"port":9399} {"metadata":{"emulator":{"name":"dataconnect"},"message":"Starting SQL Connect Emulator with command {\"binary\":\"C:\\\\Users\\\\52114\\\\.cache\\\\firebase\\\\emulators\\\\dataconnect-emulator-3.4.11.exe\",\"args\":[\"--logtostderr\",\"-v=2\",\"dev\",\"--listen=localhost:50001\",\"--config_dir=c:\\\\Users\\\\52114\\\\Downloads\\\\akrivis-uat-webapp-firebase\\\\dataconnect\",\"--enable_output_schema_extensions=true\",\"--enable_output_generated_sdk=true\"],\"optionalArgs\":[\"listen\",\"config_dir\",\"enable_output_schema_extensions\",\"enable_output_generated_sdk\"],\"joinArgs\":true,\"shell\":false,\"port\":9399}"}}
[info] i  dataconnect: SQL Connect Emulator logging to dataconnect-debug.log {"metadata":{"emulator":{"name":"dataconnect"},"message":"SQL Connect Emulator logging to \u001b[1mdataconnect-debug.log\u001b[22m"}}
[debug] [2026-06-29T16:55:21.704Z] E0629 23:55:21.703087    8696 dev.go:83] Failed to load initial config from "c:\\Users\\52114\\Downloads\\akrivis-uat-webapp-firebase\\dataconnect": could not find dataconnect.yaml in `c:\Users\52114\Downloads\akrivis-uat-webapp-firebase\dataconnect`
 {"metadata":{"emulator":{"name":"dataconnect"},"message":"E0629 23:55:21.703087    8696 dev.go:83] Failed to load initial config from \"c:\\\\Users\\\\52114\\\\Downloads\\\\akrivis-uat-webapp-firebase\\\\dataconnect\": could not find dataconnect.yaml in `c:\\Users\\52114\\Downloads\\akrivis-uat-webapp-firebase\\dataconnect`\n"}}
[debug] [2026-06-29T16:55:21.709Z] E0629 23:55:21.706643    8696 watch.go:116] watchAllDir unable to walk dir `c:\Users\52114\Downloads\akrivis-uat-webapp-firebase\dataconnect`: GetFileAttributesEx c:\Users\52114\Downloads\akrivis-uat-webapp-firebase\dataconnect: The system cannot find the file specified.
 {"metadata":{"emulator":{"name":"dataconnect"},"message":"E0629 23:55:21.706643    8696 watch.go:116] watchAllDir unable to walk dir `c:\\Users\\52114\\Downloads\\akrivis-uat-webapp-firebase\\dataconnect`: GetFileAttributesEx c:\\Users\\52114\\Downloads\\akrivis-uat-webapp-firebase\\dataconnect: The system cannot find the file specified.\n"}}
[debug] [2026-06-29T16:55:21.730Z] I0629 23:55:21.729782    8696 dev.go:104] Listening on address (HTTP + gRPC): 127.0.0.1:50001
 {"metadata":{"emulator":{"name":"dataconnect"},"message":"I0629 23:55:21.729782    8696 dev.go:104] Listening on address (HTTP + gRPC): 127.0.0.1:50001\n"}}
[error] [Firebase Plugin] error:  {}
[debug] [2026-06-29T16:55:31.709Z] E0629 23:55:31.709191    8696 watch.go:40] Failed to load config from "c:\\Users\\52114\\Downloads\\akrivis-uat-webapp-firebase\\dataconnect": could not find dataconnect.yaml in `c:\Users\52114\Downloads\akrivis-uat-webapp-firebase\dataconnect`
 {"metadata":{"emulator":{"name":"dataconnect"},"message":"E0629 23:55:31.709191    8696 watch.go:40] Failed to load config from \"c:\\\\Users\\\\52114\\\\Downloads\\\\akrivis-uat-webapp-firebase\\\\dataconnect\": could not find dataconnect.yaml in `c:\\Users\\52114\\Downloads\\akrivis-uat-webapp-firebase\\dataconnect`\n"}}
[debug] [2026-06-29T16:55:41.709Z] E0629 23:55:41.709493    8696 watch.go:40] Failed to load config from "c:\\Users\\52114\\Downloads\\akrivis-uat-webapp-firebase\\dataconnect": could not find dataconnect.yaml in `c:\Users\52114\Downloads\akrivis-uat-webapp-firebase\dataconnect`
 {"metadata":{"emulator":{"name":"dataconnect"},"message":"E0629 23:55:41.709493    8696 watch.go:40] Failed to load config from \"c:\\\\Users\\\\52114\\\\Downloads\\\\akrivis-uat-webapp-firebase\\\\dataconnect\": could not find dataconnect.yaml in `c:\\Users\\52114\\Downloads\\akrivis-uat-webapp-firebase\\dataconnect`\n"}}
[debug] [2026-06-29T16:55:51.708Z] E0629 23:55:51.708858    8696 watch.go:40] Failed to load config from "c:\\Users\\52114\\Downloads\\akrivis-uat-webapp-firebase\\dataconnect": could not find dataconnect.yaml in `c:\Users\52114\Downloads\akrivis-uat-webapp-firebase\dataconnect`
 {"metadata":{"emulator":{"name":"dataconnect"},"message":"E0629 23:55:51.708858    8696 watch.go:40] Failed to load config from \"c:\\\\Users\\\\52114\\\\Downloads\\\\akrivis-uat-webapp-firebase\\\\dataconnect\": could not find dataconnect.yaml in `c:\\Users\\52114\\Downloads\\akrivis-uat-webapp-firebase\\dataconnect`\n"}}
[debug] [2026-06-29T16:56:01.716Z] E0629 23:56:01.714648    8696 watch.go:40] Failed to load config from "c:\\Users\\52114\\Downloads\\akrivis-uat-webapp-firebase\\dataconnect": could not find dataconnect.yaml in `c:\Users\52114\Downloads\akrivis-uat-webapp-firebase\dataconnect`
 {"metadata":{"emulator":{"name":"dataconnect"},"message":"E0629 23:56:01.714648    8696 watch.go:40] Failed to load config from \"c:\\\\Users\\\\52114\\\\Downloads\\\\akrivis-uat-webapp-firebase\\\\dataconnect\": could not find dataconnect.yaml in `c:\\Users\\52114\\Downloads\\akrivis-uat-webapp-firebase\\dataconnect`\n"}}
[debug] [2026-06-29T16:56:12.766Z] E0629 23:56:11.709405    8696 watch.go:40] Failed to load config from "c:\\Users\\52114\\Downloads\\akrivis-uat-webapp-firebase\\dataconnect": could not find dataconnect.yaml in `c:\Users\52114\Downloads\akrivis-uat-webapp-firebase\dataconnect`
 {"metadata":{"emulator":{"name":"dataconnect"},"message":"E0629 23:56:11.709405    8696 watch.go:40] Failed to load config from \"c:\\\\Users\\\\52114\\\\Downloads\\\\akrivis-uat-webapp-firebase\\\\dataconnect\": could not find dataconnect.yaml in `c:\\Users\\52114\\Downloads\\akrivis-uat-webapp-firebase\\dataconnect`\n"}}
[debug] [2026-06-29T16:56:21.709Z] E0629 23:56:21.709364    8696 watch.go:116] watchAllDir unable to walk dir `c:\Users\52114\Downloads\akrivis-uat-webapp-firebase\dataconnect`: GetFileAttributesEx c:\Users\52114\Downloads\akrivis-uat-webapp-firebase\dataconnect: The system cannot find the file specified.
E0629 23:56:21.709623    8696 watch.go:40] Failed to load config from "c:\\Users\\52114\\Downloads\\akrivis-uat-webapp-firebase\\dataconnect": could not find dataconnect.yaml in `c:\Users\52114\Downloads\akrivis-uat-webapp-firebase\dataconnect`
 {"metadata":{"emulator":{"name":"dataconnect"},"message":"E0629 23:56:21.709364    8696 watch.go:116] watchAllDir unable to walk dir `c:\\Users\\52114\\Downloads\\akrivis-uat-webapp-firebase\\dataconnect`: GetFileAttributesEx c:\\Users\\52114\\Downloads\\akrivis-uat-webapp-firebase\\dataconnect: The system cannot find the file specified.\nE0629 23:56:21.709623    8696 watch.go:40] Failed to load config from \"c:\\\\Users\\\\52114\\\\Downloads\\\\akrivis-uat-webapp-firebase\\\\dataconnect\": could not find dataconnect.yaml in `c:\\Users\\52114\\Downloads\\akrivis-uat-webapp-firebase\\dataconnect`\n"}}
[debug] [2026-06-29T16:56:31.709Z] E0629 23:56:31.709007    8696 watch.go:40] Failed to load config from "c:\\Users\\52114\\Downloads\\akrivis-uat-webapp-firebase\\dataconnect": could not find dataconnect.yaml in `c:\Users\52114\Downloads\akrivis-uat-webapp-firebase\dataconnect`
 {"metadata":{"emulator":{"name":"dataconnect"},"message":"E0629 23:56:31.709007    8696 watch.go:40] Failed to load config from \"c:\\\\Users\\\\52114\\\\Downloads\\\\akrivis-uat-webapp-firebase\\\\dataconnect\": could not find dataconnect.yaml in `c:\\Users\\52114\\Downloads\\akrivis-uat-webapp-firebase\\dataconnect`\n"}}
[debug] [2026-06-29T16:56:41.711Z] E0629 23:56:41.710318    8696 watch.go:40] Failed to load config from "c:\\Users\\52114\\Downloads\\akrivis-uat-webapp-firebase\\dataconnect": could not find dataconnect.yaml in `c:\Users\52114\Downloads\akrivis-uat-webapp-firebase\dataconnect`
 {"metadata":{"emulator":{"name":"dataconnect"},"message":"E0629 23:56:41.710318    8696 watch.go:40] Failed to load config from \"c:\\\\Users\\\\52114\\\\Downloads\\\\akrivis-uat-webapp-firebase\\\\dataconnect\": could not find dataconnect.yaml in `c:\\Users\\52114\\Downloads\\akrivis-uat-webapp-firebase\\dataconnect`\n"}}
[debug] [2026-06-29T16:56:51.709Z] E0629 23:56:51.709415    8696 watch.go:40] Failed to load config from "c:\\Users\\52114\\Downloads\\akrivis-uat-webapp-firebase\\dataconnect": could not find dataconnect.yaml in `c:\Users\52114\Downloads\akrivis-uat-webapp-firebase\dataconnect`
 {"metadata":{"emulator":{"name":"dataconnect"},"message":"E0629 23:56:51.709415    8696 watch.go:40] Failed to load config from \"c:\\\\Users\\\\52114\\\\Downloads\\\\akrivis-uat-webapp-firebase\\\\dataconnect\": could not find dataconnect.yaml in `c:\\Users\\52114\\Downloads\\akrivis-uat-webapp-firebase\\dataconnect`\n"}}
[debug] [2026-06-29T16:57:01.709Z] E0629 23:57:01.709422    8696 watch.go:40] Failed to load config from "c:\\Users\\52114\\Downloads\\akrivis-uat-webapp-firebase\\dataconnect": could not find dataconnect.yaml in `c:\Users\52114\Downloads\akrivis-uat-webapp-firebase\dataconnect`
 {"metadata":{"emulator":{"name":"dataconnect"},"message":"E0629 23:57:01.709422    8696 watch.go:40] Failed to load config from \"c:\\\\Users\\\\52114\\\\Downloads\\\\akrivis-uat-webapp-firebase\\\\dataconnect\": could not find dataconnect.yaml in `c:\\Users\\52114\\Downloads\\akrivis-uat-webapp-firebase\\dataconnect`\n"}}
[debug] [2026-06-29T16:57:11.709Z] E0629 23:57:11.709566    8696 watch.go:40] Failed to load config from "c:\\Users\\52114\\Downloads\\akrivis-uat-webapp-firebase\\dataconnect": could not find dataconnect.yaml in `c:\Users\52114\Downloads\akrivis-uat-webapp-firebase\dataconnect`
 {"metadata":{"emulator":{"name":"dataconnect"},"message":"E0629 23:57:11.709566    8696 watch.go:40] Failed to load config from \"c:\\\\Users\\\\52114\\\\Downloads\\\\akrivis-uat-webapp-firebase\\\\dataconnect\": could not find dataconnect.yaml in `c:\\Users\\52114\\Downloads\\akrivis-uat-webapp-firebase\\dataconnect`\n"}}
[debug] [2026-06-29T16:57:21.709Z] E0629 23:57:21.709173    8696 watch.go:116] watchAllDir unable to walk dir `c:\Users\52114\Downloads\akrivis-uat-webapp-firebase\dataconnect`: GetFileAttributesEx c:\Users\52114\Downloads\akrivis-uat-webapp-firebase\dataconnect: The system cannot find the file specified.
 {"metadata":{"emulator":{"name":"dataconnect"},"message":"E0629 23:57:21.709173    8696 watch.go:116] watchAllDir unable to walk dir `c:\\Users\\52114\\Downloads\\akrivis-uat-webapp-firebase\\dataconnect`: GetFileAttributesEx c:\\Users\\52114\\Downloads\\akrivis-uat-webapp-firebase\\dataconnect: The system cannot find the file specified.\n"}}
[debug] [2026-06-29T16:57:21.715Z] E0629 23:57:21.714504    8696 watch.go:40] Failed to load config from "c:\\Users\\52114\\Downloads\\akrivis-uat-webapp-firebase\\dataconnect": could not find dataconnect.yaml in `c:\Users\52114\Downloads\akrivis-uat-webapp-firebase\dataconnect`
 {"metadata":{"emulator":{"name":"dataconnect"},"message":"E0629 23:57:21.714504    8696 watch.go:40] Failed to load config from \"c:\\\\Users\\\\52114\\\\Downloads\\\\akrivis-uat-webapp-firebase\\\\dataconnect\": could not find dataconnect.yaml in `c:\\Users\\52114\\Downloads\\akrivis-uat-webapp-firebase\\dataconnect`\n"}}
[debug] [2026-06-29T16:57:31.709Z] E0629 23:57:31.710061    8696 watch.go:40] Failed to load config from "c:\\Users\\52114\\Downloads\\akrivis-uat-webapp-firebase\\dataconnect": could not find dataconnect.yaml in `c:\Users\52114\Downloads\akrivis-uat-webapp-firebase\dataconnect`
 {"metadata":{"emulator":{"name":"dataconnect"},"message":"E0629 23:57:31.710061    8696 watch.go:40] Failed to load config from \"c:\\\\Users\\\\52114\\\\Downloads\\\\akrivis-uat-webapp-firebase\\\\dataconnect\": could not find dataconnect.yaml in `c:\\Users\\52114\\Downloads\\akrivis-uat-webapp-firebase\\dataconnect`\n"}}
[debug] [2026-06-29T16:57:41.709Z] E0629 23:57:41.709158    8696 watch.go:40] Failed to load config from "c:\\Users\\52114\\Downloads\\akrivis-uat-webapp-firebase\\dataconnect": could not find dataconnect.yaml in `c:\Users\52114\Downloads\akrivis-uat-webapp-firebase\dataconnect`
 {"metadata":{"emulator":{"name":"dataconnect"},"message":"E0629 23:57:41.709158    8696 watch.go:40] Failed to load config from \"c:\\\\Users\\\\52114\\\\Downloads\\\\akrivis-uat-webapp-firebase\\\\dataconnect\": could not find dataconnect.yaml in `c:\\Users\\52114\\Downloads\\akrivis-uat-webapp-firebase\\dataconnect`\n"}}
[debug] [2026-06-29T16:57:51.709Z] E0629 23:57:51.709294    8696 watch.go:40] Failed to load config from "c:\\Users\\52114\\Downloads\\akrivis-uat-webapp-firebase\\dataconnect": could not find dataconnect.yaml in `c:\Users\52114\Downloads\akrivis-uat-webapp-firebase\dataconnect`
 {"metadata":{"emulator":{"name":"dataconnect"},"message":"E0629 23:57:51.709294    8696 watch.go:40] Failed to load config from \"c:\\\\Users\\\\52114\\\\Downloads\\\\akrivis-uat-webapp-firebase\\\\dataconnect\": could not find dataconnect.yaml in `c:\\Users\\52114\\Downloads\\akrivis-uat-webapp-firebase\\dataconnect`\n"}}
[debug] [2026-06-29T16:58:01.709Z] E0629 23:58:01.709099    8696 watch.go:40] Failed to load config from "c:\\Users\\52114\\Downloads\\akrivis-uat-webapp-firebase\\dataconnect": could not find dataconnect.yaml in `c:\Users\52114\Downloads\akrivis-uat-webapp-firebase\dataconnect`
 {"metadata":{"emulator":{"name":"dataconnect"},"message":"E0629 23:58:01.709099    8696 watch.go:40] Failed to load config from \"c:\\\\Users\\\\52114\\\\Downloads\\\\akrivis-uat-webapp-firebase\\\\dataconnect\": could not find dataconnect.yaml in `c:\\Users\\52114\\Downloads\\akrivis-uat-webapp-firebase\\dataconnect`\n"}}
[debug] [2026-06-29T16:58:11.709Z] E0629 23:58:11.709039    8696 watch.go:40] Failed to load config from "c:\\Users\\52114\\Downloads\\akrivis-uat-webapp-firebase\\dataconnect": could not find dataconnect.yaml in `c:\Users\52114\Downloads\akrivis-uat-webapp-firebase\dataconnect`
 {"metadata":{"emulator":{"name":"dataconnect"},"message":"E0629 23:58:11.709039    8696 watch.go:40] Failed to load config from \"c:\\\\Users\\\\52114\\\\Downloads\\\\akrivis-uat-webapp-firebase\\\\dataconnect\": could not find dataconnect.yaml in `c:\\Users\\52114\\Downloads\\akrivis-uat-webapp-firebase\\dataconnect`\n"}}
[debug] [2026-06-29T16:58:21.709Z] E0629 23:58:21.708744    8696 watch.go:40] Failed to load config from "c:\\Users\\52114\\Downloads\\akrivis-uat-webapp-firebase\\dataconnect": could not find dataconnect.yaml in `c:\Users\52114\Downloads\akrivis-uat-webapp-firebase\dataconnect`
E0629 23:58:21.708744    8696 watch.go:116] watchAllDir unable to walk dir `c:\Users\52114\Downloads\akrivis-uat-webapp-firebase\dataconnect`: GetFileAttributesEx c:\Users\52114\Downloads\akrivis-uat-webapp-firebase\dataconnect: The system cannot find the file specified.
 {"metadata":{"emulator":{"name":"dataconnect"},"message":"E0629 23:58:21.708744    8696 watch.go:40] Failed to load config from \"c:\\\\Users\\\\52114\\\\Downloads\\\\akrivis-uat-webapp-firebase\\\\dataconnect\": could not find dataconnect.yaml in `c:\\Users\\52114\\Downloads\\akrivis-uat-webapp-firebase\\dataconnect`\nE0629 23:58:21.708744    8696 watch.go:116] watchAllDir unable to walk dir `c:\\Users\\52114\\Downloads\\akrivis-uat-webapp-firebase\\dataconnect`: GetFileAttributesEx c:\\Users\\52114\\Downloads\\akrivis-uat-webapp-firebase\\dataconnect: The system cannot find the file specified.\n"}}
[debug] [2026-06-29T16:58:31.709Z] E0629 23:58:31.709040    8696 watch.go:40] Failed to load config from "c:\\Users\\52114\\Downloads\\akrivis-uat-webapp-firebase\\dataconnect": could not find dataconnect.yaml in `c:\Users\52114\Downloads\akrivis-uat-webapp-firebase\dataconnect`
 {"metadata":{"emulator":{"name":"dataconnect"},"message":"E0629 23:58:31.709040    8696 watch.go:40] Failed to load config from \"c:\\\\Users\\\\52114\\\\Downloads\\\\akrivis-uat-webapp-firebase\\\\dataconnect\": could not find dataconnect.yaml in `c:\\Users\\52114\\Downloads\\akrivis-uat-webapp-firebase\\dataconnect`\n"}}
[debug] [2026-06-29T16:58:41.709Z] E0629 23:58:41.709158    8696 watch.go:40] Failed to load config from "c:\\Users\\52114\\Downloads\\akrivis-uat-webapp-firebase\\dataconnect": could not find dataconnect.yaml in `c:\Users\52114\Downloads\akrivis-uat-webapp-firebase\dataconnect`
 {"metadata":{"emulator":{"name":"dataconnect"},"message":"E0629 23:58:41.709158    8696 watch.go:40] Failed to load config from \"c:\\\\Users\\\\52114\\\\Downloads\\\\akrivis-uat-webapp-firebase\\\\dataconnect\": could not find dataconnect.yaml in `c:\\Users\\52114\\Downloads\\akrivis-uat-webapp-firebase\\dataconnect`\n"}}
[debug] [2026-06-29T16:58:51.709Z] E0629 23:58:51.709404    8696 watch.go:40] Failed to load config from "c:\\Users\\52114\\Downloads\\akrivis-uat-webapp-firebase\\dataconnect": could not find dataconnect.yaml in `c:\Users\52114\Downloads\akrivis-uat-webapp-firebase\dataconnect`
 {"metadata":{"emulator":{"name":"dataconnect"},"message":"E0629 23:58:51.709404    8696 watch.go:40] Failed to load config from \"c:\\\\Users\\\\52114\\\\Downloads\\\\akrivis-uat-webapp-firebase\\\\dataconnect\": could not find dataconnect.yaml in `c:\\Users\\52114\\Downloads\\akrivis-uat-webapp-firebase\\dataconnect`\n"}}
[debug] [2026-06-29T16:59:01.709Z] E0629 23:59:01.709177    8696 watch.go:40] Failed to load config from "c:\\Users\\52114\\Downloads\\akrivis-uat-webapp-firebase\\dataconnect": could not find dataconnect.yaml in `c:\Users\52114\Downloads\akrivis-uat-webapp-firebase\dataconnect`
 {"metadata":{"emulator":{"name":"dataconnect"},"message":"E0629 23:59:01.709177    8696 watch.go:40] Failed to load config from \"c:\\\\Users\\\\52114\\\\Downloads\\\\akrivis-uat-webapp-firebase\\\\dataconnect\": could not find dataconnect.yaml in `c:\\Users\\52114\\Downloads\\akrivis-uat-webapp-firebase\\dataconnect`\n"}}
[debug] [2026-06-29T16:59:11.709Z] E0629 23:59:11.709150    8696 watch.go:40] Failed to load config from "c:\\Users\\52114\\Downloads\\akrivis-uat-webapp-firebase\\dataconnect": could not find dataconnect.yaml in `c:\Users\52114\Downloads\akrivis-uat-webapp-firebase\dataconnect`
 {"metadata":{"emulator":{"name":"dataconnect"},"message":"E0629 23:59:11.709150    8696 watch.go:40] Failed to load config from \"c:\\\\Users\\\\52114\\\\Downloads\\\\akrivis-uat-webapp-firebase\\\\dataconnect\": could not find dataconnect.yaml in `c:\\Users\\52114\\Downloads\\akrivis-uat-webapp-firebase\\dataconnect`\n"}}
[debug] [2026-06-29T16:59:21.709Z] E0629 23:59:21.709254    8696 watch.go:116] watchAllDir unable to walk dir `c:\Users\52114\Downloads\akrivis-uat-webapp-firebase\dataconnect`: GetFileAttributesEx c:\Users\52114\Downloads\akrivis-uat-webapp-firebase\dataconnect: The system cannot find the file specified.
 {"metadata":{"emulator":{"name":"dataconnect"},"message":"E0629 23:59:21.709254    8696 watch.go:116] watchAllDir unable to walk dir `c:\\Users\\52114\\Downloads\\akrivis-uat-webapp-firebase\\dataconnect`: GetFileAttributesEx c:\\Users\\52114\\Downloads\\akrivis-uat-webapp-firebase\\dataconnect: The system cannot find the file specified.\n"}}
[debug] [2026-06-29T16:59:21.709Z] E0629 23:59:21.709254    8696 watch.go:40] Failed to load config from "c:\\Users\\52114\\Downloads\\akrivis-uat-webapp-firebase\\dataconnect": could not find dataconnect.yaml in `c:\Users\52114\Downloads\akrivis-uat-webapp-firebase\dataconnect`
 {"metadata":{"emulator":{"name":"dataconnect"},"message":"E0629 23:59:21.709254    8696 watch.go:40] Failed to load config from \"c:\\\\Users\\\\52114\\\\Downloads\\\\akrivis-uat-webapp-firebase\\\\dataconnect\": could not find dataconnect.yaml in `c:\\Users\\52114\\Downloads\\akrivis-uat-webapp-firebase\\dataconnect`\n"}}
[debug] [2026-06-29T16:59:31.709Z] E0629 23:59:31.708948    8696 watch.go:40] Failed to load config from "c:\\Users\\52114\\Downloads\\akrivis-uat-webapp-firebase\\dataconnect": could not find dataconnect.yaml in `c:\Users\52114\Downloads\akrivis-uat-webapp-firebase\dataconnect`
 {"metadata":{"emulator":{"name":"dataconnect"},"message":"E0629 23:59:31.708948    8696 watch.go:40] Failed to load config from \"c:\\\\Users\\\\52114\\\\Downloads\\\\akrivis-uat-webapp-firebase\\\\dataconnect\": could not find dataconnect.yaml in `c:\\Users\\52114\\Downloads\\akrivis-uat-webapp-firebase\\dataconnect`\n"}}
[debug] [2026-06-29T16:59:41.710Z] E0629 23:59:41.710091    8696 watch.go:40] Failed to load config from "c:\\Users\\52114\\Downloads\\akrivis-uat-webapp-firebase\\dataconnect": could not find dataconnect.yaml in `c:\Users\52114\Downloads\akrivis-uat-webapp-firebase\dataconnect`
 {"metadata":{"emulator":{"name":"dataconnect"},"message":"E0629 23:59:41.710091    8696 watch.go:40] Failed to load config from \"c:\\\\Users\\\\52114\\\\Downloads\\\\akrivis-uat-webapp-firebase\\\\dataconnect\": could not find dataconnect.yaml in `c:\\Users\\52114\\Downloads\\akrivis-uat-webapp-firebase\\dataconnect`\n"}}
[debug] [2026-06-29T16:59:51.709Z] E0629 23:59:51.709636    8696 watch.go:40] Failed to load config from "c:\\Users\\52114\\Downloads\\akrivis-uat-webapp-firebase\\dataconnect": could not find dataconnect.yaml in `c:\Users\52114\Downloads\akrivis-uat-webapp-firebase\dataconnect`
 {"metadata":{"emulator":{"name":"dataconnect"},"message":"E0629 23:59:51.709636    8696 watch.go:40] Failed to load config from \"c:\\\\Users\\\\52114\\\\Downloads\\\\akrivis-uat-webapp-firebase\\\\dataconnect\": could not find dataconnect.yaml in `c:\\Users\\52114\\Downloads\\akrivis-uat-webapp-firebase\\dataconnect`\n"}}
[debug] [2026-06-29T17:00:01.708Z] E0630 00:00:01.709056    8696 watch.go:40] Failed to load config from "c:\\Users\\52114\\Downloads\\akrivis-uat-webapp-firebase\\dataconnect": could not find dataconnect.yaml in `c:\Users\52114\Downloads\akrivis-uat-webapp-firebase\dataconnect`
 {"metadata":{"emulator":{"name":"dataconnect"},"message":"E0630 00:00:01.709056    8696 watch.go:40] Failed to load config from \"c:\\\\Users\\\\52114\\\\Downloads\\\\akrivis-uat-webapp-firebase\\\\dataconnect\": could not find dataconnect.yaml in `c:\\Users\\52114\\Downloads\\akrivis-uat-webapp-firebase\\dataconnect`\n"}}
[debug] [2026-06-29T17:00:11.709Z] E0630 00:00:11.708909    8696 watch.go:40] Failed to load config from "c:\\Users\\52114\\Downloads\\akrivis-uat-webapp-firebase\\dataconnect": could not find dataconnect.yaml in `c:\Users\52114\Downloads\akrivis-uat-webapp-firebase\dataconnect`
 {"metadata":{"emulator":{"name":"dataconnect"},"message":"E0630 00:00:11.708909    8696 watch.go:40] Failed to load config from \"c:\\\\Users\\\\52114\\\\Downloads\\\\akrivis-uat-webapp-firebase\\\\dataconnect\": could not find dataconnect.yaml in `c:\\Users\\52114\\Downloads\\akrivis-uat-webapp-firebase\\dataconnect`\n"}}
[debug] [2026-06-29T17:00:21.709Z] E0630 00:00:21.709420    8696 watch.go:116] watchAllDir unable to walk dir `c:\Users\52114\Downloads\akrivis-uat-webapp-firebase\dataconnect`: GetFileAttributesEx c:\Users\52114\Downloads\akrivis-uat-webapp-firebase\dataconnect: The system cannot find the file specified.
E0630 00:00:21.709420    8696 watch.go:40] Failed to load config from "c:\\Users\\52114\\Downloads\\akrivis-uat-webapp-firebase\\dataconnect": could not find dataconnect.yaml in `c:\Users\52114\Downloads\akrivis-uat-webapp-firebase\dataconnect`
 {"metadata":{"emulator":{"name":"dataconnect"},"message":"E0630 00:00:21.709420    8696 watch.go:116] watchAllDir unable to walk dir `c:\\Users\\52114\\Downloads\\akrivis-uat-webapp-firebase\\dataconnect`: GetFileAttributesEx c:\\Users\\52114\\Downloads\\akrivis-uat-webapp-firebase\\dataconnect: The system cannot find the file specified.\nE0630 00:00:21.709420    8696 watch.go:40] Failed to load config from \"c:\\\\Users\\\\52114\\\\Downloads\\\\akrivis-uat-webapp-firebase\\\\dataconnect\": could not find dataconnect.yaml in `c:\\Users\\52114\\Downloads\\akrivis-uat-webapp-firebase\\dataconnect`\n"}}
[debug] [2026-06-29T17:00:31.709Z] E0630 00:00:31.709690    8696 watch.go:40] Failed to load config from "c:\\Users\\52114\\Downloads\\akrivis-uat-webapp-firebase\\dataconnect": could not find dataconnect.yaml in `c:\Users\52114\Downloads\akrivis-uat-webapp-firebase\dataconnect`
 {"metadata":{"emulator":{"name":"dataconnect"},"message":"E0630 00:00:31.709690    8696 watch.go:40] Failed to load config from \"c:\\\\Users\\\\52114\\\\Downloads\\\\akrivis-uat-webapp-firebase\\\\dataconnect\": could not find dataconnect.yaml in `c:\\Users\\52114\\Downloads\\akrivis-uat-webapp-firebase\\dataconnect`\n"}}
[debug] [2026-06-29T17:00:41.709Z] E0630 00:00:41.709307    8696 watch.go:40] Failed to load config from "c:\\Users\\52114\\Downloads\\akrivis-uat-webapp-firebase\\dataconnect": could not find dataconnect.yaml in `c:\Users\52114\Downloads\akrivis-uat-webapp-firebase\dataconnect`
 {"metadata":{"emulator":{"name":"dataconnect"},"message":"E0630 00:00:41.709307    8696 watch.go:40] Failed to load config from \"c:\\\\Users\\\\52114\\\\Downloads\\\\akrivis-uat-webapp-firebase\\\\dataconnect\": could not find dataconnect.yaml in `c:\\Users\\52114\\Downloads\\akrivis-uat-webapp-firebase\\dataconnect`\n"}}
[debug] [2026-06-29T17:00:51.709Z] E0630 00:00:51.709624    8696 watch.go:40] Failed to load config from "c:\\Users\\52114\\Downloads\\akrivis-uat-webapp-firebase\\dataconnect": could not find dataconnect.yaml in `c:\Users\52114\Downloads\akrivis-uat-webapp-firebase\dataconnect`
 {"metadata":{"emulator":{"name":"dataconnect"},"message":"E0630 00:00:51.709624    8696 watch.go:40] Failed to load config from \"c:\\\\Users\\\\52114\\\\Downloads\\\\akrivis-uat-webapp-firebase\\\\dataconnect\": could not find dataconnect.yaml in `c:\\Users\\52114\\Downloads\\akrivis-uat-webapp-firebase\\dataconnect`\n"}}
[debug] [2026-06-29T17:01:01.709Z] E0630 00:01:01.709725    8696 watch.go:40] Failed to load config from "c:\\Users\\52114\\Downloads\\akrivis-uat-webapp-firebase\\dataconnect": could not find dataconnect.yaml in `c:\Users\52114\Downloads\akrivis-uat-webapp-firebase\dataconnect`
 {"metadata":{"emulator":{"name":"dataconnect"},"message":"E0630 00:01:01.709725    8696 watch.go:40] Failed to load config from \"c:\\\\Users\\\\52114\\\\Downloads\\\\akrivis-uat-webapp-firebase\\\\dataconnect\": could not find dataconnect.yaml in `c:\\Users\\52114\\Downloads\\akrivis-uat-webapp-firebase\\dataconnect`\n"}}
[debug] [2026-06-29T17:01:11.709Z] E0630 00:01:11.710010    8696 watch.go:40] Failed to load config from "c:\\Users\\52114\\Downloads\\akrivis-uat-webapp-firebase\\dataconnect": could not find dataconnect.yaml in `c:\Users\52114\Downloads\akrivis-uat-webapp-firebase\dataconnect`
 {"metadata":{"emulator":{"name":"dataconnect"},"message":"E0630 00:01:11.710010    8696 watch.go:40] Failed to load config from \"c:\\\\Users\\\\52114\\\\Downloads\\\\akrivis-uat-webapp-firebase\\\\dataconnect\": could not find dataconnect.yaml in `c:\\Users\\52114\\Downloads\\akrivis-uat-webapp-firebase\\dataconnect`\n"}}
[debug] [2026-06-29T17:01:21.708Z] E0630 00:01:21.708986    8696 watch.go:116] watchAllDir unable to walk dir `c:\Users\52114\Downloads\akrivis-uat-webapp-firebase\dataconnect`: GetFileAttributesEx c:\Users\52114\Downloads\akrivis-uat-webapp-firebase\dataconnect: The system cannot find the file specified.
 {"metadata":{"emulator":{"name":"dataconnect"},"message":"E0630 00:01:21.708986    8696 watch.go:116] watchAllDir unable to walk dir `c:\\Users\\52114\\Downloads\\akrivis-uat-webapp-firebase\\dataconnect`: GetFileAttributesEx c:\\Users\\52114\\Downloads\\akrivis-uat-webapp-firebase\\dataconnect: The system cannot find the file specified.\n"}}
[debug] [2026-06-29T17:01:21.709Z] E0630 00:01:21.708986    8696 watch.go:40] Failed to load config from "c:\\Users\\52114\\Downloads\\akrivis-uat-webapp-firebase\\dataconnect": could not find dataconnect.yaml in `c:\Users\52114\Downloads\akrivis-uat-webapp-firebase\dataconnect`
 {"metadata":{"emulator":{"name":"dataconnect"},"message":"E0630 00:01:21.708986    8696 watch.go:40] Failed to load config from \"c:\\\\Users\\\\52114\\\\Downloads\\\\akrivis-uat-webapp-firebase\\\\dataconnect\": could not find dataconnect.yaml in `c:\\Users\\52114\\Downloads\\akrivis-uat-webapp-firebase\\dataconnect`\n"}}
[debug] [2026-06-29T17:01:31.708Z] E0630 00:01:31.708977    8696 watch.go:40] Failed to load config from "c:\\Users\\52114\\Downloads\\akrivis-uat-webapp-firebase\\dataconnect": could not find dataconnect.yaml in `c:\Users\52114\Downloads\akrivis-uat-webapp-firebase\dataconnect`
 {"metadata":{"emulator":{"name":"dataconnect"},"message":"E0630 00:01:31.708977    8696 watch.go:40] Failed to load config from \"c:\\\\Users\\\\52114\\\\Downloads\\\\akrivis-uat-webapp-firebase\\\\dataconnect\": could not find dataconnect.yaml in `c:\\Users\\52114\\Downloads\\akrivis-uat-webapp-firebase\\dataconnect`\n"}}
[debug] [2026-06-29T17:01:41.708Z] E0630 00:01:41.708978    8696 watch.go:40] Failed to load config from "c:\\Users\\52114\\Downloads\\akrivis-uat-webapp-firebase\\dataconnect": could not find dataconnect.yaml in `c:\Users\52114\Downloads\akrivis-uat-webapp-firebase\dataconnect`
 {"metadata":{"emulator":{"name":"dataconnect"},"message":"E0630 00:01:41.708978    8696 watch.go:40] Failed to load config from \"c:\\\\Users\\\\52114\\\\Downloads\\\\akrivis-uat-webapp-firebase\\\\dataconnect\": could not find dataconnect.yaml in `c:\\Users\\52114\\Downloads\\akrivis-uat-webapp-firebase\\dataconnect`\n"}}
[debug] [2026-06-29T17:01:51.708Z] E0630 00:01:51.708916    8696 watch.go:40] Failed to load config from "c:\\Users\\52114\\Downloads\\akrivis-uat-webapp-firebase\\dataconnect": could not find dataconnect.yaml in `c:\Users\52114\Downloads\akrivis-uat-webapp-firebase\dataconnect`
 {"metadata":{"emulator":{"name":"dataconnect"},"message":"E0630 00:01:51.708916    8696 watch.go:40] Failed to load config from \"c:\\\\Users\\\\52114\\\\Downloads\\\\akrivis-uat-webapp-firebase\\\\dataconnect\": could not find dataconnect.yaml in `c:\\Users\\52114\\Downloads\\akrivis-uat-webapp-firebase\\dataconnect`\n"}}
[debug] [2026-06-29T17:02:01.708Z] E0630 00:02:01.709353    8696 watch.go:40] Failed to load config from "c:\\Users\\52114\\Downloads\\akrivis-uat-webapp-firebase\\dataconnect": could not find dataconnect.yaml in `c:\Users\52114\Downloads\akrivis-uat-webapp-firebase\dataconnect`
 {"metadata":{"emulator":{"name":"dataconnect"},"message":"E0630 00:02:01.709353    8696 watch.go:40] Failed to load config from \"c:\\\\Users\\\\52114\\\\Downloads\\\\akrivis-uat-webapp-firebase\\\\dataconnect\": could not find dataconnect.yaml in `c:\\Users\\52114\\Downloads\\akrivis-uat-webapp-firebase\\dataconnect`\n"}}
[debug] [2026-06-29T17:02:11.708Z] E0630 00:02:11.709357    8696 watch.go:40] Failed to load config from "c:\\Users\\52114\\Downloads\\akrivis-uat-webapp-firebase\\dataconnect": could not find dataconnect.yaml in `c:\Users\52114\Downloads\akrivis-uat-webapp-firebase\dataconnect`
 {"metadata":{"emulator":{"name":"dataconnect"},"message":"E0630 00:02:11.709357    8696 watch.go:40] Failed to load config from \"c:\\\\Users\\\\52114\\\\Downloads\\\\akrivis-uat-webapp-firebase\\\\dataconnect\": could not find dataconnect.yaml in `c:\\Users\\52114\\Downloads\\akrivis-uat-webapp-firebase\\dataconnect`\n"}}
[debug] [2026-06-29T17:02:21.708Z] E0630 00:02:21.709168    8696 watch.go:116] watchAllDir unable to walk dir `c:\Users\52114\Downloads\akrivis-uat-webapp-firebase\dataconnect`: GetFileAttributesEx c:\Users\52114\Downloads\akrivis-uat-webapp-firebase\dataconnect: The system cannot find the file specified.
E0630 00:02:21.709168    8696 watch.go:40] Failed to load config from "c:\\Users\\52114\\Downloads\\akrivis-uat-webapp-firebase\\dataconnect": could not find dataconnect.yaml in `c:\Users\52114\Downloads\akrivis-uat-webapp-firebase\dataconnect`
 {"metadata":{"emulator":{"name":"dataconnect"},"message":"E0630 00:02:21.709168    8696 watch.go:116] watchAllDir unable to walk dir `c:\\Users\\52114\\Downloads\\akrivis-uat-webapp-firebase\\dataconnect`: GetFileAttributesEx c:\\Users\\52114\\Downloads\\akrivis-uat-webapp-firebase\\dataconnect: The system cannot find the file specified.\nE0630 00:02:21.709168    8696 watch.go:40] Failed to load config from \"c:\\\\Users\\\\52114\\\\Downloads\\\\akrivis-uat-webapp-firebase\\\\dataconnect\": could not find dataconnect.yaml in `c:\\Users\\52114\\Downloads\\akrivis-uat-webapp-firebase\\dataconnect`\n"}}
[debug] [2026-06-29T17:02:31.708Z] E0630 00:02:31.708881    8696 watch.go:40] Failed to load config from "c:\\Users\\52114\\Downloads\\akrivis-uat-webapp-firebase\\dataconnect": could not find dataconnect.yaml in `c:\Users\52114\Downloads\akrivis-uat-webapp-firebase\dataconnect`
 {"metadata":{"emulator":{"name":"dataconnect"},"message":"E0630 00:02:31.708881    8696 watch.go:40] Failed to load config from \"c:\\\\Users\\\\52114\\\\Downloads\\\\akrivis-uat-webapp-firebase\\\\dataconnect\": could not find dataconnect.yaml in `c:\\Users\\52114\\Downloads\\akrivis-uat-webapp-firebase\\dataconnect`\n"}}
[debug] [2026-06-29T17:02:41.708Z] E0630 00:02:41.709004    8696 watch.go:40] Failed to load config from "c:\\Users\\52114\\Downloads\\akrivis-uat-webapp-firebase\\dataconnect": could not find dataconnect.yaml in `c:\Users\52114\Downloads\akrivis-uat-webapp-firebase\dataconnect`
 {"metadata":{"emulator":{"name":"dataconnect"},"message":"E0630 00:02:41.709004    8696 watch.go:40] Failed to load config from \"c:\\\\Users\\\\52114\\\\Downloads\\\\akrivis-uat-webapp-firebase\\\\dataconnect\": could not find dataconnect.yaml in `c:\\Users\\52114\\Downloads\\akrivis-uat-webapp-firebase\\dataconnect`\n"}}
[debug] [2026-06-29T17:02:51.709Z] E0630 00:02:51.709321    8696 watch.go:40] Failed to load config from "c:\\Users\\52114\\Downloads\\akrivis-uat-webapp-firebase\\dataconnect": could not find dataconnect.yaml in `c:\Users\52114\Downloads\akrivis-uat-webapp-firebase\dataconnect`
 {"metadata":{"emulator":{"name":"dataconnect"},"message":"E0630 00:02:51.709321    8696 watch.go:40] Failed to load config from \"c:\\\\Users\\\\52114\\\\Downloads\\\\akrivis-uat-webapp-firebase\\\\dataconnect\": could not find dataconnect.yaml in `c:\\Users\\52114\\Downloads\\akrivis-uat-webapp-firebase\\dataconnect`\n"}}
[debug] [2026-06-29T17:03:01.709Z] E0630 00:03:01.709716    8696 watch.go:40] Failed to load config from "c:\\Users\\52114\\Downloads\\akrivis-uat-webapp-firebase\\dataconnect": could not find dataconnect.yaml in `c:\Users\52114\Downloads\akrivis-uat-webapp-firebase\dataconnect`
 {"metadata":{"emulator":{"name":"dataconnect"},"message":"E0630 00:03:01.709716    8696 watch.go:40] Failed to load config from \"c:\\\\Users\\\\52114\\\\Downloads\\\\akrivis-uat-webapp-firebase\\\\dataconnect\": could not find dataconnect.yaml in `c:\\Users\\52114\\Downloads\\akrivis-uat-webapp-firebase\\dataconnect`\n"}}
[debug] [2026-06-29T17:03:11.709Z] E0630 00:03:11.709436    8696 watch.go:40] Failed to load config from "c:\\Users\\52114\\Downloads\\akrivis-uat-webapp-firebase\\dataconnect": could not find dataconnect.yaml in `c:\Users\52114\Downloads\akrivis-uat-webapp-firebase\dataconnect`
 {"metadata":{"emulator":{"name":"dataconnect"},"message":"E0630 00:03:11.709436    8696 watch.go:40] Failed to load config from \"c:\\\\Users\\\\52114\\\\Downloads\\\\akrivis-uat-webapp-firebase\\\\dataconnect\": could not find dataconnect.yaml in `c:\\Users\\52114\\Downloads\\akrivis-uat-webapp-firebase\\dataconnect`\n"}}
[debug] [2026-06-29T17:03:21.709Z] E0630 00:03:21.709192    8696 watch.go:116] watchAllDir unable to walk dir `c:\Users\52114\Downloads\akrivis-uat-webapp-firebase\dataconnect`: GetFileAttributesEx c:\Users\52114\Downloads\akrivis-uat-webapp-firebase\dataconnect: The system cannot find the file specified.
E0630 00:03:21.709192    8696 watch.go:40] Failed to load config from "c:\\Users\\52114\\Downloads\\akrivis-uat-webapp-firebase\\dataconnect": could not find dataconnect.yaml in `c:\Users\52114\Downloads\akrivis-uat-webapp-firebase\dataconnect`
 {"metadata":{"emulator":{"name":"dataconnect"},"message":"E0630 00:03:21.709192    8696 watch.go:116] watchAllDir unable to walk dir `c:\\Users\\52114\\Downloads\\akrivis-uat-webapp-firebase\\dataconnect`: GetFileAttributesEx c:\\Users\\52114\\Downloads\\akrivis-uat-webapp-firebase\\dataconnect: The system cannot find the file specified.\nE0630 00:03:21.709192    8696 watch.go:40] Failed to load config from \"c:\\\\Users\\\\52114\\\\Downloads\\\\akrivis-uat-webapp-firebase\\\\dataconnect\": could not find dataconnect.yaml in `c:\\Users\\52114\\Downloads\\akrivis-uat-webapp-firebase\\dataconnect`\n"}}
[debug] [2026-06-29T17:03:31.709Z] E0630 00:03:31.709049    8696 watch.go:40] Failed to load config from "c:\\Users\\52114\\Downloads\\akrivis-uat-webapp-firebase\\dataconnect": could not find dataconnect.yaml in `c:\Users\52114\Downloads\akrivis-uat-webapp-firebase\dataconnect`
 {"metadata":{"emulator":{"name":"dataconnect"},"message":"E0630 00:03:31.709049    8696 watch.go:40] Failed to load config from \"c:\\\\Users\\\\52114\\\\Downloads\\\\akrivis-uat-webapp-firebase\\\\dataconnect\": could not find dataconnect.yaml in `c:\\Users\\52114\\Downloads\\akrivis-uat-webapp-firebase\\dataconnect`\n"}}
[debug] [2026-06-29T17:03:41.709Z] E0630 00:03:41.709081    8696 watch.go:40] Failed to load config from "c:\\Users\\52114\\Downloads\\akrivis-uat-webapp-firebase\\dataconnect": could not find dataconnect.yaml in `c:\Users\52114\Downloads\akrivis-uat-webapp-firebase\dataconnect`
 {"metadata":{"emulator":{"name":"dataconnect"},"message":"E0630 00:03:41.709081    8696 watch.go:40] Failed to load config from \"c:\\\\Users\\\\52114\\\\Downloads\\\\akrivis-uat-webapp-firebase\\\\dataconnect\": could not find dataconnect.yaml in `c:\\Users\\52114\\Downloads\\akrivis-uat-webapp-firebase\\dataconnect`\n"}}
[debug] [2026-06-29T17:03:51.709Z] E0630 00:03:51.709415    8696 watch.go:40] Failed to load config from "c:\\Users\\52114\\Downloads\\akrivis-uat-webapp-firebase\\dataconnect": could not find dataconnect.yaml in `c:\Users\52114\Downloads\akrivis-uat-webapp-firebase\dataconnect`
 {"metadata":{"emulator":{"name":"dataconnect"},"message":"E0630 00:03:51.709415    8696 watch.go:40] Failed to load config from \"c:\\\\Users\\\\52114\\\\Downloads\\\\akrivis-uat-webapp-firebase\\\\dataconnect\": could not find dataconnect.yaml in `c:\\Users\\52114\\Downloads\\akrivis-uat-webapp-firebase\\dataconnect`\n"}}
[debug] [2026-06-29T17:04:01.711Z] E0630 00:04:01.708982    8696 watch.go:40] Failed to load config from "c:\\Users\\52114\\Downloads\\akrivis-uat-webapp-firebase\\dataconnect": could not find dataconnect.yaml in `c:\Users\52114\Downloads\akrivis-uat-webapp-firebase\dataconnect`
 {"metadata":{"emulator":{"name":"dataconnect"},"message":"E0630 00:04:01.708982    8696 watch.go:40] Failed to load config from \"c:\\\\Users\\\\52114\\\\Downloads\\\\akrivis-uat-webapp-firebase\\\\dataconnect\": could not find dataconnect.yaml in `c:\\Users\\52114\\Downloads\\akrivis-uat-webapp-firebase\\dataconnect`\n"}}
[debug] [2026-06-29T17:04:11.710Z] E0630 00:04:11.709935    8696 watch.go:40] Failed to load config from "c:\\Users\\52114\\Downloads\\akrivis-uat-webapp-firebase\\dataconnect": could not find dataconnect.yaml in `c:\Users\52114\Downloads\akrivis-uat-webapp-firebase\dataconnect`
 {"metadata":{"emulator":{"name":"dataconnect"},"message":"E0630 00:04:11.709935    8696 watch.go:40] Failed to load config from \"c:\\\\Users\\\\52114\\\\Downloads\\\\akrivis-uat-webapp-firebase\\\\dataconnect\": could not find dataconnect.yaml in `c:\\Users\\52114\\Downloads\\akrivis-uat-webapp-firebase\\dataconnect`\n"}}
[debug] [2026-06-29T17:04:21.709Z] E0630 00:04:21.709236    8696 watch.go:116] watchAllDir unable to walk dir `c:\Users\52114\Downloads\akrivis-uat-webapp-firebase\dataconnect`: GetFileAttributesEx c:\Users\52114\Downloads\akrivis-uat-webapp-firebase\dataconnect: The system cannot find the file specified.
 {"metadata":{"emulator":{"name":"dataconnect"},"message":"E0630 00:04:21.709236    8696 watch.go:116] watchAllDir unable to walk dir `c:\\Users\\52114\\Downloads\\akrivis-uat-webapp-firebase\\dataconnect`: GetFileAttributesEx c:\\Users\\52114\\Downloads\\akrivis-uat-webapp-firebase\\dataconnect: The system cannot find the file specified.\n"}}
[debug] [2026-06-29T17:04:21.710Z] E0630 00:04:21.709718    8696 watch.go:40] Failed to load config from "c:\\Users\\52114\\Downloads\\akrivis-uat-webapp-firebase\\dataconnect": could not find dataconnect.yaml in `c:\Users\52114\Downloads\akrivis-uat-webapp-firebase\dataconnect`
 {"metadata":{"emulator":{"name":"dataconnect"},"message":"E0630 00:04:21.709718    8696 watch.go:40] Failed to load config from \"c:\\\\Users\\\\52114\\\\Downloads\\\\akrivis-uat-webapp-firebase\\\\dataconnect\": could not find dataconnect.yaml in `c:\\Users\\52114\\Downloads\\akrivis-uat-webapp-firebase\\dataconnect`\n"}}
[debug] [2026-06-29T17:04:31.709Z] E0630 00:04:31.709472    8696 watch.go:40] Failed to load config from "c:\\Users\\52114\\Downloads\\akrivis-uat-webapp-firebase\\dataconnect": could not find dataconnect.yaml in `c:\Users\52114\Downloads\akrivis-uat-webapp-firebase\dataconnect`
 {"metadata":{"emulator":{"name":"dataconnect"},"message":"E0630 00:04:31.709472    8696 watch.go:40] Failed to load config from \"c:\\\\Users\\\\52114\\\\Downloads\\\\akrivis-uat-webapp-firebase\\\\dataconnect\": could not find dataconnect.yaml in `c:\\Users\\52114\\Downloads\\akrivis-uat-webapp-firebase\\dataconnect`\n"}}
[debug] [2026-06-29T17:04:41.709Z] E0630 00:04:41.709378    8696 watch.go:40] Failed to load config from "c:\\Users\\52114\\Downloads\\akrivis-uat-webapp-firebase\\dataconnect": could not find dataconnect.yaml in `c:\Users\52114\Downloads\akrivis-uat-webapp-firebase\dataconnect`
 {"metadata":{"emulator":{"name":"dataconnect"},"message":"E0630 00:04:41.709378    8696 watch.go:40] Failed to load config from \"c:\\\\Users\\\\52114\\\\Downloads\\\\akrivis-uat-webapp-firebase\\\\dataconnect\": could not find dataconnect.yaml in `c:\\Users\\52114\\Downloads\\akrivis-uat-webapp-firebase\\dataconnect`\n"}}
[debug] [2026-06-29T17:04:51.709Z] E0630 00:04:51.709457    8696 watch.go:40] Failed to load config from "c:\\Users\\52114\\Downloads\\akrivis-uat-webapp-firebase\\dataconnect": could not find dataconnect.yaml in `c:\Users\52114\Downloads\akrivis-uat-webapp-firebase\dataconnect`
 {"metadata":{"emulator":{"name":"dataconnect"},"message":"E0630 00:04:51.709457    8696 watch.go:40] Failed to load config from \"c:\\\\Users\\\\52114\\\\Downloads\\\\akrivis-uat-webapp-firebase\\\\dataconnect\": could not find dataconnect.yaml in `c:\\Users\\52114\\Downloads\\akrivis-uat-webapp-firebase\\dataconnect`\n"}}
[debug] [2026-06-29T17:05:01.709Z] E0630 00:05:01.709147    8696 watch.go:40] Failed to load config from "c:\\Users\\52114\\Downloads\\akrivis-uat-webapp-firebase\\dataconnect": could not find dataconnect.yaml in `c:\Users\52114\Downloads\akrivis-uat-webapp-firebase\dataconnect`
 {"metadata":{"emulator":{"name":"dataconnect"},"message":"E0630 00:05:01.709147    8696 watch.go:40] Failed to load config from \"c:\\\\Users\\\\52114\\\\Downloads\\\\akrivis-uat-webapp-firebase\\\\dataconnect\": could not find dataconnect.yaml in `c:\\Users\\52114\\Downloads\\akrivis-uat-webapp-firebase\\dataconnect`\n"}}
[debug] [2026-06-29T17:05:11.710Z] E0630 00:05:11.710328    8696 watch.go:40] Failed to load config from "c:\\Users\\52114\\Downloads\\akrivis-uat-webapp-firebase\\dataconnect": could not find dataconnect.yaml in `c:\Users\52114\Downloads\akrivis-uat-webapp-firebase\dataconnect`
 {"metadata":{"emulator":{"name":"dataconnect"},"message":"E0630 00:05:11.710328    8696 watch.go:40] Failed to load config from \"c:\\\\Users\\\\52114\\\\Downloads\\\\akrivis-uat-webapp-firebase\\\\dataconnect\": could not find dataconnect.yaml in `c:\\Users\\52114\\Downloads\\akrivis-uat-webapp-firebase\\dataconnect`\n"}}
[debug] [2026-06-29T17:05:21.709Z] E0630 00:05:21.709484    8696 watch.go:116] watchAllDir unable to walk dir `c:\Users\52114\Downloads\akrivis-uat-webapp-firebase\dataconnect`: GetFileAttributesEx c:\Users\52114\Downloads\akrivis-uat-webapp-firebase\dataconnect: The system cannot find the file specified.
E0630 00:05:21.709484    8696 watch.go:40] Failed to load config from "c:\\Users\\52114\\Downloads\\akrivis-uat-webapp-firebase\\dataconnect": could not find dataconnect.yaml in `c:\Users\52114\Downloads\akrivis-uat-webapp-firebase\dataconnect`
 {"metadata":{"emulator":{"name":"dataconnect"},"message":"E0630 00:05:21.709484    8696 watch.go:116] watchAllDir unable to walk dir `c:\\Users\\52114\\Downloads\\akrivis-uat-webapp-firebase\\dataconnect`: GetFileAttributesEx c:\\Users\\52114\\Downloads\\akrivis-uat-webapp-firebase\\dataconnect: The system cannot find the file specified.\nE0630 00:05:21.709484    8696 watch.go:40] Failed to load config from \"c:\\\\Users\\\\52114\\\\Downloads\\\\akrivis-uat-webapp-firebase\\\\dataconnect\": could not find dataconnect.yaml in `c:\\Users\\52114\\Downloads\\akrivis-uat-webapp-firebase\\dataconnect`\n"}}
[debug] [2026-06-29T17:05:31.709Z] E0630 00:05:31.709022    8696 watch.go:40] Failed to load config from "c:\\Users\\52114\\Downloads\\akrivis-uat-webapp-firebase\\dataconnect": could not find dataconnect.yaml in `c:\Users\52114\Downloads\akrivis-uat-webapp-firebase\dataconnect`
 {"metadata":{"emulator":{"name":"dataconnect"},"message":"E0630 00:05:31.709022    8696 watch.go:40] Failed to load config from \"c:\\\\Users\\\\52114\\\\Downloads\\\\akrivis-uat-webapp-firebase\\\\dataconnect\": could not find dataconnect.yaml in `c:\\Users\\52114\\Downloads\\akrivis-uat-webapp-firebase\\dataconnect`\n"}}
[debug] [2026-06-29T17:05:41.709Z] E0630 00:05:41.708950    8696 watch.go:40] Failed to load config from "c:\\Users\\52114\\Downloads\\akrivis-uat-webapp-firebase\\dataconnect": could not find dataconnect.yaml in `c:\Users\52114\Downloads\akrivis-uat-webapp-firebase\dataconnect`
 {"metadata":{"emulator":{"name":"dataconnect"},"message":"E0630 00:05:41.708950    8696 watch.go:40] Failed to load config from \"c:\\\\Users\\\\52114\\\\Downloads\\\\akrivis-uat-webapp-firebase\\\\dataconnect\": could not find dataconnect.yaml in `c:\\Users\\52114\\Downloads\\akrivis-uat-webapp-firebase\\dataconnect`\n"}}
[debug] [2026-06-29T17:05:51.709Z] E0630 00:05:51.709338    8696 watch.go:40] Failed to load config from "c:\\Users\\52114\\Downloads\\akrivis-uat-webapp-firebase\\dataconnect": could not find dataconnect.yaml in `c:\Users\52114\Downloads\akrivis-uat-webapp-firebase\dataconnect`
 {"metadata":{"emulator":{"name":"dataconnect"},"message":"E0630 00:05:51.709338    8696 watch.go:40] Failed to load config from \"c:\\\\Users\\\\52114\\\\Downloads\\\\akrivis-uat-webapp-firebase\\\\dataconnect\": could not find dataconnect.yaml in `c:\\Users\\52114\\Downloads\\akrivis-uat-webapp-firebase\\dataconnect`\n"}}
[debug] [2026-06-29T17:06:01.709Z] E0630 00:06:01.708962    8696 watch.go:40] Failed to load config from "c:\\Users\\52114\\Downloads\\akrivis-uat-webapp-firebase\\dataconnect": could not find dataconnect.yaml in `c:\Users\52114\Downloads\akrivis-uat-webapp-firebase\dataconnect`
 {"metadata":{"emulator":{"name":"dataconnect"},"message":"E0630 00:06:01.708962    8696 watch.go:40] Failed to load config from \"c:\\\\Users\\\\52114\\\\Downloads\\\\akrivis-uat-webapp-firebase\\\\dataconnect\": could not find dataconnect.yaml in `c:\\Users\\52114\\Downloads\\akrivis-uat-webapp-firebase\\dataconnect`\n"}}
[debug] [2026-06-29T17:06:11.709Z] E0630 00:06:11.709248    8696 watch.go:40] Failed to load config from "c:\\Users\\52114\\Downloads\\akrivis-uat-webapp-firebase\\dataconnect": could not find dataconnect.yaml in `c:\Users\52114\Downloads\akrivis-uat-webapp-firebase\dataconnect`
 {"metadata":{"emulator":{"name":"dataconnect"},"message":"E0630 00:06:11.709248    8696 watch.go:40] Failed to load config from \"c:\\\\Users\\\\52114\\\\Downloads\\\\akrivis-uat-webapp-firebase\\\\dataconnect\": could not find dataconnect.yaml in `c:\\Users\\52114\\Downloads\\akrivis-uat-webapp-firebase\\dataconnect`\n"}}
[debug] [2026-06-29T17:06:21.709Z] E0630 00:06:21.709043    8696 watch.go:116] watchAllDir unable to walk dir `c:\Users\52114\Downloads\akrivis-uat-webapp-firebase\dataconnect`: GetFileAttributesEx c:\Users\52114\Downloads\akrivis-uat-webapp-firebase\dataconnect: The system cannot find the file specified.
 {"metadata":{"emulator":{"name":"dataconnect"},"message":"E0630 00:06:21.709043    8696 watch.go:116] watchAllDir unable to walk dir `c:\\Users\\52114\\Downloads\\akrivis-uat-webapp-firebase\\dataconnect`: GetFileAttributesEx c:\\Users\\52114\\Downloads\\akrivis-uat-webapp-firebase\\dataconnect: The system cannot find the file specified.\n"}}
[debug] [2026-06-29T17:06:21.709Z] E0630 00:06:21.709043    8696 watch.go:40] Failed to load config from "c:\\Users\\52114\\Downloads\\akrivis-uat-webapp-firebase\\dataconnect": could not find dataconnect.yaml in `c:\Users\52114\Downloads\akrivis-uat-webapp-firebase\dataconnect`
 {"metadata":{"emulator":{"name":"dataconnect"},"message":"E0630 00:06:21.709043    8696 watch.go:40] Failed to load config from \"c:\\\\Users\\\\52114\\\\Downloads\\\\akrivis-uat-webapp-firebase\\\\dataconnect\": could not find dataconnect.yaml in `c:\\Users\\52114\\Downloads\\akrivis-uat-webapp-firebase\\dataconnect`\n"}}
[debug] [2026-06-29T17:06:31.722Z] E0630 00:06:31.722596    8696 watch.go:40] Failed to load config from "c:\\Users\\52114\\Downloads\\akrivis-uat-webapp-firebase\\dataconnect": could not find dataconnect.yaml in `c:\Users\52114\Downloads\akrivis-uat-webapp-firebase\dataconnect`
 {"metadata":{"emulator":{"name":"dataconnect"},"message":"E0630 00:06:31.722596    8696 watch.go:40] Failed to load config from \"c:\\\\Users\\\\52114\\\\Downloads\\\\akrivis-uat-webapp-firebase\\\\dataconnect\": could not find dataconnect.yaml in `c:\\Users\\52114\\Downloads\\akrivis-uat-webapp-firebase\\dataconnect`\n"}}
[debug] [2026-06-29T17:06:41.710Z] E0630 00:06:41.709258    8696 watch.go:40] Failed to load config from "c:\\Users\\52114\\Downloads\\akrivis-uat-webapp-firebase\\dataconnect": could not find dataconnect.yaml in `c:\Users\52114\Downloads\akrivis-uat-webapp-firebase\dataconnect`
 {"metadata":{"emulator":{"name":"dataconnect"},"message":"E0630 00:06:41.709258    8696 watch.go:40] Failed to load config from \"c:\\\\Users\\\\52114\\\\Downloads\\\\akrivis-uat-webapp-firebase\\\\dataconnect\": could not find dataconnect.yaml in `c:\\Users\\52114\\Downloads\\akrivis-uat-webapp-firebase\\dataconnect`\n"}}
[debug] [2026-06-29T17:06:51.910Z] E0630 00:06:51.709863    8696 watch.go:40] Failed to load config from "c:\\Users\\52114\\Downloads\\akrivis-uat-webapp-firebase\\dataconnect": could not find dataconnect.yaml in `c:\Users\52114\Downloads\akrivis-uat-webapp-firebase\dataconnect`
 {"metadata":{"emulator":{"name":"dataconnect"},"message":"E0630 00:06:51.709863    8696 watch.go:40] Failed to load config from \"c:\\\\Users\\\\52114\\\\Downloads\\\\akrivis-uat-webapp-firebase\\\\dataconnect\": could not find dataconnect.yaml in `c:\\Users\\52114\\Downloads\\akrivis-uat-webapp-firebase\\dataconnect`\n"}}
[debug] [2026-06-29T17:07:01.709Z] E0630 00:07:01.709119    8696 watch.go:40] Failed to load config from "c:\\Users\\52114\\Downloads\\akrivis-uat-webapp-firebase\\dataconnect": could not find dataconnect.yaml in `c:\Users\52114\Downloads\akrivis-uat-webapp-firebase\dataconnect`
 {"metadata":{"emulator":{"name":"dataconnect"},"message":"E0630 00:07:01.709119    8696 watch.go:40] Failed to load config from \"c:\\\\Users\\\\52114\\\\Downloads\\\\akrivis-uat-webapp-firebase\\\\dataconnect\": could not find dataconnect.yaml in `c:\\Users\\52114\\Downloads\\akrivis-uat-webapp-firebase\\dataconnect`\n"}}
[debug] [2026-06-29T17:07:11.709Z] E0630 00:07:11.709229    8696 watch.go:40] Failed to load config from "c:\\Users\\52114\\Downloads\\akrivis-uat-webapp-firebase\\dataconnect": could not find dataconnect.yaml in `c:\Users\52114\Downloads\akrivis-uat-webapp-firebase\dataconnect`
 {"metadata":{"emulator":{"name":"dataconnect"},"message":"E0630 00:07:11.709229    8696 watch.go:40] Failed to load config from \"c:\\\\Users\\\\52114\\\\Downloads\\\\akrivis-uat-webapp-firebase\\\\dataconnect\": could not find dataconnect.yaml in `c:\\Users\\52114\\Downloads\\akrivis-uat-webapp-firebase\\dataconnect`\n"}}
[debug] [2026-06-29T17:07:21.709Z] E0630 00:07:21.709713    8696 watch.go:116] watchAllDir unable to walk dir `c:\Users\52114\Downloads\akrivis-uat-webapp-firebase\dataconnect`: GetFileAttributesEx c:\Users\52114\Downloads\akrivis-uat-webapp-firebase\dataconnect: The system cannot find the file specified.
E0630 00:07:21.709849    8696 watch.go:40] Failed to load config from "c:\\Users\\52114\\Downloads\\akrivis-uat-webapp-firebase\\dataconnect": could not find dataconnect.yaml in `c:\Users\52114\Downloads\akrivis-uat-webapp-firebase\dataconnect`
 {"metadata":{"emulator":{"name":"dataconnect"},"message":"E0630 00:07:21.709713    8696 watch.go:116] watchAllDir unable to walk dir `c:\\Users\\52114\\Downloads\\akrivis-uat-webapp-firebase\\dataconnect`: GetFileAttributesEx c:\\Users\\52114\\Downloads\\akrivis-uat-webapp-firebase\\dataconnect: The system cannot find the file specified.\nE0630 00:07:21.709849    8696 watch.go:40] Failed to load config from \"c:\\\\Users\\\\52114\\\\Downloads\\\\akrivis-uat-webapp-firebase\\\\dataconnect\": could not find dataconnect.yaml in `c:\\Users\\52114\\Downloads\\akrivis-uat-webapp-firebase\\dataconnect`\n"}}
[debug] [2026-06-29T17:07:31.709Z] E0630 00:07:31.709326    8696 watch.go:40] Failed to load config from "c:\\Users\\52114\\Downloads\\akrivis-uat-webapp-firebase\\dataconnect": could not find dataconnect.yaml in `c:\Users\52114\Downloads\akrivis-uat-webapp-firebase\dataconnect`
 {"metadata":{"emulator":{"name":"dataconnect"},"message":"E0630 00:07:31.709326    8696 watch.go:40] Failed to load config from \"c:\\\\Users\\\\52114\\\\Downloads\\\\akrivis-uat-webapp-firebase\\\\dataconnect\": could not find dataconnect.yaml in `c:\\Users\\52114\\Downloads\\akrivis-uat-webapp-firebase\\dataconnect`\n"}}
[debug] [2026-06-29T17:07:41.709Z] E0630 00:07:41.709233    8696 watch.go:40] Failed to load config from "c:\\Users\\52114\\Downloads\\akrivis-uat-webapp-firebase\\dataconnect": could not find dataconnect.yaml in `c:\Users\52114\Downloads\akrivis-uat-webapp-firebase\dataconnect`
 {"metadata":{"emulator":{"name":"dataconnect"},"message":"E0630 00:07:41.709233    8696 watch.go:40] Failed to load config from \"c:\\\\Users\\\\52114\\\\Downloads\\\\akrivis-uat-webapp-firebase\\\\dataconnect\": could not find dataconnect.yaml in `c:\\Users\\52114\\Downloads\\akrivis-uat-webapp-firebase\\dataconnect`\n"}}
[debug] [2026-06-29T17:07:51.709Z] E0630 00:07:51.709391    8696 watch.go:40] Failed to load config from "c:\\Users\\52114\\Downloads\\akrivis-uat-webapp-firebase\\dataconnect": could not find dataconnect.yaml in `c:\Users\52114\Downloads\akrivis-uat-webapp-firebase\dataconnect`
 {"metadata":{"emulator":{"name":"dataconnect"},"message":"E0630 00:07:51.709391    8696 watch.go:40] Failed to load config from \"c:\\\\Users\\\\52114\\\\Downloads\\\\akrivis-uat-webapp-firebase\\\\dataconnect\": could not find dataconnect.yaml in `c:\\Users\\52114\\Downloads\\akrivis-uat-webapp-firebase\\dataconnect`\n"}}
[debug] [2026-06-29T17:08:01.709Z] E0630 00:08:01.709153    8696 watch.go:40] Failed to load config from "c:\\Users\\52114\\Downloads\\akrivis-uat-webapp-firebase\\dataconnect": could not find dataconnect.yaml in `c:\Users\52114\Downloads\akrivis-uat-webapp-firebase\dataconnect`
 {"metadata":{"emulator":{"name":"dataconnect"},"message":"E0630 00:08:01.709153    8696 watch.go:40] Failed to load config from \"c:\\\\Users\\\\52114\\\\Downloads\\\\akrivis-uat-webapp-firebase\\\\dataconnect\": could not find dataconnect.yaml in `c:\\Users\\52114\\Downloads\\akrivis-uat-webapp-firebase\\dataconnect`\n"}}
[debug] [2026-06-29T17:08:11.709Z] E0630 00:08:11.709773    8696 watch.go:40] Failed to load config from "c:\\Users\\52114\\Downloads\\akrivis-uat-webapp-firebase\\dataconnect": could not find dataconnect.yaml in `c:\Users\52114\Downloads\akrivis-uat-webapp-firebase\dataconnect`
 {"metadata":{"emulator":{"name":"dataconnect"},"message":"E0630 00:08:11.709773    8696 watch.go:40] Failed to load config from \"c:\\\\Users\\\\52114\\\\Downloads\\\\akrivis-uat-webapp-firebase\\\\dataconnect\": could not find dataconnect.yaml in `c:\\Users\\52114\\Downloads\\akrivis-uat-webapp-firebase\\dataconnect`\n"}}
[debug] [2026-06-29T17:08:21.709Z] E0630 00:08:21.709550    8696 watch.go:116] watchAllDir unable to walk dir `c:\Users\52114\Downloads\akrivis-uat-webapp-firebase\dataconnect`: GetFileAttributesEx c:\Users\52114\Downloads\akrivis-uat-webapp-firebase\dataconnect: The system cannot find the file specified.
 {"metadata":{"emulator":{"name":"dataconnect"},"message":"E0630 00:08:21.709550    8696 watch.go:116] watchAllDir unable to walk dir `c:\\Users\\52114\\Downloads\\akrivis-uat-webapp-firebase\\dataconnect`: GetFileAttributesEx c:\\Users\\52114\\Downloads\\akrivis-uat-webapp-firebase\\dataconnect: The system cannot find the file specified.\n"}}
[debug] [2026-06-29T17:08:21.709Z] E0630 00:08:21.709550    8696 watch.go:40] Failed to load config from "c:\\Users\\52114\\Downloads\\akrivis-uat-webapp-firebase\\dataconnect": could not find dataconnect.yaml in `c:\Users\52114\Downloads\akrivis-uat-webapp-firebase\dataconnect`
 {"metadata":{"emulator":{"name":"dataconnect"},"message":"E0630 00:08:21.709550    8696 watch.go:40] Failed to load config from \"c:\\\\Users\\\\52114\\\\Downloads\\\\akrivis-uat-webapp-firebase\\\\dataconnect\": could not find dataconnect.yaml in `c:\\Users\\52114\\Downloads\\akrivis-uat-webapp-firebase\\dataconnect`\n"}}
[debug] [2026-06-29T17:08:31.708Z] E0630 00:08:31.708961    8696 watch.go:40] Failed to load config from "c:\\Users\\52114\\Downloads\\akrivis-uat-webapp-firebase\\dataconnect": could not find dataconnect.yaml in `c:\Users\52114\Downloads\akrivis-uat-webapp-firebase\dataconnect`
 {"metadata":{"emulator":{"name":"dataconnect"},"message":"E0630 00:08:31.708961    8696 watch.go:40] Failed to load config from \"c:\\\\Users\\\\52114\\\\Downloads\\\\akrivis-uat-webapp-firebase\\\\dataconnect\": could not find dataconnect.yaml in `c:\\Users\\52114\\Downloads\\akrivis-uat-webapp-firebase\\dataconnect`\n"}}
[debug] [2026-06-29T17:08:41.709Z] E0630 00:08:41.709042    8696 watch.go:40] Failed to load config from "c:\\Users\\52114\\Downloads\\akrivis-uat-webapp-firebase\\dataconnect": could not find dataconnect.yaml in `c:\Users\52114\Downloads\akrivis-uat-webapp-firebase\dataconnect`
 {"metadata":{"emulator":{"name":"dataconnect"},"message":"E0630 00:08:41.709042    8696 watch.go:40] Failed to load config from \"c:\\\\Users\\\\52114\\\\Downloads\\\\akrivis-uat-webapp-firebase\\\\dataconnect\": could not find dataconnect.yaml in `c:\\Users\\52114\\Downloads\\akrivis-uat-webapp-firebase\\dataconnect`\n"}}
[debug] [2026-06-29T17:08:51.708Z] E0630 00:08:51.709095    8696 watch.go:40] Failed to load config from "c:\\Users\\52114\\Downloads\\akrivis-uat-webapp-firebase\\dataconnect": could not find dataconnect.yaml in `c:\Users\52114\Downloads\akrivis-uat-webapp-firebase\dataconnect`
 {"metadata":{"emulator":{"name":"dataconnect"},"message":"E0630 00:08:51.709095    8696 watch.go:40] Failed to load config from \"c:\\\\Users\\\\52114\\\\Downloads\\\\akrivis-uat-webapp-firebase\\\\dataconnect\": could not find dataconnect.yaml in `c:\\Users\\52114\\Downloads\\akrivis-uat-webapp-firebase\\dataconnect`\n"}}
[debug] [2026-06-29T17:09:01.709Z] E0630 00:09:01.709520    8696 watch.go:40] Failed to load config from "c:\\Users\\52114\\Downloads\\akrivis-uat-webapp-firebase\\dataconnect": could not find dataconnect.yaml in `c:\Users\52114\Downloads\akrivis-uat-webapp-firebase\dataconnect`
 {"metadata":{"emulator":{"name":"dataconnect"},"message":"E0630 00:09:01.709520    8696 watch.go:40] Failed to load config from \"c:\\\\Users\\\\52114\\\\Downloads\\\\akrivis-uat-webapp-firebase\\\\dataconnect\": could not find dataconnect.yaml in `c:\\Users\\52114\\Downloads\\akrivis-uat-webapp-firebase\\dataconnect`\n"}}
[debug] [2026-06-29T17:09:11.710Z] E0630 00:09:11.710002    8696 watch.go:40] Failed to load config from "c:\\Users\\52114\\Downloads\\akrivis-uat-webapp-firebase\\dataconnect": could not find dataconnect.yaml in `c:\Users\52114\Downloads\akrivis-uat-webapp-firebase\dataconnect`
 {"metadata":{"emulator":{"name":"dataconnect"},"message":"E0630 00:09:11.710002    8696 watch.go:40] Failed to load config from \"c:\\\\Users\\\\52114\\\\Downloads\\\\akrivis-uat-webapp-firebase\\\\dataconnect\": could not find dataconnect.yaml in `c:\\Users\\52114\\Downloads\\akrivis-uat-webapp-firebase\\dataconnect`\n"}}
[debug] [2026-06-29T17:09:21.709Z] E0630 00:09:21.709369    8696 watch.go:116] watchAllDir unable to walk dir `c:\Users\52114\Downloads\akrivis-uat-webapp-firebase\dataconnect`: GetFileAttributesEx c:\Users\52114\Downloads\akrivis-uat-webapp-firebase\dataconnect: The system cannot find the file specified.
E0630 00:09:21.709369    8696 watch.go:40] Failed to load config from "c:\\Users\\52114\\Downloads\\akrivis-uat-webapp-firebase\\dataconnect": could not find dataconnect.yaml in `c:\Users\52114\Downloads\akrivis-uat-webapp-firebase\dataconnect`
 {"metadata":{"emulator":{"name":"dataconnect"},"message":"E0630 00:09:21.709369    8696 watch.go:116] watchAllDir unable to walk dir `c:\\Users\\52114\\Downloads\\akrivis-uat-webapp-firebase\\dataconnect`: GetFileAttributesEx c:\\Users\\52114\\Downloads\\akrivis-uat-webapp-firebase\\dataconnect: The system cannot find the file specified.\nE0630 00:09:21.709369    8696 watch.go:40] Failed to load config from \"c:\\\\Users\\\\52114\\\\Downloads\\\\akrivis-uat-webapp-firebase\\\\dataconnect\": could not find dataconnect.yaml in `c:\\Users\\52114\\Downloads\\akrivis-uat-webapp-firebase\\dataconnect`\n"}}
[debug] [2026-06-29T17:09:31.709Z] E0630 00:09:31.708983    8696 watch.go:40] Failed to load config from "c:\\Users\\52114\\Downloads\\akrivis-uat-webapp-firebase\\dataconnect": could not find dataconnect.yaml in `c:\Users\52114\Downloads\akrivis-uat-webapp-firebase\dataconnect`
 {"metadata":{"emulator":{"name":"dataconnect"},"message":"E0630 00:09:31.708983    8696 watch.go:40] Failed to load config from \"c:\\\\Users\\\\52114\\\\Downloads\\\\akrivis-uat-webapp-firebase\\\\dataconnect\": could not find dataconnect.yaml in `c:\\Users\\52114\\Downloads\\akrivis-uat-webapp-firebase\\dataconnect`\n"}}
[debug] [2026-06-29T17:09:41.708Z] E0630 00:09:41.709064    8696 watch.go:40] Failed to load config from "c:\\Users\\52114\\Downloads\\akrivis-uat-webapp-firebase\\dataconnect": could not find dataconnect.yaml in `c:\Users\52114\Downloads\akrivis-uat-webapp-firebase\dataconnect`
 {"metadata":{"emulator":{"name":"dataconnect"},"message":"E0630 00:09:41.709064    8696 watch.go:40] Failed to load config from \"c:\\\\Users\\\\52114\\\\Downloads\\\\akrivis-uat-webapp-firebase\\\\dataconnect\": could not find dataconnect.yaml in `c:\\Users\\52114\\Downloads\\akrivis-uat-webapp-firebase\\dataconnect`\n"}}
[debug] [2026-06-29T17:09:51.742Z] E0630 00:09:51.709726    8696 watch.go:40] Failed to load config from "c:\\Users\\52114\\Downloads\\akrivis-uat-webapp-firebase\\dataconnect": could not find dataconnect.yaml in `c:\Users\52114\Downloads\akrivis-uat-webapp-firebase\dataconnect`
 {"metadata":{"emulator":{"name":"dataconnect"},"message":"E0630 00:09:51.709726    8696 watch.go:40] Failed to load config from \"c:\\\\Users\\\\52114\\\\Downloads\\\\akrivis-uat-webapp-firebase\\\\dataconnect\": could not find dataconnect.yaml in `c:\\Users\\52114\\Downloads\\akrivis-uat-webapp-firebase\\dataconnect`\n"}}
[debug] [2026-06-29T17:10:01.708Z] E0630 00:10:01.709339    8696 watch.go:40] Failed to load config from "c:\\Users\\52114\\Downloads\\akrivis-uat-webapp-firebase\\dataconnect": could not find dataconnect.yaml in `c:\Users\52114\Downloads\akrivis-uat-webapp-firebase\dataconnect`
 {"metadata":{"emulator":{"name":"dataconnect"},"message":"E0630 00:10:01.709339    8696 watch.go:40] Failed to load config from \"c:\\\\Users\\\\52114\\\\Downloads\\\\akrivis-uat-webapp-firebase\\\\dataconnect\": could not find dataconnect.yaml in `c:\\Users\\52114\\Downloads\\akrivis-uat-webapp-firebase\\dataconnect`\n"}}
[debug] [2026-06-29T17:10:11.708Z] E0630 00:10:11.709048    8696 watch.go:40] Failed to load config from "c:\\Users\\52114\\Downloads\\akrivis-uat-webapp-firebase\\dataconnect": could not find dataconnect.yaml in `c:\Users\52114\Downloads\akrivis-uat-webapp-firebase\dataconnect`
 {"metadata":{"emulator":{"name":"dataconnect"},"message":"E0630 00:10:11.709048    8696 watch.go:40] Failed to load config from \"c:\\\\Users\\\\52114\\\\Downloads\\\\akrivis-uat-webapp-firebase\\\\dataconnect\": could not find dataconnect.yaml in `c:\\Users\\52114\\Downloads\\akrivis-uat-webapp-firebase\\dataconnect`\n"}}
[debug] [2026-06-29T17:10:21.732Z] E0630 00:10:21.709047    8696 watch.go:116] watchAllDir unable to walk dir `c:\Users\52114\Downloads\akrivis-uat-webapp-firebase\dataconnect`: GetFileAttributesEx c:\Users\52114\Downloads\akrivis-uat-webapp-firebase\dataconnect: The system cannot find the file specified.
E0630 00:10:21.709047    8696 watch.go:40] Failed to load config from "c:\\Users\\52114\\Downloads\\akrivis-uat-webapp-firebase\\dataconnect": could not find dataconnect.yaml in `c:\Users\52114\Downloads\akrivis-uat-webapp-firebase\dataconnect`
 {"metadata":{"emulator":{"name":"dataconnect"},"message":"E0630 00:10:21.709047    8696 watch.go:116] watchAllDir unable to walk dir `c:\\Users\\52114\\Downloads\\akrivis-uat-webapp-firebase\\dataconnect`: GetFileAttributesEx c:\\Users\\52114\\Downloads\\akrivis-uat-webapp-firebase\\dataconnect: The system cannot find the file specified.\nE0630 00:10:21.709047    8696 watch.go:40] Failed to load config from \"c:\\\\Users\\\\52114\\\\Downloads\\\\akrivis-uat-webapp-firebase\\\\dataconnect\": could not find dataconnect.yaml in `c:\\Users\\52114\\Downloads\\akrivis-uat-webapp-firebase\\dataconnect`\n"}}
[debug] [2026-06-29T17:10:31.709Z] E0630 00:10:31.709332    8696 watch.go:40] Failed to load config from "c:\\Users\\52114\\Downloads\\akrivis-uat-webapp-firebase\\dataconnect": could not find dataconnect.yaml in `c:\Users\52114\Downloads\akrivis-uat-webapp-firebase\dataconnect`
 {"metadata":{"emulator":{"name":"dataconnect"},"message":"E0630 00:10:31.709332    8696 watch.go:40] Failed to load config from \"c:\\\\Users\\\\52114\\\\Downloads\\\\akrivis-uat-webapp-firebase\\\\dataconnect\": could not find dataconnect.yaml in `c:\\Users\\52114\\Downloads\\akrivis-uat-webapp-firebase\\dataconnect`\n"}}
[debug] [2026-06-29T17:10:41.708Z] E0630 00:10:41.708935    8696 watch.go:40] Failed to load config from "c:\\Users\\52114\\Downloads\\akrivis-uat-webapp-firebase\\dataconnect": could not find dataconnect.yaml in `c:\Users\52114\Downloads\akrivis-uat-webapp-firebase\dataconnect`
 {"metadata":{"emulator":{"name":"dataconnect"},"message":"E0630 00:10:41.708935    8696 watch.go:40] Failed to load config from \"c:\\\\Users\\\\52114\\\\Downloads\\\\akrivis-uat-webapp-firebase\\\\dataconnect\": could not find dataconnect.yaml in `c:\\Users\\52114\\Downloads\\akrivis-uat-webapp-firebase\\dataconnect`\n"}}
[debug] [2026-06-29T17:10:51.709Z] E0630 00:10:51.709015    8696 watch.go:40] Failed to load config from "c:\\Users\\52114\\Downloads\\akrivis-uat-webapp-firebase\\dataconnect": could not find dataconnect.yaml in `c:\Users\52114\Downloads\akrivis-uat-webapp-firebase\dataconnect`
 {"metadata":{"emulator":{"name":"dataconnect"},"message":"E0630 00:10:51.709015    8696 watch.go:40] Failed to load config from \"c:\\\\Users\\\\52114\\\\Downloads\\\\akrivis-uat-webapp-firebase\\\\dataconnect\": could not find dataconnect.yaml in `c:\\Users\\52114\\Downloads\\akrivis-uat-webapp-firebase\\dataconnect`\n"}}
[debug] [2026-06-29T17:11:01.709Z] E0630 00:11:01.709797    8696 watch.go:40] Failed to load config from "c:\\Users\\52114\\Downloads\\akrivis-uat-webapp-firebase\\dataconnect": could not find dataconnect.yaml in `c:\Users\52114\Downloads\akrivis-uat-webapp-firebase\dataconnect`
 {"metadata":{"emulator":{"name":"dataconnect"},"message":"E0630 00:11:01.709797    8696 watch.go:40] Failed to load config from \"c:\\\\Users\\\\52114\\\\Downloads\\\\akrivis-uat-webapp-firebase\\\\dataconnect\": could not find dataconnect.yaml in `c:\\Users\\52114\\Downloads\\akrivis-uat-webapp-firebase\\dataconnect`\n"}}
[debug] [2026-06-29T17:11:11.708Z] E0630 00:11:11.709289    8696 watch.go:40] Failed to load config from "c:\\Users\\52114\\Downloads\\akrivis-uat-webapp-firebase\\dataconnect": could not find dataconnect.yaml in `c:\Users\52114\Downloads\akrivis-uat-webapp-firebase\dataconnect`
 {"metadata":{"emulator":{"name":"dataconnect"},"message":"E0630 00:11:11.709289    8696 watch.go:40] Failed to load config from \"c:\\\\Users\\\\52114\\\\Downloads\\\\akrivis-uat-webapp-firebase\\\\dataconnect\": could not find dataconnect.yaml in `c:\\Users\\52114\\Downloads\\akrivis-uat-webapp-firebase\\dataconnect`\n"}}
[debug] [2026-06-29T17:11:21.709Z] E0630 00:11:21.709444    8696 watch.go:116] watchAllDir unable to walk dir `c:\Users\52114\Downloads\akrivis-uat-webapp-firebase\dataconnect`: GetFileAttributesEx c:\Users\52114\Downloads\akrivis-uat-webapp-firebase\dataconnect: The system cannot find the file specified.
E0630 00:11:21.709754    8696 watch.go:40] Failed to load config from "c:\\Users\\52114\\Downloads\\akrivis-uat-webapp-firebase\\dataconnect": could not find dataconnect.yaml in `c:\Users\52114\Downloads\akrivis-uat-webapp-firebase\dataconnect`
 {"metadata":{"emulator":{"name":"dataconnect"},"message":"E0630 00:11:21.709444    8696 watch.go:116] watchAllDir unable to walk dir `c:\\Users\\52114\\Downloads\\akrivis-uat-webapp-firebase\\dataconnect`: GetFileAttributesEx c:\\Users\\52114\\Downloads\\akrivis-uat-webapp-firebase\\dataconnect: The system cannot find the file specified.\nE0630 00:11:21.709754    8696 watch.go:40] Failed to load config from \"c:\\\\Users\\\\52114\\\\Downloads\\\\akrivis-uat-webapp-firebase\\\\dataconnect\": could not find dataconnect.yaml in `c:\\Users\\52114\\Downloads\\akrivis-uat-webapp-firebase\\dataconnect`\n"}}
[debug] [2026-06-29T17:11:31.709Z] E0630 00:11:31.709344    8696 watch.go:40] Failed to load config from "c:\\Users\\52114\\Downloads\\akrivis-uat-webapp-firebase\\dataconnect": could not find dataconnect.yaml in `c:\Users\52114\Downloads\akrivis-uat-webapp-firebase\dataconnect`
 {"metadata":{"emulator":{"name":"dataconnect"},"message":"E0630 00:11:31.709344    8696 watch.go:40] Failed to load config from \"c:\\\\Users\\\\52114\\\\Downloads\\\\akrivis-uat-webapp-firebase\\\\dataconnect\": could not find dataconnect.yaml in `c:\\Users\\52114\\Downloads\\akrivis-uat-webapp-firebase\\dataconnect`\n"}}
[debug] [2026-06-29T17:11:41.708Z] E0630 00:11:41.709039    8696 watch.go:40] Failed to load config from "c:\\Users\\52114\\Downloads\\akrivis-uat-webapp-firebase\\dataconnect": could not find dataconnect.yaml in `c:\Users\52114\Downloads\akrivis-uat-webapp-firebase\dataconnect`
 {"metadata":{"emulator":{"name":"dataconnect"},"message":"E0630 00:11:41.709039    8696 watch.go:40] Failed to load config from \"c:\\\\Users\\\\52114\\\\Downloads\\\\akrivis-uat-webapp-firebase\\\\dataconnect\": could not find dataconnect.yaml in `c:\\Users\\52114\\Downloads\\akrivis-uat-webapp-firebase\\dataconnect`\n"}}
[debug] [2026-06-29T17:11:51.708Z] E0630 00:11:51.709007    8696 watch.go:40] Failed to load config from "c:\\Users\\52114\\Downloads\\akrivis-uat-webapp-firebase\\dataconnect": could not find dataconnect.yaml in `c:\Users\52114\Downloads\akrivis-uat-webapp-firebase\dataconnect`
 {"metadata":{"emulator":{"name":"dataconnect"},"message":"E0630 00:11:51.709007    8696 watch.go:40] Failed to load config from \"c:\\\\Users\\\\52114\\\\Downloads\\\\akrivis-uat-webapp-firebase\\\\dataconnect\": could not find dataconnect.yaml in `c:\\Users\\52114\\Downloads\\akrivis-uat-webapp-firebase\\dataconnect`\n"}}
[debug] [2026-06-29T17:12:01.709Z] E0630 00:12:01.708669    8696 watch.go:40] Failed to load config from "c:\\Users\\52114\\Downloads\\akrivis-uat-webapp-firebase\\dataconnect": could not find dataconnect.yaml in `c:\Users\52114\Downloads\akrivis-uat-webapp-firebase\dataconnect`
 {"metadata":{"emulator":{"name":"dataconnect"},"message":"E0630 00:12:01.708669    8696 watch.go:40] Failed to load config from \"c:\\\\Users\\\\52114\\\\Downloads\\\\akrivis-uat-webapp-firebase\\\\dataconnect\": could not find dataconnect.yaml in `c:\\Users\\52114\\Downloads\\akrivis-uat-webapp-firebase\\dataconnect`\n"}}
[debug] [2026-06-29T17:12:11.709Z] E0630 00:12:11.709628    8696 watch.go:40] Failed to load config from "c:\\Users\\52114\\Downloads\\akrivis-uat-webapp-firebase\\dataconnect": could not find dataconnect.yaml in `c:\Users\52114\Downloads\akrivis-uat-webapp-firebase\dataconnect`
 {"metadata":{"emulator":{"name":"dataconnect"},"message":"E0630 00:12:11.709628    8696 watch.go:40] Failed to load config from \"c:\\\\Users\\\\52114\\\\Downloads\\\\akrivis-uat-webapp-firebase\\\\dataconnect\": could not find dataconnect.yaml in `c:\\Users\\52114\\Downloads\\akrivis-uat-webapp-firebase\\dataconnect`\n"}}
[debug] [2026-06-29T17:12:21.709Z] E0630 00:12:21.709389    8696 watch.go:116] watchAllDir unable to walk dir `c:\Users\52114\Downloads\akrivis-uat-webapp-firebase\dataconnect`: GetFileAttributesEx c:\Users\52114\Downloads\akrivis-uat-webapp-firebase\dataconnect: The system cannot find the file specified.
 {"metadata":{"emulator":{"name":"dataconnect"},"message":"E0630 00:12:21.709389    8696 watch.go:116] watchAllDir unable to walk dir `c:\\Users\\52114\\Downloads\\akrivis-uat-webapp-firebase\\dataconnect`: GetFileAttributesEx c:\\Users\\52114\\Downloads\\akrivis-uat-webapp-firebase\\dataconnect: The system cannot find the file specified.\n"}}
[debug] [2026-06-29T17:12:21.710Z] E0630 00:12:21.710249    8696 watch.go:40] Failed to load config from "c:\\Users\\52114\\Downloads\\akrivis-uat-webapp-firebase\\dataconnect": could not find dataconnect.yaml in `c:\Users\52114\Downloads\akrivis-uat-webapp-firebase\dataconnect`
 {"metadata":{"emulator":{"name":"dataconnect"},"message":"E0630 00:12:21.710249    8696 watch.go:40] Failed to load config from \"c:\\\\Users\\\\52114\\\\Downloads\\\\akrivis-uat-webapp-firebase\\\\dataconnect\": could not find dataconnect.yaml in `c:\\Users\\52114\\Downloads\\akrivis-uat-webapp-firebase\\dataconnect`\n"}}
[debug] [2026-06-29T17:12:31.710Z] E0630 00:12:31.710931    8696 watch.go:40] Failed to load config from "c:\\Users\\52114\\Downloads\\akrivis-uat-webapp-firebase\\dataconnect": could not find dataconnect.yaml in `c:\Users\52114\Downloads\akrivis-uat-webapp-firebase\dataconnect`
 {"metadata":{"emulator":{"name":"dataconnect"},"message":"E0630 00:12:31.710931    8696 watch.go:40] Failed to load config from \"c:\\\\Users\\\\52114\\\\Downloads\\\\akrivis-uat-webapp-firebase\\\\dataconnect\": could not find dataconnect.yaml in `c:\\Users\\52114\\Downloads\\akrivis-uat-webapp-firebase\\dataconnect`\n"}}
[debug] [2026-06-29T17:12:41.708Z] E0630 00:12:41.708773    8696 watch.go:40] Failed to load config from "c:\\Users\\52114\\Downloads\\akrivis-uat-webapp-firebase\\dataconnect": could not find dataconnect.yaml in `c:\Users\52114\Downloads\akrivis-uat-webapp-firebase\dataconnect`
 {"metadata":{"emulator":{"name":"dataconnect"},"message":"E0630 00:12:41.708773    8696 watch.go:40] Failed to load config from \"c:\\\\Users\\\\52114\\\\Downloads\\\\akrivis-uat-webapp-firebase\\\\dataconnect\": could not find dataconnect.yaml in `c:\\Users\\52114\\Downloads\\akrivis-uat-webapp-firebase\\dataconnect`\n"}}
[debug] [2026-06-29T17:12:51.710Z] E0630 00:12:51.709747    8696 watch.go:40] Failed to load config from "c:\\Users\\52114\\Downloads\\akrivis-uat-webapp-firebase\\dataconnect": could not find dataconnect.yaml in `c:\Users\52114\Downloads\akrivis-uat-webapp-firebase\dataconnect`
 {"metadata":{"emulator":{"name":"dataconnect"},"message":"E0630 00:12:51.709747    8696 watch.go:40] Failed to load config from \"c:\\\\Users\\\\52114\\\\Downloads\\\\akrivis-uat-webapp-firebase\\\\dataconnect\": could not find dataconnect.yaml in `c:\\Users\\52114\\Downloads\\akrivis-uat-webapp-firebase\\dataconnect`\n"}}
[debug] [2026-06-29T17:13:01.709Z] E0630 00:13:01.709335    8696 watch.go:40] Failed to load config from "c:\\Users\\52114\\Downloads\\akrivis-uat-webapp-firebase\\dataconnect": could not find dataconnect.yaml in `c:\Users\52114\Downloads\akrivis-uat-webapp-firebase\dataconnect`
 {"metadata":{"emulator":{"name":"dataconnect"},"message":"E0630 00:13:01.709335    8696 watch.go:40] Failed to load config from \"c:\\\\Users\\\\52114\\\\Downloads\\\\akrivis-uat-webapp-firebase\\\\dataconnect\": could not find dataconnect.yaml in `c:\\Users\\52114\\Downloads\\akrivis-uat-webapp-firebase\\dataconnect`\n"}}
[debug] [2026-06-29T17:13:11.709Z] E0630 00:13:11.709168    8696 watch.go:40] Failed to load config from "c:\\Users\\52114\\Downloads\\akrivis-uat-webapp-firebase\\dataconnect": could not find dataconnect.yaml in `c:\Users\52114\Downloads\akrivis-uat-webapp-firebase\dataconnect`
 {"metadata":{"emulator":{"name":"dataconnect"},"message":"E0630 00:13:11.709168    8696 watch.go:40] Failed to load config from \"c:\\\\Users\\\\52114\\\\Downloads\\\\akrivis-uat-webapp-firebase\\\\dataconnect\": could not find dataconnect.yaml in `c:\\Users\\52114\\Downloads\\akrivis-uat-webapp-firebase\\dataconnect`\n"}}
[debug] [2026-06-29T17:13:21.709Z] E0630 00:13:21.709613    8696 watch.go:116] watchAllDir unable to walk dir `c:\Users\52114\Downloads\akrivis-uat-webapp-firebase\dataconnect`: GetFileAttributesEx c:\Users\52114\Downloads\akrivis-uat-webapp-firebase\dataconnect: The system cannot find the file specified.
 {"metadata":{"emulator":{"name":"dataconnect"},"message":"E0630 00:13:21.709613    8696 watch.go:116] watchAllDir unable to walk dir `c:\\Users\\52114\\Downloads\\akrivis-uat-webapp-firebase\\dataconnect`: GetFileAttributesEx c:\\Users\\52114\\Downloads\\akrivis-uat-webapp-firebase\\dataconnect: The system cannot find the file specified.\n"}}
[debug] [2026-06-29T17:13:21.710Z] E0630 00:13:21.709613    8696 watch.go:40] Failed to load config from "c:\\Users\\52114\\Downloads\\akrivis-uat-webapp-firebase\\dataconnect": could not find dataconnect.yaml in `c:\Users\52114\Downloads\akrivis-uat-webapp-firebase\dataconnect`
 {"metadata":{"emulator":{"name":"dataconnect"},"message":"E0630 00:13:21.709613    8696 watch.go:40] Failed to load config from \"c:\\\\Users\\\\52114\\\\Downloads\\\\akrivis-uat-webapp-firebase\\\\dataconnect\": could not find dataconnect.yaml in `c:\\Users\\52114\\Downloads\\akrivis-uat-webapp-firebase\\dataconnect`\n"}}
[debug] [2026-06-29T17:13:31.709Z] E0630 00:13:31.709129    8696 watch.go:40] Failed to load config from "c:\\Users\\52114\\Downloads\\akrivis-uat-webapp-firebase\\dataconnect": could not find dataconnect.yaml in `c:\Users\52114\Downloads\akrivis-uat-webapp-firebase\dataconnect`
 {"metadata":{"emulator":{"name":"dataconnect"},"message":"E0630 00:13:31.709129    8696 watch.go:40] Failed to load config from \"c:\\\\Users\\\\52114\\\\Downloads\\\\akrivis-uat-webapp-firebase\\\\dataconnect\": could not find dataconnect.yaml in `c:\\Users\\52114\\Downloads\\akrivis-uat-webapp-firebase\\dataconnect`\n"}}
[debug] [2026-06-29T17:13:41.708Z] E0630 00:13:41.709126    8696 watch.go:40] Failed to load config from "c:\\Users\\52114\\Downloads\\akrivis-uat-webapp-firebase\\dataconnect": could not find dataconnect.yaml in `c:\Users\52114\Downloads\akrivis-uat-webapp-firebase\dataconnect`
 {"metadata":{"emulator":{"name":"dataconnect"},"message":"E0630 00:13:41.709126    8696 watch.go:40] Failed to load config from \"c:\\\\Users\\\\52114\\\\Downloads\\\\akrivis-uat-webapp-firebase\\\\dataconnect\": could not find dataconnect.yaml in `c:\\Users\\52114\\Downloads\\akrivis-uat-webapp-firebase\\dataconnect`\n"}}
[debug] [2026-06-29T17:13:51.842Z] E0630 00:13:51.709032    8696 watch.go:40] Failed to load config from "c:\\Users\\52114\\Downloads\\akrivis-uat-webapp-firebase\\dataconnect": could not find dataconnect.yaml in `c:\Users\52114\Downloads\akrivis-uat-webapp-firebase\dataconnect`
 {"metadata":{"emulator":{"name":"dataconnect"},"message":"E0630 00:13:51.709032    8696 watch.go:40] Failed to load config from \"c:\\\\Users\\\\52114\\\\Downloads\\\\akrivis-uat-webapp-firebase\\\\dataconnect\": could not find dataconnect.yaml in `c:\\Users\\52114\\Downloads\\akrivis-uat-webapp-firebase\\dataconnect`\n"}}
[debug] [2026-06-29T17:14:01.709Z] E0630 00:14:01.709153    8696 watch.go:40] Failed to load config from "c:\\Users\\52114\\Downloads\\akrivis-uat-webapp-firebase\\dataconnect": could not find dataconnect.yaml in `c:\Users\52114\Downloads\akrivis-uat-webapp-firebase\dataconnect`
 {"metadata":{"emulator":{"name":"dataconnect"},"message":"E0630 00:14:01.709153    8696 watch.go:40] Failed to load config from \"c:\\\\Users\\\\52114\\\\Downloads\\\\akrivis-uat-webapp-firebase\\\\dataconnect\": could not find dataconnect.yaml in `c:\\Users\\52114\\Downloads\\akrivis-uat-webapp-firebase\\dataconnect`\n"}}
[debug] [2026-06-29T17:14:11.709Z] E0630 00:14:11.709416    8696 watch.go:40] Failed to load config from "c:\\Users\\52114\\Downloads\\akrivis-uat-webapp-firebase\\dataconnect": could not find dataconnect.yaml in `c:\Users\52114\Downloads\akrivis-uat-webapp-firebase\dataconnect`
 {"metadata":{"emulator":{"name":"dataconnect"},"message":"E0630 00:14:11.709416    8696 watch.go:40] Failed to load config from \"c:\\\\Users\\\\52114\\\\Downloads\\\\akrivis-uat-webapp-firebase\\\\dataconnect\": could not find dataconnect.yaml in `c:\\Users\\52114\\Downloads\\akrivis-uat-webapp-firebase\\dataconnect`\n"}}
[debug] [2026-06-29T17:14:21.709Z] E0630 00:14:21.709506    8696 watch.go:116] watchAllDir unable to walk dir `c:\Users\52114\Downloads\akrivis-uat-webapp-firebase\dataconnect`: GetFileAttributesEx c:\Users\52114\Downloads\akrivis-uat-webapp-firebase\dataconnect: The system cannot find the file specified.
E0630 00:14:21.709506    8696 watch.go:40] Failed to load config from "c:\\Users\\52114\\Downloads\\akrivis-uat-webapp-firebase\\dataconnect": could not find dataconnect.yaml in `c:\Users\52114\Downloads\akrivis-uat-webapp-firebase\dataconnect`
 {"metadata":{"emulator":{"name":"dataconnect"},"message":"E0630 00:14:21.709506    8696 watch.go:116] watchAllDir unable to walk dir `c:\\Users\\52114\\Downloads\\akrivis-uat-webapp-firebase\\dataconnect`: GetFileAttributesEx c:\\Users\\52114\\Downloads\\akrivis-uat-webapp-firebase\\dataconnect: The system cannot find the file specified.\nE0630 00:14:21.709506    8696 watch.go:40] Failed to load config from \"c:\\\\Users\\\\52114\\\\Downloads\\\\akrivis-uat-webapp-firebase\\\\dataconnect\": could not find dataconnect.yaml in `c:\\Users\\52114\\Downloads\\akrivis-uat-webapp-firebase\\dataconnect`\n"}}
[debug] [2026-06-29T17:14:31.709Z] E0630 00:14:31.709784    8696 watch.go:40] Failed to load config from "c:\\Users\\52114\\Downloads\\akrivis-uat-webapp-firebase\\dataconnect": could not find dataconnect.yaml in `c:\Users\52114\Downloads\akrivis-uat-webapp-firebase\dataconnect`
 {"metadata":{"emulator":{"name":"dataconnect"},"message":"E0630 00:14:31.709784    8696 watch.go:40] Failed to load config from \"c:\\\\Users\\\\52114\\\\Downloads\\\\akrivis-uat-webapp-firebase\\\\dataconnect\": could not find dataconnect.yaml in `c:\\Users\\52114\\Downloads\\akrivis-uat-webapp-firebase\\dataconnect`\n"}}
[debug] [2026-06-29T17:14:41.709Z] E0630 00:14:41.709284    8696 watch.go:40] Failed to load config from "c:\\Users\\52114\\Downloads\\akrivis-uat-webapp-firebase\\dataconnect": could not find dataconnect.yaml in `c:\Users\52114\Downloads\akrivis-uat-webapp-firebase\dataconnect`
 {"metadata":{"emulator":{"name":"dataconnect"},"message":"E0630 00:14:41.709284    8696 watch.go:40] Failed to load config from \"c:\\\\Users\\\\52114\\\\Downloads\\\\akrivis-uat-webapp-firebase\\\\dataconnect\": could not find dataconnect.yaml in `c:\\Users\\52114\\Downloads\\akrivis-uat-webapp-firebase\\dataconnect`\n"}}
[debug] [2026-06-29T17:14:51.708Z] E0630 00:14:51.709100    8696 watch.go:40] Failed to load config from "c:\\Users\\52114\\Downloads\\akrivis-uat-webapp-firebase\\dataconnect": could not find dataconnect.yaml in `c:\Users\52114\Downloads\akrivis-uat-webapp-firebase\dataconnect`
 {"metadata":{"emulator":{"name":"dataconnect"},"message":"E0630 00:14:51.709100    8696 watch.go:40] Failed to load config from \"c:\\\\Users\\\\52114\\\\Downloads\\\\akrivis-uat-webapp-firebase\\\\dataconnect\": could not find dataconnect.yaml in `c:\\Users\\52114\\Downloads\\akrivis-uat-webapp-firebase\\dataconnect`\n"}}
[debug] [2026-06-29T17:15:01.709Z] E0630 00:15:01.709026    8696 watch.go:40] Failed to load config from "c:\\Users\\52114\\Downloads\\akrivis-uat-webapp-firebase\\dataconnect": could not find dataconnect.yaml in `c:\Users\52114\Downloads\akrivis-uat-webapp-firebase\dataconnect`
 {"metadata":{"emulator":{"name":"dataconnect"},"message":"E0630 00:15:01.709026    8696 watch.go:40] Failed to load config from \"c:\\\\Users\\\\52114\\\\Downloads\\\\akrivis-uat-webapp-firebase\\\\dataconnect\": could not find dataconnect.yaml in `c:\\Users\\52114\\Downloads\\akrivis-uat-webapp-firebase\\dataconnect`\n"}}
[debug] [2026-06-29T17:15:11.709Z] E0630 00:15:11.709125    8696 watch.go:40] Failed to load config from "c:\\Users\\52114\\Downloads\\akrivis-uat-webapp-firebase\\dataconnect": could not find dataconnect.yaml in `c:\Users\52114\Downloads\akrivis-uat-webapp-firebase\dataconnect`
 {"metadata":{"emulator":{"name":"dataconnect"},"message":"E0630 00:15:11.709125    8696 watch.go:40] Failed to load config from \"c:\\\\Users\\\\52114\\\\Downloads\\\\akrivis-uat-webapp-firebase\\\\dataconnect\": could not find dataconnect.yaml in `c:\\Users\\52114\\Downloads\\akrivis-uat-webapp-firebase\\dataconnect`\n"}}
[debug] [2026-06-29T17:15:21.708Z] E0630 00:15:21.708911    8696 watch.go:116] watchAllDir unable to walk dir `c:\Users\52114\Downloads\akrivis-uat-webapp-firebase\dataconnect`: GetFileAttributesEx c:\Users\52114\Downloads\akrivis-uat-webapp-firebase\dataconnect: The system cannot find the file specified.
E0630 00:15:21.708911    8696 watch.go:40] Failed to load config from "c:\\Users\\52114\\Downloads\\akrivis-uat-webapp-firebase\\dataconnect": could not find dataconnect.yaml in `c:\Users\52114\Downloads\akrivis-uat-webapp-firebase\dataconnect`
 {"metadata":{"emulator":{"name":"dataconnect"},"message":"E0630 00:15:21.708911    8696 watch.go:116] watchAllDir unable to walk dir `c:\\Users\\52114\\Downloads\\akrivis-uat-webapp-firebase\\dataconnect`: GetFileAttributesEx c:\\Users\\52114\\Downloads\\akrivis-uat-webapp-firebase\\dataconnect: The system cannot find the file specified.\nE0630 00:15:21.708911    8696 watch.go:40] Failed to load config from \"c:\\\\Users\\\\52114\\\\Downloads\\\\akrivis-uat-webapp-firebase\\\\dataconnect\": could not find dataconnect.yaml in `c:\\Users\\52114\\Downloads\\akrivis-uat-webapp-firebase\\dataconnect`\n"}}
[debug] [2026-06-29T17:15:31.709Z] E0630 00:15:31.710036    8696 watch.go:40] Failed to load config from "c:\\Users\\52114\\Downloads\\akrivis-uat-webapp-firebase\\dataconnect": could not find dataconnect.yaml in `c:\Users\52114\Downloads\akrivis-uat-webapp-firebase\dataconnect`
 {"metadata":{"emulator":{"name":"dataconnect"},"message":"E0630 00:15:31.710036    8696 watch.go:40] Failed to load config from \"c:\\\\Users\\\\52114\\\\Downloads\\\\akrivis-uat-webapp-firebase\\\\dataconnect\": could not find dataconnect.yaml in `c:\\Users\\52114\\Downloads\\akrivis-uat-webapp-firebase\\dataconnect`\n"}}
[debug] [2026-06-29T17:15:41.709Z] E0630 00:15:41.709458    8696 watch.go:40] Failed to load config from "c:\\Users\\52114\\Downloads\\akrivis-uat-webapp-firebase\\dataconnect": could not find dataconnect.yaml in `c:\Users\52114\Downloads\akrivis-uat-webapp-firebase\dataconnect`
 {"metadata":{"emulator":{"name":"dataconnect"},"message":"E0630 00:15:41.709458    8696 watch.go:40] Failed to load config from \"c:\\\\Users\\\\52114\\\\Downloads\\\\akrivis-uat-webapp-firebase\\\\dataconnect\": could not find dataconnect.yaml in `c:\\Users\\52114\\Downloads\\akrivis-uat-webapp-firebase\\dataconnect`\n"}}
[debug] [2026-06-29T17:15:51.709Z] E0630 00:15:51.708961    8696 watch.go:40] Failed to load config from "c:\\Users\\52114\\Downloads\\akrivis-uat-webapp-firebase\\dataconnect": could not find dataconnect.yaml in `c:\Users\52114\Downloads\akrivis-uat-webapp-firebase\dataconnect`
 {"metadata":{"emulator":{"name":"dataconnect"},"message":"E0630 00:15:51.708961    8696 watch.go:40] Failed to load config from \"c:\\\\Users\\\\52114\\\\Downloads\\\\akrivis-uat-webapp-firebase\\\\dataconnect\": could not find dataconnect.yaml in `c:\\Users\\52114\\Downloads\\akrivis-uat-webapp-firebase\\dataconnect`\n"}}
[debug] [2026-06-29T17:16:01.709Z] E0630 00:16:01.709068    8696 watch.go:40] Failed to load config from "c:\\Users\\52114\\Downloads\\akrivis-uat-webapp-firebase\\dataconnect": could not find dataconnect.yaml in `c:\Users\52114\Downloads\akrivis-uat-webapp-firebase\dataconnect`
 {"metadata":{"emulator":{"name":"dataconnect"},"message":"E0630 00:16:01.709068    8696 watch.go:40] Failed to load config from \"c:\\\\Users\\\\52114\\\\Downloads\\\\akrivis-uat-webapp-firebase\\\\dataconnect\": could not find dataconnect.yaml in `c:\\Users\\52114\\Downloads\\akrivis-uat-webapp-firebase\\dataconnect`\n"}}
[debug] [2026-06-29T17:16:11.710Z] E0630 00:16:11.710163    8696 watch.go:40] Failed to load config from "c:\\Users\\52114\\Downloads\\akrivis-uat-webapp-firebase\\dataconnect": could not find dataconnect.yaml in `c:\Users\52114\Downloads\akrivis-uat-webapp-firebase\dataconnect`
 {"metadata":{"emulator":{"name":"dataconnect"},"message":"E0630 00:16:11.710163    8696 watch.go:40] Failed to load config from \"c:\\\\Users\\\\52114\\\\Downloads\\\\akrivis-uat-webapp-firebase\\\\dataconnect\": could not find dataconnect.yaml in `c:\\Users\\52114\\Downloads\\akrivis-uat-webapp-firebase\\dataconnect`\n"}}
[debug] [2026-06-29T17:16:21.708Z] E0630 00:16:21.708937    8696 watch.go:116] watchAllDir unable to walk dir `c:\Users\52114\Downloads\akrivis-uat-webapp-firebase\dataconnect`: GetFileAttributesEx c:\Users\52114\Downloads\akrivis-uat-webapp-firebase\dataconnect: The system cannot find the file specified.
E0630 00:16:21.708937    8696 watch.go:40] Failed to load config from "c:\\Users\\52114\\Downloads\\akrivis-uat-webapp-firebase\\dataconnect": could not find dataconnect.yaml in `c:\Users\52114\Downloads\akrivis-uat-webapp-firebase\dataconnect`
 {"metadata":{"emulator":{"name":"dataconnect"},"message":"E0630 00:16:21.708937    8696 watch.go:116] watchAllDir unable to walk dir `c:\\Users\\52114\\Downloads\\akrivis-uat-webapp-firebase\\dataconnect`: GetFileAttributesEx c:\\Users\\52114\\Downloads\\akrivis-uat-webapp-firebase\\dataconnect: The system cannot find the file specified.\nE0630 00:16:21.708937    8696 watch.go:40] Failed to load config from \"c:\\\\Users\\\\52114\\\\Downloads\\\\akrivis-uat-webapp-firebase\\\\dataconnect\": could not find dataconnect.yaml in `c:\\Users\\52114\\Downloads\\akrivis-uat-webapp-firebase\\dataconnect`\n"}}
[debug] [2026-06-29T17:16:31.709Z] E0630 00:16:31.709700    8696 watch.go:40] Failed to load config from "c:\\Users\\52114\\Downloads\\akrivis-uat-webapp-firebase\\dataconnect": could not find dataconnect.yaml in `c:\Users\52114\Downloads\akrivis-uat-webapp-firebase\dataconnect`
 {"metadata":{"emulator":{"name":"dataconnect"},"message":"E0630 00:16:31.709700    8696 watch.go:40] Failed to load config from \"c:\\\\Users\\\\52114\\\\Downloads\\\\akrivis-uat-webapp-firebase\\\\dataconnect\": could not find dataconnect.yaml in `c:\\Users\\52114\\Downloads\\akrivis-uat-webapp-firebase\\dataconnect`\n"}}
[debug] [2026-06-29T17:16:41.709Z] E0630 00:16:41.709471    8696 watch.go:40] Failed to load config from "c:\\Users\\52114\\Downloads\\akrivis-uat-webapp-firebase\\dataconnect": could not find dataconnect.yaml in `c:\Users\52114\Downloads\akrivis-uat-webapp-firebase\dataconnect`
 {"metadata":{"emulator":{"name":"dataconnect"},"message":"E0630 00:16:41.709471    8696 watch.go:40] Failed to load config from \"c:\\\\Users\\\\52114\\\\Downloads\\\\akrivis-uat-webapp-firebase\\\\dataconnect\": could not find dataconnect.yaml in `c:\\Users\\52114\\Downloads\\akrivis-uat-webapp-firebase\\dataconnect`\n"}}
[debug] [2026-06-29T17:16:51.708Z] E0630 00:16:51.708947    8696 watch.go:40] Failed to load config from "c:\\Users\\52114\\Downloads\\akrivis-uat-webapp-firebase\\dataconnect": could not find dataconnect.yaml in `c:\Users\52114\Downloads\akrivis-uat-webapp-firebase\dataconnect`
 {"metadata":{"emulator":{"name":"dataconnect"},"message":"E0630 00:16:51.708947    8696 watch.go:40] Failed to load config from \"c:\\\\Users\\\\52114\\\\Downloads\\\\akrivis-uat-webapp-firebase\\\\dataconnect\": could not find dataconnect.yaml in `c:\\Users\\52114\\Downloads\\akrivis-uat-webapp-firebase\\dataconnect`\n"}}
[debug] [2026-06-29T17:17:01.708Z] E0630 00:17:01.708947    8696 watch.go:40] Failed to load config from "c:\\Users\\52114\\Downloads\\akrivis-uat-webapp-firebase\\dataconnect": could not find dataconnect.yaml in `c:\Users\52114\Downloads\akrivis-uat-webapp-firebase\dataconnect`
 {"metadata":{"emulator":{"name":"dataconnect"},"message":"E0630 00:17:01.708947    8696 watch.go:40] Failed to load config from \"c:\\\\Users\\\\52114\\\\Downloads\\\\akrivis-uat-webapp-firebase\\\\dataconnect\": could not find dataconnect.yaml in `c:\\Users\\52114\\Downloads\\akrivis-uat-webapp-firebase\\dataconnect`\n"}}
[debug] [2026-06-29T17:17:11.708Z] E0630 00:17:11.708792    8696 watch.go:40] Failed to load config from "c:\\Users\\52114\\Downloads\\akrivis-uat-webapp-firebase\\dataconnect": could not find dataconnect.yaml in `c:\Users\52114\Downloads\akrivis-uat-webapp-firebase\dataconnect`
 {"metadata":{"emulator":{"name":"dataconnect"},"message":"E0630 00:17:11.708792    8696 watch.go:40] Failed to load config from \"c:\\\\Users\\\\52114\\\\Downloads\\\\akrivis-uat-webapp-firebase\\\\dataconnect\": could not find dataconnect.yaml in `c:\\Users\\52114\\Downloads\\akrivis-uat-webapp-firebase\\dataconnect`\n"}}
[debug] [2026-06-29T17:17:21.708Z] E0630 00:17:21.708739    8696 watch.go:116] watchAllDir unable to walk dir `c:\Users\52114\Downloads\akrivis-uat-webapp-firebase\dataconnect`: GetFileAttributesEx c:\Users\52114\Downloads\akrivis-uat-webapp-firebase\dataconnect: The system cannot find the file specified.
E0630 00:17:21.708739    8696 watch.go:40] Failed to load config from "c:\\Users\\52114\\Downloads\\akrivis-uat-webapp-firebase\\dataconnect": could not find dataconnect.yaml in `c:\Users\52114\Downloads\akrivis-uat-webapp-firebase\dataconnect`
 {"metadata":{"emulator":{"name":"dataconnect"},"message":"E0630 00:17:21.708739    8696 watch.go:116] watchAllDir unable to walk dir `c:\\Users\\52114\\Downloads\\akrivis-uat-webapp-firebase\\dataconnect`: GetFileAttributesEx c:\\Users\\52114\\Downloads\\akrivis-uat-webapp-firebase\\dataconnect: The system cannot find the file specified.\nE0630 00:17:21.708739    8696 watch.go:40] Failed to load config from \"c:\\\\Users\\\\52114\\\\Downloads\\\\akrivis-uat-webapp-firebase\\\\dataconnect\": could not find dataconnect.yaml in `c:\\Users\\52114\\Downloads\\akrivis-uat-webapp-firebase\\dataconnect`\n"}}
[debug] [2026-06-29T17:17:31.708Z] E0630 00:17:31.708898    8696 watch.go:40] Failed to load config from "c:\\Users\\52114\\Downloads\\akrivis-uat-webapp-firebase\\dataconnect": could not find dataconnect.yaml in `c:\Users\52114\Downloads\akrivis-uat-webapp-firebase\dataconnect`
 {"metadata":{"emulator":{"name":"dataconnect"},"message":"E0630 00:17:31.708898    8696 watch.go:40] Failed to load config from \"c:\\\\Users\\\\52114\\\\Downloads\\\\akrivis-uat-webapp-firebase\\\\dataconnect\": could not find dataconnect.yaml in `c:\\Users\\52114\\Downloads\\akrivis-uat-webapp-firebase\\dataconnect`\n"}}
[debug] [2026-06-29T17:17:41.708Z] E0630 00:17:41.709246    8696 watch.go:40] Failed to load config from "c:\\Users\\52114\\Downloads\\akrivis-uat-webapp-firebase\\dataconnect": could not find dataconnect.yaml in `c:\Users\52114\Downloads\akrivis-uat-webapp-firebase\dataconnect`
 {"metadata":{"emulator":{"name":"dataconnect"},"message":"E0630 00:17:41.709246    8696 watch.go:40] Failed to load config from \"c:\\\\Users\\\\52114\\\\Downloads\\\\akrivis-uat-webapp-firebase\\\\dataconnect\": could not find dataconnect.yaml in `c:\\Users\\52114\\Downloads\\akrivis-uat-webapp-firebase\\dataconnect`\n"}}
[debug] [2026-06-29T17:17:51.708Z] E0630 00:17:51.708864    8696 watch.go:40] Failed to load config from "c:\\Users\\52114\\Downloads\\akrivis-uat-webapp-firebase\\dataconnect": could not find dataconnect.yaml in `c:\Users\52114\Downloads\akrivis-uat-webapp-firebase\dataconnect`
 {"metadata":{"emulator":{"name":"dataconnect"},"message":"E0630 00:17:51.708864    8696 watch.go:40] Failed to load config from \"c:\\\\Users\\\\52114\\\\Downloads\\\\akrivis-uat-webapp-firebase\\\\dataconnect\": could not find dataconnect.yaml in `c:\\Users\\52114\\Downloads\\akrivis-uat-webapp-firebase\\dataconnect`\n"}}
[debug] [2026-06-29T17:18:01.709Z] E0630 00:18:01.709427    8696 watch.go:40] Failed to load config from "c:\\Users\\52114\\Downloads\\akrivis-uat-webapp-firebase\\dataconnect": could not find dataconnect.yaml in `c:\Users\52114\Downloads\akrivis-uat-webapp-firebase\dataconnect`
 {"metadata":{"emulator":{"name":"dataconnect"},"message":"E0630 00:18:01.709427    8696 watch.go:40] Failed to load config from \"c:\\\\Users\\\\52114\\\\Downloads\\\\akrivis-uat-webapp-firebase\\\\dataconnect\": could not find dataconnect.yaml in `c:\\Users\\52114\\Downloads\\akrivis-uat-webapp-firebase\\dataconnect`\n"}}
[debug] [2026-06-29T17:18:11.709Z] E0630 00:18:11.709378    8696 watch.go:40] Failed to load config from "c:\\Users\\52114\\Downloads\\akrivis-uat-webapp-firebase\\dataconnect": could not find dataconnect.yaml in `c:\Users\52114\Downloads\akrivis-uat-webapp-firebase\dataconnect`
 {"metadata":{"emulator":{"name":"dataconnect"},"message":"E0630 00:18:11.709378    8696 watch.go:40] Failed to load config from \"c:\\\\Users\\\\52114\\\\Downloads\\\\akrivis-uat-webapp-firebase\\\\dataconnect\": could not find dataconnect.yaml in `c:\\Users\\52114\\Downloads\\akrivis-uat-webapp-firebase\\dataconnect`\n"}}
[debug] [2026-06-29T17:18:21.708Z] E0630 00:18:21.708909    8696 watch.go:116] watchAllDir unable to walk dir `c:\Users\52114\Downloads\akrivis-uat-webapp-firebase\dataconnect`: GetFileAttributesEx c:\Users\52114\Downloads\akrivis-uat-webapp-firebase\dataconnect: The system cannot find the file specified.
 {"metadata":{"emulator":{"name":"dataconnect"},"message":"E0630 00:18:21.708909    8696 watch.go:116] watchAllDir unable to walk dir `c:\\Users\\52114\\Downloads\\akrivis-uat-webapp-firebase\\dataconnect`: GetFileAttributesEx c:\\Users\\52114\\Downloads\\akrivis-uat-webapp-firebase\\dataconnect: The system cannot find the file specified.\n"}}
[debug] [2026-06-29T17:18:21.710Z] E0630 00:18:21.708909    8696 watch.go:40] Failed to load config from "c:\\Users\\52114\\Downloads\\akrivis-uat-webapp-firebase\\dataconnect": could not find dataconnect.yaml in `c:\Users\52114\Downloads\akrivis-uat-webapp-firebase\dataconnect`
 {"metadata":{"emulator":{"name":"dataconnect"},"message":"E0630 00:18:21.708909    8696 watch.go:40] Failed to load config from \"c:\\\\Users\\\\52114\\\\Downloads\\\\akrivis-uat-webapp-firebase\\\\dataconnect\": could not find dataconnect.yaml in `c:\\Users\\52114\\Downloads\\akrivis-uat-webapp-firebase\\dataconnect`\n"}}
[debug] [2026-06-29T17:18:31.709Z] E0630 00:18:31.709201    8696 watch.go:40] Failed to load config from "c:\\Users\\52114\\Downloads\\akrivis-uat-webapp-firebase\\dataconnect": could not find dataconnect.yaml in `c:\Users\52114\Downloads\akrivis-uat-webapp-firebase\dataconnect`
 {"metadata":{"emulator":{"name":"dataconnect"},"message":"E0630 00:18:31.709201    8696 watch.go:40] Failed to load config from \"c:\\\\Users\\\\52114\\\\Downloads\\\\akrivis-uat-webapp-firebase\\\\dataconnect\": could not find dataconnect.yaml in `c:\\Users\\52114\\Downloads\\akrivis-uat-webapp-firebase\\dataconnect`\n"}}
[debug] [2026-06-29T17:18:41.708Z] E0630 00:18:41.708908    8696 watch.go:40] Failed to load config from "c:\\Users\\52114\\Downloads\\akrivis-uat-webapp-firebase\\dataconnect": could not find dataconnect.yaml in `c:\Users\52114\Downloads\akrivis-uat-webapp-firebase\dataconnect`
 {"metadata":{"emulator":{"name":"dataconnect"},"message":"E0630 00:18:41.708908    8696 watch.go:40] Failed to load config from \"c:\\\\Users\\\\52114\\\\Downloads\\\\akrivis-uat-webapp-firebase\\\\dataconnect\": could not find dataconnect.yaml in `c:\\Users\\52114\\Downloads\\akrivis-uat-webapp-firebase\\dataconnect`\n"}}
[debug] [2026-06-29T17:18:51.709Z] E0630 00:18:51.709115    8696 watch.go:40] Failed to load config from "c:\\Users\\52114\\Downloads\\akrivis-uat-webapp-firebase\\dataconnect": could not find dataconnect.yaml in `c:\Users\52114\Downloads\akrivis-uat-webapp-firebase\dataconnect`
 {"metadata":{"emulator":{"name":"dataconnect"},"message":"E0630 00:18:51.709115    8696 watch.go:40] Failed to load config from \"c:\\\\Users\\\\52114\\\\Downloads\\\\akrivis-uat-webapp-firebase\\\\dataconnect\": could not find dataconnect.yaml in `c:\\Users\\52114\\Downloads\\akrivis-uat-webapp-firebase\\dataconnect`\n"}}
[debug] [2026-06-29T17:19:01.709Z] E0630 00:19:01.708901    8696 watch.go:40] Failed to load config from "c:\\Users\\52114\\Downloads\\akrivis-uat-webapp-firebase\\dataconnect": could not find dataconnect.yaml in `c:\Users\52114\Downloads\akrivis-uat-webapp-firebase\dataconnect`
 {"metadata":{"emulator":{"name":"dataconnect"},"message":"E0630 00:19:01.708901    8696 watch.go:40] Failed to load config from \"c:\\\\Users\\\\52114\\\\Downloads\\\\akrivis-uat-webapp-firebase\\\\dataconnect\": could not find dataconnect.yaml in `c:\\Users\\52114\\Downloads\\akrivis-uat-webapp-firebase\\dataconnect`\n"}}
[debug] [2026-06-29T17:19:11.709Z] E0630 00:19:11.709745    8696 watch.go:40] Failed to load config from "c:\\Users\\52114\\Downloads\\akrivis-uat-webapp-firebase\\dataconnect": could not find dataconnect.yaml in `c:\Users\52114\Downloads\akrivis-uat-webapp-firebase\dataconnect`
 {"metadata":{"emulator":{"name":"dataconnect"},"message":"E0630 00:19:11.709745    8696 watch.go:40] Failed to load config from \"c:\\\\Users\\\\52114\\\\Downloads\\\\akrivis-uat-webapp-firebase\\\\dataconnect\": could not find dataconnect.yaml in `c:\\Users\\52114\\Downloads\\akrivis-uat-webapp-firebase\\dataconnect`\n"}}
[debug] [2026-06-29T17:19:21.709Z] E0630 00:19:21.709613    8696 watch.go:116] watchAllDir unable to walk dir `c:\Users\52114\Downloads\akrivis-uat-webapp-firebase\dataconnect`: GetFileAttributesEx c:\Users\52114\Downloads\akrivis-uat-webapp-firebase\dataconnect: The system cannot find the file specified.
 {"metadata":{"emulator":{"name":"dataconnect"},"message":"E0630 00:19:21.709613    8696 watch.go:116] watchAllDir unable to walk dir `c:\\Users\\52114\\Downloads\\akrivis-uat-webapp-firebase\\dataconnect`: GetFileAttributesEx c:\\Users\\52114\\Downloads\\akrivis-uat-webapp-firebase\\dataconnect: The system cannot find the file specified.\n"}}
[debug] [2026-06-29T17:19:21.710Z] E0630 00:19:21.709613    8696 watch.go:40] Failed to load config from "c:\\Users\\52114\\Downloads\\akrivis-uat-webapp-firebase\\dataconnect": could not find dataconnect.yaml in `c:\Users\52114\Downloads\akrivis-uat-webapp-firebase\dataconnect`
 {"metadata":{"emulator":{"name":"dataconnect"},"message":"E0630 00:19:21.709613    8696 watch.go:40] Failed to load config from \"c:\\\\Users\\\\52114\\\\Downloads\\\\akrivis-uat-webapp-firebase\\\\dataconnect\": could not find dataconnect.yaml in `c:\\Users\\52114\\Downloads\\akrivis-uat-webapp-firebase\\dataconnect`\n"}}
[debug] [2026-06-29T17:19:31.710Z] E0630 00:19:31.709905    8696 watch.go:40] Failed to load config from "c:\\Users\\52114\\Downloads\\akrivis-uat-webapp-firebase\\dataconnect": could not find dataconnect.yaml in `c:\Users\52114\Downloads\akrivis-uat-webapp-firebase\dataconnect`
 {"metadata":{"emulator":{"name":"dataconnect"},"message":"E0630 00:19:31.709905    8696 watch.go:40] Failed to load config from \"c:\\\\Users\\\\52114\\\\Downloads\\\\akrivis-uat-webapp-firebase\\\\dataconnect\": could not find dataconnect.yaml in `c:\\Users\\52114\\Downloads\\akrivis-uat-webapp-firebase\\dataconnect`\n"}}
[debug] [2026-06-29T17:19:41.709Z] E0630 00:19:41.709674    8696 watch.go:40] Failed to load config from "c:\\Users\\52114\\Downloads\\akrivis-uat-webapp-firebase\\dataconnect": could not find dataconnect.yaml in `c:\Users\52114\Downloads\akrivis-uat-webapp-firebase\dataconnect`
 {"metadata":{"emulator":{"name":"dataconnect"},"message":"E0630 00:19:41.709674    8696 watch.go:40] Failed to load config from \"c:\\\\Users\\\\52114\\\\Downloads\\\\akrivis-uat-webapp-firebase\\\\dataconnect\": could not find dataconnect.yaml in `c:\\Users\\52114\\Downloads\\akrivis-uat-webapp-firebase\\dataconnect`\n"}}
[debug] [2026-06-29T17:19:51.710Z] E0630 00:19:51.709905    8696 watch.go:40] Failed to load config from "c:\\Users\\52114\\Downloads\\akrivis-uat-webapp-firebase\\dataconnect": could not find dataconnect.yaml in `c:\Users\52114\Downloads\akrivis-uat-webapp-firebase\dataconnect`
 {"metadata":{"emulator":{"name":"dataconnect"},"message":"E0630 00:19:51.709905    8696 watch.go:40] Failed to load config from \"c:\\\\Users\\\\52114\\\\Downloads\\\\akrivis-uat-webapp-firebase\\\\dataconnect\": could not find dataconnect.yaml in `c:\\Users\\52114\\Downloads\\akrivis-uat-webapp-firebase\\dataconnect`\n"}}
[debug] [2026-06-29T17:20:01.709Z] E0630 00:20:01.709337    8696 watch.go:40] Failed to load config from "c:\\Users\\52114\\Downloads\\akrivis-uat-webapp-firebase\\dataconnect": could not find dataconnect.yaml in `c:\Users\52114\Downloads\akrivis-uat-webapp-firebase\dataconnect`
 {"metadata":{"emulator":{"name":"dataconnect"},"message":"E0630 00:20:01.709337    8696 watch.go:40] Failed to load config from \"c:\\\\Users\\\\52114\\\\Downloads\\\\akrivis-uat-webapp-firebase\\\\dataconnect\": could not find dataconnect.yaml in `c:\\Users\\52114\\Downloads\\akrivis-uat-webapp-firebase\\dataconnect`\n"}}
[debug] [2026-06-29T17:20:11.708Z] E0630 00:20:11.708811    8696 watch.go:40] Failed to load config from "c:\\Users\\52114\\Downloads\\akrivis-uat-webapp-firebase\\dataconnect": could not find dataconnect.yaml in `c:\Users\52114\Downloads\akrivis-uat-webapp-firebase\dataconnect`
 {"metadata":{"emulator":{"name":"dataconnect"},"message":"E0630 00:20:11.708811    8696 watch.go:40] Failed to load config from \"c:\\\\Users\\\\52114\\\\Downloads\\\\akrivis-uat-webapp-firebase\\\\dataconnect\": could not find dataconnect.yaml in `c:\\Users\\52114\\Downloads\\akrivis-uat-webapp-firebase\\dataconnect`\n"}}
[debug] [2026-06-29T17:20:21.708Z] E0630 00:20:21.709295    8696 watch.go:116] watchAllDir unable to walk dir `c:\Users\52114\Downloads\akrivis-uat-webapp-firebase\dataconnect`: GetFileAttributesEx c:\Users\52114\Downloads\akrivis-uat-webapp-firebase\dataconnect: The system cannot find the file specified.
 {"metadata":{"emulator":{"name":"dataconnect"},"message":"E0630 00:20:21.709295    8696 watch.go:116] watchAllDir unable to walk dir `c:\\Users\\52114\\Downloads\\akrivis-uat-webapp-firebase\\dataconnect`: GetFileAttributesEx c:\\Users\\52114\\Downloads\\akrivis-uat-webapp-firebase\\dataconnect: The system cannot find the file specified.\n"}}
[debug] [2026-06-29T17:20:21.709Z] E0630 00:20:21.709295    8696 watch.go:40] Failed to load config from "c:\\Users\\52114\\Downloads\\akrivis-uat-webapp-firebase\\dataconnect": could not find dataconnect.yaml in `c:\Users\52114\Downloads\akrivis-uat-webapp-firebase\dataconnect`
 {"metadata":{"emulator":{"name":"dataconnect"},"message":"E0630 00:20:21.709295    8696 watch.go:40] Failed to load config from \"c:\\\\Users\\\\52114\\\\Downloads\\\\akrivis-uat-webapp-firebase\\\\dataconnect\": could not find dataconnect.yaml in `c:\\Users\\52114\\Downloads\\akrivis-uat-webapp-firebase\\dataconnect`\n"}}
[debug] [2026-06-29T17:20:31.708Z] E0630 00:20:31.708933    8696 watch.go:40] Failed to load config from "c:\\Users\\52114\\Downloads\\akrivis-uat-webapp-firebase\\dataconnect": could not find dataconnect.yaml in `c:\Users\52114\Downloads\akrivis-uat-webapp-firebase\dataconnect`
 {"metadata":{"emulator":{"name":"dataconnect"},"message":"E0630 00:20:31.708933    8696 watch.go:40] Failed to load config from \"c:\\\\Users\\\\52114\\\\Downloads\\\\akrivis-uat-webapp-firebase\\\\dataconnect\": could not find dataconnect.yaml in `c:\\Users\\52114\\Downloads\\akrivis-uat-webapp-firebase\\dataconnect`\n"}}
[debug] [2026-06-29T17:20:41.708Z] E0630 00:20:41.708867    8696 watch.go:40] Failed to load config from "c:\\Users\\52114\\Downloads\\akrivis-uat-webapp-firebase\\dataconnect": could not find dataconnect.yaml in `c:\Users\52114\Downloads\akrivis-uat-webapp-firebase\dataconnect`
 {"metadata":{"emulator":{"name":"dataconnect"},"message":"E0630 00:20:41.708867    8696 watch.go:40] Failed to load config from \"c:\\\\Users\\\\52114\\\\Downloads\\\\akrivis-uat-webapp-firebase\\\\dataconnect\": could not find dataconnect.yaml in `c:\\Users\\52114\\Downloads\\akrivis-uat-webapp-firebase\\dataconnect`\n"}}
[debug] [2026-06-29T17:20:51.709Z] E0630 00:20:51.709279    8696 watch.go:40] Failed to load config from "c:\\Users\\52114\\Downloads\\akrivis-uat-webapp-firebase\\dataconnect": could not find dataconnect.yaml in `c:\Users\52114\Downloads\akrivis-uat-webapp-firebase\dataconnect`
 {"metadata":{"emulator":{"name":"dataconnect"},"message":"E0630 00:20:51.709279    8696 watch.go:40] Failed to load config from \"c:\\\\Users\\\\52114\\\\Downloads\\\\akrivis-uat-webapp-firebase\\\\dataconnect\": could not find dataconnect.yaml in `c:\\Users\\52114\\Downloads\\akrivis-uat-webapp-firebase\\dataconnect`\n"}}
[debug] [2026-06-29T17:21:01.710Z] E0630 00:21:01.709149    8696 watch.go:40] Failed to load config from "c:\\Users\\52114\\Downloads\\akrivis-uat-webapp-firebase\\dataconnect": could not find dataconnect.yaml in `c:\Users\52114\Downloads\akrivis-uat-webapp-firebase\dataconnect`
 {"metadata":{"emulator":{"name":"dataconnect"},"message":"E0630 00:21:01.709149    8696 watch.go:40] Failed to load config from \"c:\\\\Users\\\\52114\\\\Downloads\\\\akrivis-uat-webapp-firebase\\\\dataconnect\": could not find dataconnect.yaml in `c:\\Users\\52114\\Downloads\\akrivis-uat-webapp-firebase\\dataconnect`\n"}}
[debug] [2026-06-29T17:21:11.709Z] E0630 00:21:11.709249    8696 watch.go:40] Failed to load config from "c:\\Users\\52114\\Downloads\\akrivis-uat-webapp-firebase\\dataconnect": could not find dataconnect.yaml in `c:\Users\52114\Downloads\akrivis-uat-webapp-firebase\dataconnect`
 {"metadata":{"emulator":{"name":"dataconnect"},"message":"E0630 00:21:11.709249    8696 watch.go:40] Failed to load config from \"c:\\\\Users\\\\52114\\\\Downloads\\\\akrivis-uat-webapp-firebase\\\\dataconnect\": could not find dataconnect.yaml in `c:\\Users\\52114\\Downloads\\akrivis-uat-webapp-firebase\\dataconnect`\n"}}
[debug] [2026-06-29T17:21:21.722Z] E0630 00:21:21.721825    8696 watch.go:116] watchAllDir unable to walk dir `c:\Users\52114\Downloads\akrivis-uat-webapp-firebase\dataconnect`: GetFileAttributesEx c:\Users\52114\Downloads\akrivis-uat-webapp-firebase\dataconnect: The system cannot find the file specified.
 {"metadata":{"emulator":{"name":"dataconnect"},"message":"E0630 00:21:21.721825    8696 watch.go:116] watchAllDir unable to walk dir `c:\\Users\\52114\\Downloads\\akrivis-uat-webapp-firebase\\dataconnect`: GetFileAttributesEx c:\\Users\\52114\\Downloads\\akrivis-uat-webapp-firebase\\dataconnect: The system cannot find the file specified.\n"}}
[debug] [2026-06-29T17:21:21.734Z] E0630 00:21:21.734382    8696 watch.go:40] Failed to load config from "c:\\Users\\52114\\Downloads\\akrivis-uat-webapp-firebase\\dataconnect": could not find dataconnect.yaml in `c:\Users\52114\Downloads\akrivis-uat-webapp-firebase\dataconnect`
 {"metadata":{"emulator":{"name":"dataconnect"},"message":"E0630 00:21:21.734382    8696 watch.go:40] Failed to load config from \"c:\\\\Users\\\\52114\\\\Downloads\\\\akrivis-uat-webapp-firebase\\\\dataconnect\": could not find dataconnect.yaml in `c:\\Users\\52114\\Downloads\\akrivis-uat-webapp-firebase\\dataconnect`\n"}}
[debug] [2026-06-29T17:21:31.710Z] E0630 00:21:31.710104    8696 watch.go:40] Failed to load config from "c:\\Users\\52114\\Downloads\\akrivis-uat-webapp-firebase\\dataconnect": could not find dataconnect.yaml in `c:\Users\52114\Downloads\akrivis-uat-webapp-firebase\dataconnect`
 {"metadata":{"emulator":{"name":"dataconnect"},"message":"E0630 00:21:31.710104    8696 watch.go:40] Failed to load config from \"c:\\\\Users\\\\52114\\\\Downloads\\\\akrivis-uat-webapp-firebase\\\\dataconnect\": could not find dataconnect.yaml in `c:\\Users\\52114\\Downloads\\akrivis-uat-webapp-firebase\\dataconnect`\n"}}
[debug] [2026-06-29T17:21:41.709Z] E0630 00:21:41.709414    8696 watch.go:40] Failed to load config from "c:\\Users\\52114\\Downloads\\akrivis-uat-webapp-firebase\\dataconnect": could not find dataconnect.yaml in `c:\Users\52114\Downloads\akrivis-uat-webapp-firebase\dataconnect`
 {"metadata":{"emulator":{"name":"dataconnect"},"message":"E0630 00:21:41.709414    8696 watch.go:40] Failed to load config from \"c:\\\\Users\\\\52114\\\\Downloads\\\\akrivis-uat-webapp-firebase\\\\dataconnect\": could not find dataconnect.yaml in `c:\\Users\\52114\\Downloads\\akrivis-uat-webapp-firebase\\dataconnect`\n"}}
[debug] [2026-06-29T17:21:51.709Z] E0630 00:21:51.709032    8696 watch.go:40] Failed to load config from "c:\\Users\\52114\\Downloads\\akrivis-uat-webapp-firebase\\dataconnect": could not find dataconnect.yaml in `c:\Users\52114\Downloads\akrivis-uat-webapp-firebase\dataconnect`
 {"metadata":{"emulator":{"name":"dataconnect"},"message":"E0630 00:21:51.709032    8696 watch.go:40] Failed to load config from \"c:\\\\Users\\\\52114\\\\Downloads\\\\akrivis-uat-webapp-firebase\\\\dataconnect\": could not find dataconnect.yaml in `c:\\Users\\52114\\Downloads\\akrivis-uat-webapp-firebase\\dataconnect`\n"}}
[debug] [2026-06-29T17:22:01.709Z] E0630 00:22:01.709424    8696 watch.go:40] Failed to load config from "c:\\Users\\52114\\Downloads\\akrivis-uat-webapp-firebase\\dataconnect": could not find dataconnect.yaml in `c:\Users\52114\Downloads\akrivis-uat-webapp-firebase\dataconnect`
 {"metadata":{"emulator":{"name":"dataconnect"},"message":"E0630 00:22:01.709424    8696 watch.go:40] Failed to load config from \"c:\\\\Users\\\\52114\\\\Downloads\\\\akrivis-uat-webapp-firebase\\\\dataconnect\": could not find dataconnect.yaml in `c:\\Users\\52114\\Downloads\\akrivis-uat-webapp-firebase\\dataconnect`\n"}}
[debug] [2026-06-29T17:22:11.709Z] E0630 00:22:11.709355    8696 watch.go:40] Failed to load config from "c:\\Users\\52114\\Downloads\\akrivis-uat-webapp-firebase\\dataconnect": could not find dataconnect.yaml in `c:\Users\52114\Downloads\akrivis-uat-webapp-firebase\dataconnect`
 {"metadata":{"emulator":{"name":"dataconnect"},"message":"E0630 00:22:11.709355    8696 watch.go:40] Failed to load config from \"c:\\\\Users\\\\52114\\\\Downloads\\\\akrivis-uat-webapp-firebase\\\\dataconnect\": could not find dataconnect.yaml in `c:\\Users\\52114\\Downloads\\akrivis-uat-webapp-firebase\\dataconnect`\n"}}
[debug] [2026-06-29T17:22:21.709Z] E0630 00:22:21.709425    8696 watch.go:116] watchAllDir unable to walk dir `c:\Users\52114\Downloads\akrivis-uat-webapp-firebase\dataconnect`: GetFileAttributesEx c:\Users\52114\Downloads\akrivis-uat-webapp-firebase\dataconnect: The system cannot find the file specified.
 {"metadata":{"emulator":{"name":"dataconnect"},"message":"E0630 00:22:21.709425    8696 watch.go:116] watchAllDir unable to walk dir `c:\\Users\\52114\\Downloads\\akrivis-uat-webapp-firebase\\dataconnect`: GetFileAttributesEx c:\\Users\\52114\\Downloads\\akrivis-uat-webapp-firebase\\dataconnect: The system cannot find the file specified.\n"}}
[debug] [2026-06-29T17:22:21.710Z] E0630 00:22:21.709425    8696 watch.go:40] Failed to load config from "c:\\Users\\52114\\Downloads\\akrivis-uat-webapp-firebase\\dataconnect": could not find dataconnect.yaml in `c:\Users\52114\Downloads\akrivis-uat-webapp-firebase\dataconnect`
 {"metadata":{"emulator":{"name":"dataconnect"},"message":"E0630 00:22:21.709425    8696 watch.go:40] Failed to load config from \"c:\\\\Users\\\\52114\\\\Downloads\\\\akrivis-uat-webapp-firebase\\\\dataconnect\": could not find dataconnect.yaml in `c:\\Users\\52114\\Downloads\\akrivis-uat-webapp-firebase\\dataconnect`\n"}}
[debug] [2026-06-29T17:22:31.709Z] E0630 00:22:31.709151    8696 watch.go:40] Failed to load config from "c:\\Users\\52114\\Downloads\\akrivis-uat-webapp-firebase\\dataconnect": could not find dataconnect.yaml in `c:\Users\52114\Downloads\akrivis-uat-webapp-firebase\dataconnect`
 {"metadata":{"emulator":{"name":"dataconnect"},"message":"E0630 00:22:31.709151    8696 watch.go:40] Failed to load config from \"c:\\\\Users\\\\52114\\\\Downloads\\\\akrivis-uat-webapp-firebase\\\\dataconnect\": could not find dataconnect.yaml in `c:\\Users\\52114\\Downloads\\akrivis-uat-webapp-firebase\\dataconnect`\n"}}
[debug] [2026-06-29T17:22:41.709Z] E0630 00:22:41.709294    8696 watch.go:40] Failed to load config from "c:\\Users\\52114\\Downloads\\akrivis-uat-webapp-firebase\\dataconnect": could not find dataconnect.yaml in `c:\Users\52114\Downloads\akrivis-uat-webapp-firebase\dataconnect`
 {"metadata":{"emulator":{"name":"dataconnect"},"message":"E0630 00:22:41.709294    8696 watch.go:40] Failed to load config from \"c:\\\\Users\\\\52114\\\\Downloads\\\\akrivis-uat-webapp-firebase\\\\dataconnect\": could not find dataconnect.yaml in `c:\\Users\\52114\\Downloads\\akrivis-uat-webapp-firebase\\dataconnect`\n"}}
[debug] [2026-06-29T17:22:51.709Z] E0630 00:22:51.709433    8696 watch.go:40] Failed to load config from "c:\\Users\\52114\\Downloads\\akrivis-uat-webapp-firebase\\dataconnect": could not find dataconnect.yaml in `c:\Users\52114\Downloads\akrivis-uat-webapp-firebase\dataconnect`
 {"metadata":{"emulator":{"name":"dataconnect"},"message":"E0630 00:22:51.709433    8696 watch.go:40] Failed to load config from \"c:\\\\Users\\\\52114\\\\Downloads\\\\akrivis-uat-webapp-firebase\\\\dataconnect\": could not find dataconnect.yaml in `c:\\Users\\52114\\Downloads\\akrivis-uat-webapp-firebase\\dataconnect`\n"}}
[debug] [2026-06-29T17:23:01.709Z] E0630 00:23:01.709101    8696 watch.go:40] Failed to load config from "c:\\Users\\52114\\Downloads\\akrivis-uat-webapp-firebase\\dataconnect": could not find dataconnect.yaml in `c:\Users\52114\Downloads\akrivis-uat-webapp-firebase\dataconnect`
 {"metadata":{"emulator":{"name":"dataconnect"},"message":"E0630 00:23:01.709101    8696 watch.go:40] Failed to load config from \"c:\\\\Users\\\\52114\\\\Downloads\\\\akrivis-uat-webapp-firebase\\\\dataconnect\": could not find dataconnect.yaml in `c:\\Users\\52114\\Downloads\\akrivis-uat-webapp-firebase\\dataconnect`\n"}}
[debug] [2026-06-29T17:23:11.709Z] E0630 00:23:11.709434    8696 watch.go:40] Failed to load config from "c:\\Users\\52114\\Downloads\\akrivis-uat-webapp-firebase\\dataconnect": could not find dataconnect.yaml in `c:\Users\52114\Downloads\akrivis-uat-webapp-firebase\dataconnect`
 {"metadata":{"emulator":{"name":"dataconnect"},"message":"E0630 00:23:11.709434    8696 watch.go:40] Failed to load config from \"c:\\\\Users\\\\52114\\\\Downloads\\\\akrivis-uat-webapp-firebase\\\\dataconnect\": could not find dataconnect.yaml in `c:\\Users\\52114\\Downloads\\akrivis-uat-webapp-firebase\\dataconnect`\n"}}
[debug] [2026-06-29T17:23:21.708Z] E0630 00:23:21.709297    8696 watch.go:116] watchAllDir unable to walk dir `c:\Users\52114\Downloads\akrivis-uat-webapp-firebase\dataconnect`: GetFileAttributesEx c:\Users\52114\Downloads\akrivis-uat-webapp-firebase\dataconnect: The system cannot find the file specified.
E0630 00:23:21.709297    8696 watch.go:40] Failed to load config from "c:\\Users\\52114\\Downloads\\akrivis-uat-webapp-firebase\\dataconnect": could not find dataconnect.yaml in `c:\Users\52114\Downloads\akrivis-uat-webapp-firebase\dataconnect`
 {"metadata":{"emulator":{"name":"dataconnect"},"message":"E0630 00:23:21.709297    8696 watch.go:116] watchAllDir unable to walk dir `c:\\Users\\52114\\Downloads\\akrivis-uat-webapp-firebase\\dataconnect`: GetFileAttributesEx c:\\Users\\52114\\Downloads\\akrivis-uat-webapp-firebase\\dataconnect: The system cannot find the file specified.\nE0630 00:23:21.709297    8696 watch.go:40] Failed to load config from \"c:\\\\Users\\\\52114\\\\Downloads\\\\akrivis-uat-webapp-firebase\\\\dataconnect\": could not find dataconnect.yaml in `c:\\Users\\52114\\Downloads\\akrivis-uat-webapp-firebase\\dataconnect`\n"}}
[debug] [2026-06-29T17:23:31.708Z] E0630 00:23:31.708860    8696 watch.go:40] Failed to load config from "c:\\Users\\52114\\Downloads\\akrivis-uat-webapp-firebase\\dataconnect": could not find dataconnect.yaml in `c:\Users\52114\Downloads\akrivis-uat-webapp-firebase\dataconnect`
 {"metadata":{"emulator":{"name":"dataconnect"},"message":"E0630 00:23:31.708860    8696 watch.go:40] Failed to load config from \"c:\\\\Users\\\\52114\\\\Downloads\\\\akrivis-uat-webapp-firebase\\\\dataconnect\": could not find dataconnect.yaml in `c:\\Users\\52114\\Downloads\\akrivis-uat-webapp-firebase\\dataconnect`\n"}}
[debug] [2026-06-29T17:23:41.708Z] E0630 00:23:41.709179    8696 watch.go:40] Failed to load config from "c:\\Users\\52114\\Downloads\\akrivis-uat-webapp-firebase\\dataconnect": could not find dataconnect.yaml in `c:\Users\52114\Downloads\akrivis-uat-webapp-firebase\dataconnect`
 {"metadata":{"emulator":{"name":"dataconnect"},"message":"E0630 00:23:41.709179    8696 watch.go:40] Failed to load config from \"c:\\\\Users\\\\52114\\\\Downloads\\\\akrivis-uat-webapp-firebase\\\\dataconnect\": could not find dataconnect.yaml in `c:\\Users\\52114\\Downloads\\akrivis-uat-webapp-firebase\\dataconnect`\n"}}
[debug] [2026-06-29T17:23:51.709Z] E0630 00:23:51.709260    8696 watch.go:40] Failed to load config from "c:\\Users\\52114\\Downloads\\akrivis-uat-webapp-firebase\\dataconnect": could not find dataconnect.yaml in `c:\Users\52114\Downloads\akrivis-uat-webapp-firebase\dataconnect`
 {"metadata":{"emulator":{"name":"dataconnect"},"message":"E0630 00:23:51.709260    8696 watch.go:40] Failed to load config from \"c:\\\\Users\\\\52114\\\\Downloads\\\\akrivis-uat-webapp-firebase\\\\dataconnect\": could not find dataconnect.yaml in `c:\\Users\\52114\\Downloads\\akrivis-uat-webapp-firebase\\dataconnect`\n"}}
[debug] [2026-06-29T17:24:01.709Z] E0630 00:24:01.709413    8696 watch.go:40] Failed to load config from "c:\\Users\\52114\\Downloads\\akrivis-uat-webapp-firebase\\dataconnect": could not find dataconnect.yaml in `c:\Users\52114\Downloads\akrivis-uat-webapp-firebase\dataconnect`
 {"metadata":{"emulator":{"name":"dataconnect"},"message":"E0630 00:24:01.709413    8696 watch.go:40] Failed to load config from \"c:\\\\Users\\\\52114\\\\Downloads\\\\akrivis-uat-webapp-firebase\\\\dataconnect\": could not find dataconnect.yaml in `c:\\Users\\52114\\Downloads\\akrivis-uat-webapp-firebase\\dataconnect`\n"}}
[debug] [2026-06-29T17:24:11.709Z] E0630 00:24:11.709596    8696 watch.go:40] Failed to load config from "c:\\Users\\52114\\Downloads\\akrivis-uat-webapp-firebase\\dataconnect": could not find dataconnect.yaml in `c:\Users\52114\Downloads\akrivis-uat-webapp-firebase\dataconnect`
 {"metadata":{"emulator":{"name":"dataconnect"},"message":"E0630 00:24:11.709596    8696 watch.go:40] Failed to load config from \"c:\\\\Users\\\\52114\\\\Downloads\\\\akrivis-uat-webapp-firebase\\\\dataconnect\": could not find dataconnect.yaml in `c:\\Users\\52114\\Downloads\\akrivis-uat-webapp-firebase\\dataconnect`\n"}}
[debug] [2026-06-29T17:24:21.709Z] E0630 00:24:21.708829    8696 watch.go:116] watchAllDir unable to walk dir `c:\Users\52114\Downloads\akrivis-uat-webapp-firebase\dataconnect`: GetFileAttributesEx c:\Users\52114\Downloads\akrivis-uat-webapp-firebase\dataconnect: The system cannot find the file specified.
 {"metadata":{"emulator":{"name":"dataconnect"},"message":"E0630 00:24:21.708829    8696 watch.go:116] watchAllDir unable to walk dir `c:\\Users\\52114\\Downloads\\akrivis-uat-webapp-firebase\\dataconnect`: GetFileAttributesEx c:\\Users\\52114\\Downloads\\akrivis-uat-webapp-firebase\\dataconnect: The system cannot find the file specified.\n"}}
[debug] [2026-06-29T17:24:21.709Z] E0630 00:24:21.708829    8696 watch.go:40] Failed to load config from "c:\\Users\\52114\\Downloads\\akrivis-uat-webapp-firebase\\dataconnect": could not find dataconnect.yaml in `c:\Users\52114\Downloads\akrivis-uat-webapp-firebase\dataconnect`
 {"metadata":{"emulator":{"name":"dataconnect"},"message":"E0630 00:24:21.708829    8696 watch.go:40] Failed to load config from \"c:\\\\Users\\\\52114\\\\Downloads\\\\akrivis-uat-webapp-firebase\\\\dataconnect\": could not find dataconnect.yaml in `c:\\Users\\52114\\Downloads\\akrivis-uat-webapp-firebase\\dataconnect`\n"}}
[debug] [2026-06-29T17:24:31.709Z] E0630 00:24:31.709559    8696 watch.go:40] Failed to load config from "c:\\Users\\52114\\Downloads\\akrivis-uat-webapp-firebase\\dataconnect": could not find dataconnect.yaml in `c:\Users\52114\Downloads\akrivis-uat-webapp-firebase\dataconnect`
 {"metadata":{"emulator":{"name":"dataconnect"},"message":"E0630 00:24:31.709559    8696 watch.go:40] Failed to load config from \"c:\\\\Users\\\\52114\\\\Downloads\\\\akrivis-uat-webapp-firebase\\\\dataconnect\": could not find dataconnect.yaml in `c:\\Users\\52114\\Downloads\\akrivis-uat-webapp-firebase\\dataconnect`\n"}}
[debug] [2026-06-29T17:24:41.709Z] E0630 00:24:41.708841    8696 watch.go:40] Failed to load config from "c:\\Users\\52114\\Downloads\\akrivis-uat-webapp-firebase\\dataconnect": could not find dataconnect.yaml in `c:\Users\52114\Downloads\akrivis-uat-webapp-firebase\dataconnect`
 {"metadata":{"emulator":{"name":"dataconnect"},"message":"E0630 00:24:41.708841    8696 watch.go:40] Failed to load config from \"c:\\\\Users\\\\52114\\\\Downloads\\\\akrivis-uat-webapp-firebase\\\\dataconnect\": could not find dataconnect.yaml in `c:\\Users\\52114\\Downloads\\akrivis-uat-webapp-firebase\\dataconnect`\n"}}
[debug] [2026-06-29T17:24:51.709Z] E0630 00:24:51.709306    8696 watch.go:40] Failed to load config from "c:\\Users\\52114\\Downloads\\akrivis-uat-webapp-firebase\\dataconnect": could not find dataconnect.yaml in `c:\Users\52114\Downloads\akrivis-uat-webapp-firebase\dataconnect`
 {"metadata":{"emulator":{"name":"dataconnect"},"message":"E0630 00:24:51.709306    8696 watch.go:40] Failed to load config from \"c:\\\\Users\\\\52114\\\\Downloads\\\\akrivis-uat-webapp-firebase\\\\dataconnect\": could not find dataconnect.yaml in `c:\\Users\\52114\\Downloads\\akrivis-uat-webapp-firebase\\dataconnect`\n"}}
[debug] [2026-06-29T17:25:01.710Z] E0630 00:25:01.710428    8696 watch.go:40] Failed to load config from "c:\\Users\\52114\\Downloads\\akrivis-uat-webapp-firebase\\dataconnect": could not find dataconnect.yaml in `c:\Users\52114\Downloads\akrivis-uat-webapp-firebase\dataconnect`
 {"metadata":{"emulator":{"name":"dataconnect"},"message":"E0630 00:25:01.710428    8696 watch.go:40] Failed to load config from \"c:\\\\Users\\\\52114\\\\Downloads\\\\akrivis-uat-webapp-firebase\\\\dataconnect\": could not find dataconnect.yaml in `c:\\Users\\52114\\Downloads\\akrivis-uat-webapp-firebase\\dataconnect`\n"}}
[debug] [2026-06-29T17:25:11.710Z] E0630 00:25:11.710303    8696 watch.go:40] Failed to load config from "c:\\Users\\52114\\Downloads\\akrivis-uat-webapp-firebase\\dataconnect": could not find dataconnect.yaml in `c:\Users\52114\Downloads\akrivis-uat-webapp-firebase\dataconnect`
 {"metadata":{"emulator":{"name":"dataconnect"},"message":"E0630 00:25:11.710303    8696 watch.go:40] Failed to load config from \"c:\\\\Users\\\\52114\\\\Downloads\\\\akrivis-uat-webapp-firebase\\\\dataconnect\": could not find dataconnect.yaml in `c:\\Users\\52114\\Downloads\\akrivis-uat-webapp-firebase\\dataconnect`\n"}}
[debug] [2026-06-29T17:25:21.710Z] E0630 00:25:21.710033    8696 watch.go:116] watchAllDir unable to walk dir `c:\Users\52114\Downloads\akrivis-uat-webapp-firebase\dataconnect`: GetFileAttributesEx c:\Users\52114\Downloads\akrivis-uat-webapp-firebase\dataconnect: The system cannot find the file specified.
E0630 00:25:21.710033    8696 watch.go:40] Failed to load config from "c:\\Users\\52114\\Downloads\\akrivis-uat-webapp-firebase\\dataconnect": could not find dataconnect.yaml in `c:\Users\52114\Downloads\akrivis-uat-webapp-firebase\dataconnect`
 {"metadata":{"emulator":{"name":"dataconnect"},"message":"E0630 00:25:21.710033    8696 watch.go:116] watchAllDir unable to walk dir `c:\\Users\\52114\\Downloads\\akrivis-uat-webapp-firebase\\dataconnect`: GetFileAttributesEx c:\\Users\\52114\\Downloads\\akrivis-uat-webapp-firebase\\dataconnect: The system cannot find the file specified.\nE0630 00:25:21.710033    8696 watch.go:40] Failed to load config from \"c:\\\\Users\\\\52114\\\\Downloads\\\\akrivis-uat-webapp-firebase\\\\dataconnect\": could not find dataconnect.yaml in `c:\\Users\\52114\\Downloads\\akrivis-uat-webapp-firebase\\dataconnect`\n"}}
[debug] [2026-06-29T17:25:31.708Z] E0630 00:25:31.708860    8696 watch.go:40] Failed to load config from "c:\\Users\\52114\\Downloads\\akrivis-uat-webapp-firebase\\dataconnect": could not find dataconnect.yaml in `c:\Users\52114\Downloads\akrivis-uat-webapp-firebase\dataconnect`
 {"metadata":{"emulator":{"name":"dataconnect"},"message":"E0630 00:25:31.708860    8696 watch.go:40] Failed to load config from \"c:\\\\Users\\\\52114\\\\Downloads\\\\akrivis-uat-webapp-firebase\\\\dataconnect\": could not find dataconnect.yaml in `c:\\Users\\52114\\Downloads\\akrivis-uat-webapp-firebase\\dataconnect`\n"}}
[debug] [2026-06-29T17:25:41.708Z] E0630 00:25:41.708979    8696 watch.go:40] Failed to load config from "c:\\Users\\52114\\Downloads\\akrivis-uat-webapp-firebase\\dataconnect": could not find dataconnect.yaml in `c:\Users\52114\Downloads\akrivis-uat-webapp-firebase\dataconnect`
 {"metadata":{"emulator":{"name":"dataconnect"},"message":"E0630 00:25:41.708979    8696 watch.go:40] Failed to load config from \"c:\\\\Users\\\\52114\\\\Downloads\\\\akrivis-uat-webapp-firebase\\\\dataconnect\": could not find dataconnect.yaml in `c:\\Users\\52114\\Downloads\\akrivis-uat-webapp-firebase\\dataconnect`\n"}}
[debug] [2026-06-29T17:25:51.746Z] E0630 00:25:51.746813    8696 watch.go:40] Failed to load config from "c:\\Users\\52114\\Downloads\\akrivis-uat-webapp-firebase\\dataconnect": could not find dataconnect.yaml in `c:\Users\52114\Downloads\akrivis-uat-webapp-firebase\dataconnect`
 {"metadata":{"emulator":{"name":"dataconnect"},"message":"E0630 00:25:51.746813    8696 watch.go:40] Failed to load config from \"c:\\\\Users\\\\52114\\\\Downloads\\\\akrivis-uat-webapp-firebase\\\\dataconnect\": could not find dataconnect.yaml in `c:\\Users\\52114\\Downloads\\akrivis-uat-webapp-firebase\\dataconnect`\n"}}
[debug] [2026-06-29T17:26:01.709Z] E0630 00:26:01.709463    8696 watch.go:40] Failed to load config from "c:\\Users\\52114\\Downloads\\akrivis-uat-webapp-firebase\\dataconnect": could not find dataconnect.yaml in `c:\Users\52114\Downloads\akrivis-uat-webapp-firebase\dataconnect`
 {"metadata":{"emulator":{"name":"dataconnect"},"message":"E0630 00:26:01.709463    8696 watch.go:40] Failed to load config from \"c:\\\\Users\\\\52114\\\\Downloads\\\\akrivis-uat-webapp-firebase\\\\dataconnect\": could not find dataconnect.yaml in `c:\\Users\\52114\\Downloads\\akrivis-uat-webapp-firebase\\dataconnect`\n"}}
[debug] [2026-06-29T17:26:11.709Z] E0630 00:26:11.709019    8696 watch.go:40] Failed to load config from "c:\\Users\\52114\\Downloads\\akrivis-uat-webapp-firebase\\dataconnect": could not find dataconnect.yaml in `c:\Users\52114\Downloads\akrivis-uat-webapp-firebase\dataconnect`
 {"metadata":{"emulator":{"name":"dataconnect"},"message":"E0630 00:26:11.709019    8696 watch.go:40] Failed to load config from \"c:\\\\Users\\\\52114\\\\Downloads\\\\akrivis-uat-webapp-firebase\\\\dataconnect\": could not find dataconnect.yaml in `c:\\Users\\52114\\Downloads\\akrivis-uat-webapp-firebase\\dataconnect`\n"}}
[debug] [2026-06-29T17:26:21.709Z] E0630 00:26:21.709438    8696 watch.go:116] watchAllDir unable to walk dir `c:\Users\52114\Downloads\akrivis-uat-webapp-firebase\dataconnect`: GetFileAttributesEx c:\Users\52114\Downloads\akrivis-uat-webapp-firebase\dataconnect: The system cannot find the file specified.
 {"metadata":{"emulator":{"name":"dataconnect"},"message":"E0630 00:26:21.709438    8696 watch.go:116] watchAllDir unable to walk dir `c:\\Users\\52114\\Downloads\\akrivis-uat-webapp-firebase\\dataconnect`: GetFileAttributesEx c:\\Users\\52114\\Downloads\\akrivis-uat-webapp-firebase\\dataconnect: The system cannot find the file specified.\n"}}
[debug] [2026-06-29T17:26:21.710Z] E0630 00:26:21.709948    8696 watch.go:40] Failed to load config from "c:\\Users\\52114\\Downloads\\akrivis-uat-webapp-firebase\\dataconnect": could not find dataconnect.yaml in `c:\Users\52114\Downloads\akrivis-uat-webapp-firebase\dataconnect`
 {"metadata":{"emulator":{"name":"dataconnect"},"message":"E0630 00:26:21.709948    8696 watch.go:40] Failed to load config from \"c:\\\\Users\\\\52114\\\\Downloads\\\\akrivis-uat-webapp-firebase\\\\dataconnect\": could not find dataconnect.yaml in `c:\\Users\\52114\\Downloads\\akrivis-uat-webapp-firebase\\dataconnect`\n"}}
[debug] [2026-06-29T17:26:31.709Z] E0630 00:26:31.709037    8696 watch.go:40] Failed to load config from "c:\\Users\\52114\\Downloads\\akrivis-uat-webapp-firebase\\dataconnect": could not find dataconnect.yaml in `c:\Users\52114\Downloads\akrivis-uat-webapp-firebase\dataconnect`
 {"metadata":{"emulator":{"name":"dataconnect"},"message":"E0630 00:26:31.709037    8696 watch.go:40] Failed to load config from \"c:\\\\Users\\\\52114\\\\Downloads\\\\akrivis-uat-webapp-firebase\\\\dataconnect\": could not find dataconnect.yaml in `c:\\Users\\52114\\Downloads\\akrivis-uat-webapp-firebase\\dataconnect`\n"}}
[debug] [2026-06-29T17:26:41.709Z] E0630 00:26:41.709376    8696 watch.go:40] Failed to load config from "c:\\Users\\52114\\Downloads\\akrivis-uat-webapp-firebase\\dataconnect": could not find dataconnect.yaml in `c:\Users\52114\Downloads\akrivis-uat-webapp-firebase\dataconnect`
 {"metadata":{"emulator":{"name":"dataconnect"},"message":"E0630 00:26:41.709376    8696 watch.go:40] Failed to load config from \"c:\\\\Users\\\\52114\\\\Downloads\\\\akrivis-uat-webapp-firebase\\\\dataconnect\": could not find dataconnect.yaml in `c:\\Users\\52114\\Downloads\\akrivis-uat-webapp-firebase\\dataconnect`\n"}}
[debug] [2026-06-29T17:26:51.709Z] E0630 00:26:51.709287    8696 watch.go:40] Failed to load config from "c:\\Users\\52114\\Downloads\\akrivis-uat-webapp-firebase\\dataconnect": could not find dataconnect.yaml in `c:\Users\52114\Downloads\akrivis-uat-webapp-firebase\dataconnect`
 {"metadata":{"emulator":{"name":"dataconnect"},"message":"E0630 00:26:51.709287    8696 watch.go:40] Failed to load config from \"c:\\\\Users\\\\52114\\\\Downloads\\\\akrivis-uat-webapp-firebase\\\\dataconnect\": could not find dataconnect.yaml in `c:\\Users\\52114\\Downloads\\akrivis-uat-webapp-firebase\\dataconnect`\n"}}
[debug] [2026-06-29T17:27:01.710Z] E0630 00:27:01.709510    8696 watch.go:40] Failed to load config from "c:\\Users\\52114\\Downloads\\akrivis-uat-webapp-firebase\\dataconnect": could not find dataconnect.yaml in `c:\Users\52114\Downloads\akrivis-uat-webapp-firebase\dataconnect`
 {"metadata":{"emulator":{"name":"dataconnect"},"message":"E0630 00:27:01.709510    8696 watch.go:40] Failed to load config from \"c:\\\\Users\\\\52114\\\\Downloads\\\\akrivis-uat-webapp-firebase\\\\dataconnect\": could not find dataconnect.yaml in `c:\\Users\\52114\\Downloads\\akrivis-uat-webapp-firebase\\dataconnect`\n"}}
[debug] [2026-06-29T17:27:11.710Z] E0630 00:27:11.709672    8696 watch.go:40] Failed to load config from "c:\\Users\\52114\\Downloads\\akrivis-uat-webapp-firebase\\dataconnect": could not find dataconnect.yaml in `c:\Users\52114\Downloads\akrivis-uat-webapp-firebase\dataconnect`
 {"metadata":{"emulator":{"name":"dataconnect"},"message":"E0630 00:27:11.709672    8696 watch.go:40] Failed to load config from \"c:\\\\Users\\\\52114\\\\Downloads\\\\akrivis-uat-webapp-firebase\\\\dataconnect\": could not find dataconnect.yaml in `c:\\Users\\52114\\Downloads\\akrivis-uat-webapp-firebase\\dataconnect`\n"}}
[debug] [2026-06-29T17:27:21.709Z] E0630 00:27:21.708906    8696 watch.go:116] watchAllDir unable to walk dir `c:\Users\52114\Downloads\akrivis-uat-webapp-firebase\dataconnect`: GetFileAttributesEx c:\Users\52114\Downloads\akrivis-uat-webapp-firebase\dataconnect: The system cannot find the file specified.
 {"metadata":{"emulator":{"name":"dataconnect"},"message":"E0630 00:27:21.708906    8696 watch.go:116] watchAllDir unable to walk dir `c:\\Users\\52114\\Downloads\\akrivis-uat-webapp-firebase\\dataconnect`: GetFileAttributesEx c:\\Users\\52114\\Downloads\\akrivis-uat-webapp-firebase\\dataconnect: The system cannot find the file specified.\n"}}
[debug] [2026-06-29T17:27:21.709Z] E0630 00:27:21.708906    8696 watch.go:40] Failed to load config from "c:\\Users\\52114\\Downloads\\akrivis-uat-webapp-firebase\\dataconnect": could not find dataconnect.yaml in `c:\Users\52114\Downloads\akrivis-uat-webapp-firebase\dataconnect`
 {"metadata":{"emulator":{"name":"dataconnect"},"message":"E0630 00:27:21.708906    8696 watch.go:40] Failed to load config from \"c:\\\\Users\\\\52114\\\\Downloads\\\\akrivis-uat-webapp-firebase\\\\dataconnect\": could not find dataconnect.yaml in `c:\\Users\\52114\\Downloads\\akrivis-uat-webapp-firebase\\dataconnect`\n"}}
[debug] [2026-06-29T17:27:31.709Z] E0630 00:27:31.709147    8696 watch.go:40] Failed to load config from "c:\\Users\\52114\\Downloads\\akrivis-uat-webapp-firebase\\dataconnect": could not find dataconnect.yaml in `c:\Users\52114\Downloads\akrivis-uat-webapp-firebase\dataconnect`
 {"metadata":{"emulator":{"name":"dataconnect"},"message":"E0630 00:27:31.709147    8696 watch.go:40] Failed to load config from \"c:\\\\Users\\\\52114\\\\Downloads\\\\akrivis-uat-webapp-firebase\\\\dataconnect\": could not find dataconnect.yaml in `c:\\Users\\52114\\Downloads\\akrivis-uat-webapp-firebase\\dataconnect`\n"}}
[debug] [2026-06-29T17:27:41.709Z] E0630 00:27:41.709445    8696 watch.go:40] Failed to load config from "c:\\Users\\52114\\Downloads\\akrivis-uat-webapp-firebase\\dataconnect": could not find dataconnect.yaml in `c:\Users\52114\Downloads\akrivis-uat-webapp-firebase\dataconnect`
 {"metadata":{"emulator":{"name":"dataconnect"},"message":"E0630 00:27:41.709445    8696 watch.go:40] Failed to load config from \"c:\\\\Users\\\\52114\\\\Downloads\\\\akrivis-uat-webapp-firebase\\\\dataconnect\": could not find dataconnect.yaml in `c:\\Users\\52114\\Downloads\\akrivis-uat-webapp-firebase\\dataconnect`\n"}}
[debug] [2026-06-29T17:27:51.709Z] E0630 00:27:51.708903    8696 watch.go:40] Failed to load config from "c:\\Users\\52114\\Downloads\\akrivis-uat-webapp-firebase\\dataconnect": could not find dataconnect.yaml in `c:\Users\52114\Downloads\akrivis-uat-webapp-firebase\dataconnect`
 {"metadata":{"emulator":{"name":"dataconnect"},"message":"E0630 00:27:51.708903    8696 watch.go:40] Failed to load config from \"c:\\\\Users\\\\52114\\\\Downloads\\\\akrivis-uat-webapp-firebase\\\\dataconnect\": could not find dataconnect.yaml in `c:\\Users\\52114\\Downloads\\akrivis-uat-webapp-firebase\\dataconnect`\n"}}
[debug] [2026-06-29T17:28:01.709Z] E0630 00:28:01.709277    8696 watch.go:40] Failed to load config from "c:\\Users\\52114\\Downloads\\akrivis-uat-webapp-firebase\\dataconnect": could not find dataconnect.yaml in `c:\Users\52114\Downloads\akrivis-uat-webapp-firebase\dataconnect`
 {"metadata":{"emulator":{"name":"dataconnect"},"message":"E0630 00:28:01.709277    8696 watch.go:40] Failed to load config from \"c:\\\\Users\\\\52114\\\\Downloads\\\\akrivis-uat-webapp-firebase\\\\dataconnect\": could not find dataconnect.yaml in `c:\\Users\\52114\\Downloads\\akrivis-uat-webapp-firebase\\dataconnect`\n"}}
[debug] [2026-06-29T17:28:11.708Z] E0630 00:28:11.709094    8696 watch.go:40] Failed to load config from "c:\\Users\\52114\\Downloads\\akrivis-uat-webapp-firebase\\dataconnect": could not find dataconnect.yaml in `c:\Users\52114\Downloads\akrivis-uat-webapp-firebase\dataconnect`
 {"metadata":{"emulator":{"name":"dataconnect"},"message":"E0630 00:28:11.709094    8696 watch.go:40] Failed to load config from \"c:\\\\Users\\\\52114\\\\Downloads\\\\akrivis-uat-webapp-firebase\\\\dataconnect\": could not find dataconnect.yaml in `c:\\Users\\52114\\Downloads\\akrivis-uat-webapp-firebase\\dataconnect`\n"}}
[debug] [2026-06-29T17:28:21.709Z] E0630 00:28:21.709424    8696 watch.go:116] watchAllDir unable to walk dir `c:\Users\52114\Downloads\akrivis-uat-webapp-firebase\dataconnect`: GetFileAttributesEx c:\Users\52114\Downloads\akrivis-uat-webapp-firebase\dataconnect: The system cannot find the file specified.
 {"metadata":{"emulator":{"name":"dataconnect"},"message":"E0630 00:28:21.709424    8696 watch.go:116] watchAllDir unable to walk dir `c:\\Users\\52114\\Downloads\\akrivis-uat-webapp-firebase\\dataconnect`: GetFileAttributesEx c:\\Users\\52114\\Downloads\\akrivis-uat-webapp-firebase\\dataconnect: The system cannot find the file specified.\n"}}
[debug] [2026-06-29T17:28:21.710Z] E0630 00:28:21.709424    8696 watch.go:40] Failed to load config from "c:\\Users\\52114\\Downloads\\akrivis-uat-webapp-firebase\\dataconnect": could not find dataconnect.yaml in `c:\Users\52114\Downloads\akrivis-uat-webapp-firebase\dataconnect`
 {"metadata":{"emulator":{"name":"dataconnect"},"message":"E0630 00:28:21.709424    8696 watch.go:40] Failed to load config from \"c:\\\\Users\\\\52114\\\\Downloads\\\\akrivis-uat-webapp-firebase\\\\dataconnect\": could not find dataconnect.yaml in `c:\\Users\\52114\\Downloads\\akrivis-uat-webapp-firebase\\dataconnect`\n"}}
[info] [Firebase Plugin] Stopping SQL Connect toolkit
[warn] !  SQL Connect Emulator has exited upon receiving signal: SIGINT 
[debug] [2026-06-29T17:29:09.363Z] [Firebase Plugin] Activating Firebase extension.
[info] [Firebase Plugin] Checked firebase-tools, is up to date!
[debug] [2026-06-29T17:29:13.695Z] [Firebase Plugin] requireAuthWrapper
[debug] [2026-06-29T17:29:13.697Z] > command requires scopes: ["email","openid","https://www.googleapis.com/auth/cloudplatformprojects.readonly","https://www.googleapis.com/auth/firebase","https://www.googleapis.com/auth/cloud-platform"]
[debug] [2026-06-29T17:29:13.698Z] > authorizing via signed-in user (attapon.j@ltrthailand.com)
[debug] [2026-06-29T17:29:13.702Z] Checked if tokens are valid: true, expires at: 1782756724694
[debug] [2026-06-29T17:29:13.703Z] Checked if tokens are valid: true, expires at: 1782756724694
[debug] [2026-06-29T17:29:13.703Z] [Firebase Plugin] User found:  attapon.j@ltrthailand.com
[info] [Firebase Plugin] (Core:Project) New user detected, fetching projects
[debug] [2026-06-29T17:29:13.705Z] Checked if tokens are valid: true, expires at: 1782756724694
[debug] [2026-06-29T17:29:13.707Z] >>> [apiv2][query] GET https://firebase.googleapis.com/v1beta1/projects pageSize=1000
[debug] [2026-06-29T17:29:13.722Z] [Firebase Plugin] VSCode notification server listening on port 40001
[info] [Firebase Plugin] Starting SQL Connect toolkit (version 3.4.11) on port 50001
[debug] [2026-06-29T17:29:14.289Z] 'fdc build' failed with error: Unable to build your SQL Connect schema and connectors (exit code 1): E0630 00:29:14.283403   25732 cmd.go:43] Error loading data connect config: could not find dataconnect.yaml in `c:\Users\52114\Downloads\akrivis-uat-webapp-firebase\dataconnect`
 {"metadata":{"emulator":{"name":"dataconnect"},"message":"'fdc build' failed with error: Unable to build your SQL Connect schema and connectors (exit code 1): E0630 00:29:14.283403   25732 cmd.go:43] Error loading data connect config: could not find dataconnect.yaml in `c:\\Users\\52114\\Downloads\\akrivis-uat-webapp-firebase\\dataconnect`\n"}}
[debug] [2026-06-29T17:29:14.290Z] Ignoring unsupported arg: auto_download {"metadata":{"emulator":{"name":"dataconnect"},"message":"Ignoring unsupported arg: auto_download"}}
[debug] [2026-06-29T17:29:14.290Z] Ignoring unsupported arg: port {"metadata":{"emulator":{"name":"dataconnect"},"message":"Ignoring unsupported arg: port"}}
[debug] [2026-06-29T17:29:14.290Z] Starting SQL Connect Emulator with command {"binary":"C:\\Users\\52114\\.cache\\firebase\\emulators\\dataconnect-emulator-3.4.11.exe","args":["--logtostderr","-v=2","dev","--listen=localhost:50001","--config_dir=c:\\Users\\52114\\Downloads\\akrivis-uat-webapp-firebase\\dataconnect","--enable_output_schema_extensions=true","--enable_output_generated_sdk=true"],"optionalArgs":["listen","config_dir","enable_output_schema_extensions","enable_output_generated_sdk"],"joinArgs":true,"shell":false,"port":9399} {"metadata":{"emulator":{"name":"dataconnect"},"message":"Starting SQL Connect Emulator with command {\"binary\":\"C:\\\\Users\\\\52114\\\\.cache\\\\firebase\\\\emulators\\\\dataconnect-emulator-3.4.11.exe\",\"args\":[\"--logtostderr\",\"-v=2\",\"dev\",\"--listen=localhost:50001\",\"--config_dir=c:\\\\Users\\\\52114\\\\Downloads\\\\akrivis-uat-webapp-firebase\\\\dataconnect\",\"--enable_output_schema_extensions=true\",\"--enable_output_generated_sdk=true\"],\"optionalArgs\":[\"listen\",\"config_dir\",\"enable_output_schema_extensions\",\"enable_output_generated_sdk\"],\"joinArgs\":true,\"shell\":false,\"port\":9399}"}}
[info] i  dataconnect: SQL Connect Emulator logging to dataconnect-debug.log {"metadata":{"emulator":{"name":"dataconnect"},"message":"SQL Connect Emulator logging to \u001b[1mdataconnect-debug.log\u001b[22m"}}
[debug] [2026-06-29T17:29:14.343Z] E0630 00:29:14.342795   17672 dev.go:83] Failed to load initial config from "c:\\Users\\52114\\Downloads\\akrivis-uat-webapp-firebase\\dataconnect": could not find dataconnect.yaml in `c:\Users\52114\Downloads\akrivis-uat-webapp-firebase\dataconnect`
 {"metadata":{"emulator":{"name":"dataconnect"},"message":"E0630 00:29:14.342795   17672 dev.go:83] Failed to load initial config from \"c:\\\\Users\\\\52114\\\\Downloads\\\\akrivis-uat-webapp-firebase\\\\dataconnect\": could not find dataconnect.yaml in `c:\\Users\\52114\\Downloads\\akrivis-uat-webapp-firebase\\dataconnect`\n"}}
[debug] [2026-06-29T17:29:14.344Z] E0630 00:29:14.343932   17672 watch.go:116] watchAllDir unable to walk dir `c:\Users\52114\Downloads\akrivis-uat-webapp-firebase\dataconnect`: GetFileAttributesEx c:\Users\52114\Downloads\akrivis-uat-webapp-firebase\dataconnect: The system cannot find the file specified.
 {"metadata":{"emulator":{"name":"dataconnect"},"message":"E0630 00:29:14.343932   17672 watch.go:116] watchAllDir unable to walk dir `c:\\Users\\52114\\Downloads\\akrivis-uat-webapp-firebase\\dataconnect`: GetFileAttributesEx c:\\Users\\52114\\Downloads\\akrivis-uat-webapp-firebase\\dataconnect: The system cannot find the file specified.\n"}}
[debug] [2026-06-29T17:29:14.714Z] I0630 00:29:14.370943   17672 dev.go:104] Listening on address (HTTP + gRPC): 127.0.0.1:50001
 {"metadata":{"emulator":{"name":"dataconnect"},"message":"I0630 00:29:14.370943   17672 dev.go:104] Listening on address (HTTP + gRPC): 127.0.0.1:50001\n"}}
[error] [Firebase Plugin] error:  {}
[debug] [2026-06-29T17:29:15.427Z] <<< [apiv2][status] GET https://firebase.googleapis.com/v1beta1/projects 200
[debug] [2026-06-29T17:29:15.427Z] <<< [apiv2][body] GET https://firebase.googleapis.com/v1beta1/projects [omitted]
[debug] [2026-06-29T17:29:24.344Z] E0630 00:29:24.344483   17672 watch.go:40] Failed to load config from "c:\\Users\\52114\\Downloads\\akrivis-uat-webapp-firebase\\dataconnect": could not find dataconnect.yaml in `c:\Users\52114\Downloads\akrivis-uat-webapp-firebase\dataconnect`
 {"metadata":{"emulator":{"name":"dataconnect"},"message":"E0630 00:29:24.344483   17672 watch.go:40] Failed to load config from \"c:\\\\Users\\\\52114\\\\Downloads\\\\akrivis-uat-webapp-firebase\\\\dataconnect\": could not find dataconnect.yaml in `c:\\Users\\52114\\Downloads\\akrivis-uat-webapp-firebase\\dataconnect`\n"}}
[debug] [2026-06-29T17:29:34.344Z] E0630 00:29:34.344429   17672 watch.go:40] Failed to load config from "c:\\Users\\52114\\Downloads\\akrivis-uat-webapp-firebase\\dataconnect": could not find dataconnect.yaml in `c:\Users\52114\Downloads\akrivis-uat-webapp-firebase\dataconnect`
 {"metadata":{"emulator":{"name":"dataconnect"},"message":"E0630 00:29:34.344429   17672 watch.go:40] Failed to load config from \"c:\\\\Users\\\\52114\\\\Downloads\\\\akrivis-uat-webapp-firebase\\\\dataconnect\": could not find dataconnect.yaml in `c:\\Users\\52114\\Downloads\\akrivis-uat-webapp-firebase\\dataconnect`\n"}}
[debug] [2026-06-29T17:29:44.344Z] E0630 00:29:44.344757   17672 watch.go:40] Failed to load config from "c:\\Users\\52114\\Downloads\\akrivis-uat-webapp-firebase\\dataconnect": could not find dataconnect.yaml in `c:\Users\52114\Downloads\akrivis-uat-webapp-firebase\dataconnect`
 {"metadata":{"emulator":{"name":"dataconnect"},"message":"E0630 00:29:44.344757   17672 watch.go:40] Failed to load config from \"c:\\\\Users\\\\52114\\\\Downloads\\\\akrivis-uat-webapp-firebase\\\\dataconnect\": could not find dataconnect.yaml in `c:\\Users\\52114\\Downloads\\akrivis-uat-webapp-firebase\\dataconnect`\n"}}
[debug] [2026-06-29T17:29:54.344Z] E0630 00:29:54.344451   17672 watch.go:40] Failed to load config from "c:\\Users\\52114\\Downloads\\akrivis-uat-webapp-firebase\\dataconnect": could not find dataconnect.yaml in `c:\Users\52114\Downloads\akrivis-uat-webapp-firebase\dataconnect`
 {"metadata":{"emulator":{"name":"dataconnect"},"message":"E0630 00:29:54.344451   17672 watch.go:40] Failed to load config from \"c:\\\\Users\\\\52114\\\\Downloads\\\\akrivis-uat-webapp-firebase\\\\dataconnect\": could not find dataconnect.yaml in `c:\\Users\\52114\\Downloads\\akrivis-uat-webapp-firebase\\dataconnect`\n"}}
[debug] [2026-06-29T17:30:04.344Z] E0630 00:30:04.344256   17672 watch.go:40] Failed to load config from "c:\\Users\\52114\\Downloads\\akrivis-uat-webapp-firebase\\dataconnect": could not find dataconnect.yaml in `c:\Users\52114\Downloads\akrivis-uat-webapp-firebase\dataconnect`
 {"metadata":{"emulator":{"name":"dataconnect"},"message":"E0630 00:30:04.344256   17672 watch.go:40] Failed to load config from \"c:\\\\Users\\\\52114\\\\Downloads\\\\akrivis-uat-webapp-firebase\\\\dataconnect\": could not find dataconnect.yaml in `c:\\Users\\52114\\Downloads\\akrivis-uat-webapp-firebase\\dataconnect`\n"}}
[debug] [2026-06-29T17:30:14.344Z] E0630 00:30:14.344230   17672 watch.go:116] watchAllDir unable to walk dir `c:\Users\52114\Downloads\akrivis-uat-webapp-firebase\dataconnect`: GetFileAttributesEx c:\Users\52114\Downloads\akrivis-uat-webapp-firebase\dataconnect: The system cannot find the file specified.
E0630 00:30:14.344230   17672 watch.go:40] Failed to load config from "c:\\Users\\52114\\Downloads\\akrivis-uat-webapp-firebase\\dataconnect": could not find dataconnect.yaml in `c:\Users\52114\Downloads\akrivis-uat-webapp-firebase\dataconnect`
 {"metadata":{"emulator":{"name":"dataconnect"},"message":"E0630 00:30:14.344230   17672 watch.go:116] watchAllDir unable to walk dir `c:\\Users\\52114\\Downloads\\akrivis-uat-webapp-firebase\\dataconnect`: GetFileAttributesEx c:\\Users\\52114\\Downloads\\akrivis-uat-webapp-firebase\\dataconnect: The system cannot find the file specified.\nE0630 00:30:14.344230   17672 watch.go:40] Failed to load config from \"c:\\\\Users\\\\52114\\\\Downloads\\\\akrivis-uat-webapp-firebase\\\\dataconnect\": could not find dataconnect.yaml in `c:\\Users\\52114\\Downloads\\akrivis-uat-webapp-firebase\\dataconnect`\n"}}
[debug] [2026-06-29T17:30:24.344Z] E0630 00:30:24.344402   17672 watch.go:40] Failed to load config from "c:\\Users\\52114\\Downloads\\akrivis-uat-webapp-firebase\\dataconnect": could not find dataconnect.yaml in `c:\Users\52114\Downloads\akrivis-uat-webapp-firebase\dataconnect`
 {"metadata":{"emulator":{"name":"dataconnect"},"message":"E0630 00:30:24.344402   17672 watch.go:40] Failed to load config from \"c:\\\\Users\\\\52114\\\\Downloads\\\\akrivis-uat-webapp-firebase\\\\dataconnect\": could not find dataconnect.yaml in `c:\\Users\\52114\\Downloads\\akrivis-uat-webapp-firebase\\dataconnect`\n"}}
[debug] [2026-06-29T17:30:34.344Z] E0630 00:30:34.344670   17672 watch.go:40] Failed to load config from "c:\\Users\\52114\\Downloads\\akrivis-uat-webapp-firebase\\dataconnect": could not find dataconnect.yaml in `c:\Users\52114\Downloads\akrivis-uat-webapp-firebase\dataconnect`
 {"metadata":{"emulator":{"name":"dataconnect"},"message":"E0630 00:30:34.344670   17672 watch.go:40] Failed to load config from \"c:\\\\Users\\\\52114\\\\Downloads\\\\akrivis-uat-webapp-firebase\\\\dataconnect\": could not find dataconnect.yaml in `c:\\Users\\52114\\Downloads\\akrivis-uat-webapp-firebase\\dataconnect`\n"}}
[debug] [2026-06-29T17:30:44.344Z] E0630 00:30:44.344151   17672 watch.go:40] Failed to load config from "c:\\Users\\52114\\Downloads\\akrivis-uat-webapp-firebase\\dataconnect": could not find dataconnect.yaml in `c:\Users\52114\Downloads\akrivis-uat-webapp-firebase\dataconnect`
 {"metadata":{"emulator":{"name":"dataconnect"},"message":"E0630 00:30:44.344151   17672 watch.go:40] Failed to load config from \"c:\\\\Users\\\\52114\\\\Downloads\\\\akrivis-uat-webapp-firebase\\\\dataconnect\": could not find dataconnect.yaml in `c:\\Users\\52114\\Downloads\\akrivis-uat-webapp-firebase\\dataconnect`\n"}}
[debug] [2026-06-29T17:30:54.344Z] E0630 00:30:54.344304   17672 watch.go:40] Failed to load config from "c:\\Users\\52114\\Downloads\\akrivis-uat-webapp-firebase\\dataconnect": could not find dataconnect.yaml in `c:\Users\52114\Downloads\akrivis-uat-webapp-firebase\dataconnect`
 {"metadata":{"emulator":{"name":"dataconnect"},"message":"E0630 00:30:54.344304   17672 watch.go:40] Failed to load config from \"c:\\\\Users\\\\52114\\\\Downloads\\\\akrivis-uat-webapp-firebase\\\\dataconnect\": could not find dataconnect.yaml in `c:\\Users\\52114\\Downloads\\akrivis-uat-webapp-firebase\\dataconnect`\n"}}
[debug] [2026-06-29T17:31:04.344Z] E0630 00:31:04.344272   17672 watch.go:40] Failed to load config from "c:\\Users\\52114\\Downloads\\akrivis-uat-webapp-firebase\\dataconnect": could not find dataconnect.yaml in `c:\Users\52114\Downloads\akrivis-uat-webapp-firebase\dataconnect`
 {"metadata":{"emulator":{"name":"dataconnect"},"message":"E0630 00:31:04.344272   17672 watch.go:40] Failed to load config from \"c:\\\\Users\\\\52114\\\\Downloads\\\\akrivis-uat-webapp-firebase\\\\dataconnect\": could not find dataconnect.yaml in `c:\\Users\\52114\\Downloads\\akrivis-uat-webapp-firebase\\dataconnect`\n"}}
[debug] [2026-06-29T17:31:14.345Z] E0630 00:31:14.345025   17672 watch.go:116] watchAllDir unable to walk dir `c:\Users\52114\Downloads\akrivis-uat-webapp-firebase\dataconnect`: GetFileAttributesEx c:\Users\52114\Downloads\akrivis-uat-webapp-firebase\dataconnect: The system cannot find the file specified.
 {"metadata":{"emulator":{"name":"dataconnect"},"message":"E0630 00:31:14.345025   17672 watch.go:116] watchAllDir unable to walk dir `c:\\Users\\52114\\Downloads\\akrivis-uat-webapp-firebase\\dataconnect`: GetFileAttributesEx c:\\Users\\52114\\Downloads\\akrivis-uat-webapp-firebase\\dataconnect: The system cannot find the file specified.\n"}}
[debug] [2026-06-29T17:31:14.347Z] E0630 00:31:14.347295   17672 watch.go:40] Failed to load config from "c:\\Users\\52114\\Downloads\\akrivis-uat-webapp-firebase\\dataconnect": could not find dataconnect.yaml in `c:\Users\52114\Downloads\akrivis-uat-webapp-firebase\dataconnect`
 {"metadata":{"emulator":{"name":"dataconnect"},"message":"E0630 00:31:14.347295   17672 watch.go:40] Failed to load config from \"c:\\\\Users\\\\52114\\\\Downloads\\\\akrivis-uat-webapp-firebase\\\\dataconnect\": could not find dataconnect.yaml in `c:\\Users\\52114\\Downloads\\akrivis-uat-webapp-firebase\\dataconnect`\n"}}
[debug] [2026-06-29T17:31:24.344Z] E0630 00:31:24.344266   17672 watch.go:40] Failed to load config from "c:\\Users\\52114\\Downloads\\akrivis-uat-webapp-firebase\\dataconnect": could not find dataconnect.yaml in `c:\Users\52114\Downloads\akrivis-uat-webapp-firebase\dataconnect`
 {"metadata":{"emulator":{"name":"dataconnect"},"message":"E0630 00:31:24.344266   17672 watch.go:40] Failed to load config from \"c:\\\\Users\\\\52114\\\\Downloads\\\\akrivis-uat-webapp-firebase\\\\dataconnect\": could not find dataconnect.yaml in `c:\\Users\\52114\\Downloads\\akrivis-uat-webapp-firebase\\dataconnect`\n"}}
[debug] [2026-06-29T17:31:34.344Z] E0630 00:31:34.344236   17672 watch.go:40] Failed to load config from "c:\\Users\\52114\\Downloads\\akrivis-uat-webapp-firebase\\dataconnect": could not find dataconnect.yaml in `c:\Users\52114\Downloads\akrivis-uat-webapp-firebase\dataconnect`
 {"metadata":{"emulator":{"name":"dataconnect"},"message":"E0630 00:31:34.344236   17672 watch.go:40] Failed to load config from \"c:\\\\Users\\\\52114\\\\Downloads\\\\akrivis-uat-webapp-firebase\\\\dataconnect\": could not find dataconnect.yaml in `c:\\Users\\52114\\Downloads\\akrivis-uat-webapp-firebase\\dataconnect`\n"}}
[debug] [2026-06-29T17:31:44.344Z] E0630 00:31:44.344552   17672 watch.go:40] Failed to load config from "c:\\Users\\52114\\Downloads\\akrivis-uat-webapp-firebase\\dataconnect": could not find dataconnect.yaml in `c:\Users\52114\Downloads\akrivis-uat-webapp-firebase\dataconnect`
 {"metadata":{"emulator":{"name":"dataconnect"},"message":"E0630 00:31:44.344552   17672 watch.go:40] Failed to load config from \"c:\\\\Users\\\\52114\\\\Downloads\\\\akrivis-uat-webapp-firebase\\\\dataconnect\": could not find dataconnect.yaml in `c:\\Users\\52114\\Downloads\\akrivis-uat-webapp-firebase\\dataconnect`\n"}}
[debug] [2026-06-29T17:31:54.344Z] E0630 00:31:54.344997   17672 watch.go:40] Failed to load config from "c:\\Users\\52114\\Downloads\\akrivis-uat-webapp-firebase\\dataconnect": could not find dataconnect.yaml in `c:\Users\52114\Downloads\akrivis-uat-webapp-firebase\dataconnect`
 {"metadata":{"emulator":{"name":"dataconnect"},"message":"E0630 00:31:54.344997   17672 watch.go:40] Failed to load config from \"c:\\\\Users\\\\52114\\\\Downloads\\\\akrivis-uat-webapp-firebase\\\\dataconnect\": could not find dataconnect.yaml in `c:\\Users\\52114\\Downloads\\akrivis-uat-webapp-firebase\\dataconnect`\n"}}
[debug] [2026-06-29T17:32:04.344Z] E0630 00:32:04.344101   17672 watch.go:40] Failed to load config from "c:\\Users\\52114\\Downloads\\akrivis-uat-webapp-firebase\\dataconnect": could not find dataconnect.yaml in `c:\Users\52114\Downloads\akrivis-uat-webapp-firebase\dataconnect`
 {"metadata":{"emulator":{"name":"dataconnect"},"message":"E0630 00:32:04.344101   17672 watch.go:40] Failed to load config from \"c:\\\\Users\\\\52114\\\\Downloads\\\\akrivis-uat-webapp-firebase\\\\dataconnect\": could not find dataconnect.yaml in `c:\\Users\\52114\\Downloads\\akrivis-uat-webapp-firebase\\dataconnect`\n"}}
[debug] [2026-06-29T17:32:14.344Z] E0630 00:32:14.344915   17672 watch.go:116] watchAllDir unable to walk dir `c:\Users\52114\Downloads\akrivis-uat-webapp-firebase\dataconnect`: GetFileAttributesEx c:\Users\52114\Downloads\akrivis-uat-webapp-firebase\dataconnect: The system cannot find the file specified.
 {"metadata":{"emulator":{"name":"dataconnect"},"message":"E0630 00:32:14.344915   17672 watch.go:116] watchAllDir unable to walk dir `c:\\Users\\52114\\Downloads\\akrivis-uat-webapp-firebase\\dataconnect`: GetFileAttributesEx c:\\Users\\52114\\Downloads\\akrivis-uat-webapp-firebase\\dataconnect: The system cannot find the file specified.\n"}}
[debug] [2026-06-29T17:32:14.349Z] E0630 00:32:14.344915   17672 watch.go:40] Failed to load config from "c:\\Users\\52114\\Downloads\\akrivis-uat-webapp-firebase\\dataconnect": could not find dataconnect.yaml in `c:\Users\52114\Downloads\akrivis-uat-webapp-firebase\dataconnect`
 {"metadata":{"emulator":{"name":"dataconnect"},"message":"E0630 00:32:14.344915   17672 watch.go:40] Failed to load config from \"c:\\\\Users\\\\52114\\\\Downloads\\\\akrivis-uat-webapp-firebase\\\\dataconnect\": could not find dataconnect.yaml in `c:\\Users\\52114\\Downloads\\akrivis-uat-webapp-firebase\\dataconnect`\n"}}
[debug] [2026-06-29T17:32:24.344Z] E0630 00:32:24.344393   17672 watch.go:40] Failed to load config from "c:\\Users\\52114\\Downloads\\akrivis-uat-webapp-firebase\\dataconnect": could not find dataconnect.yaml in `c:\Users\52114\Downloads\akrivis-uat-webapp-firebase\dataconnect`
 {"metadata":{"emulator":{"name":"dataconnect"},"message":"E0630 00:32:24.344393   17672 watch.go:40] Failed to load config from \"c:\\\\Users\\\\52114\\\\Downloads\\\\akrivis-uat-webapp-firebase\\\\dataconnect\": could not find dataconnect.yaml in `c:\\Users\\52114\\Downloads\\akrivis-uat-webapp-firebase\\dataconnect`\n"}}
[debug] [2026-06-29T17:32:34.344Z] E0630 00:32:34.344806   17672 watch.go:40] Failed to load config from "c:\\Users\\52114\\Downloads\\akrivis-uat-webapp-firebase\\dataconnect": could not find dataconnect.yaml in `c:\Users\52114\Downloads\akrivis-uat-webapp-firebase\dataconnect`
 {"metadata":{"emulator":{"name":"dataconnect"},"message":"E0630 00:32:34.344806   17672 watch.go:40] Failed to load config from \"c:\\\\Users\\\\52114\\\\Downloads\\\\akrivis-uat-webapp-firebase\\\\dataconnect\": could not find dataconnect.yaml in `c:\\Users\\52114\\Downloads\\akrivis-uat-webapp-firebase\\dataconnect`\n"}}
[debug] [2026-06-29T17:32:44.344Z] E0630 00:32:44.344562   17672 watch.go:40] Failed to load config from "c:\\Users\\52114\\Downloads\\akrivis-uat-webapp-firebase\\dataconnect": could not find dataconnect.yaml in `c:\Users\52114\Downloads\akrivis-uat-webapp-firebase\dataconnect`
 {"metadata":{"emulator":{"name":"dataconnect"},"message":"E0630 00:32:44.344562   17672 watch.go:40] Failed to load config from \"c:\\\\Users\\\\52114\\\\Downloads\\\\akrivis-uat-webapp-firebase\\\\dataconnect\": could not find dataconnect.yaml in `c:\\Users\\52114\\Downloads\\akrivis-uat-webapp-firebase\\dataconnect`\n"}}
[debug] [2026-06-29T17:32:54.344Z] E0630 00:32:54.344115   17672 watch.go:40] Failed to load config from "c:\\Users\\52114\\Downloads\\akrivis-uat-webapp-firebase\\dataconnect": could not find dataconnect.yaml in `c:\Users\52114\Downloads\akrivis-uat-webapp-firebase\dataconnect`
 {"metadata":{"emulator":{"name":"dataconnect"},"message":"E0630 00:32:54.344115   17672 watch.go:40] Failed to load config from \"c:\\\\Users\\\\52114\\\\Downloads\\\\akrivis-uat-webapp-firebase\\\\dataconnect\": could not find dataconnect.yaml in `c:\\Users\\52114\\Downloads\\akrivis-uat-webapp-firebase\\dataconnect`\n"}}
[debug] [2026-06-29T17:33:04.344Z] E0630 00:33:04.344117   17672 watch.go:40] Failed to load config from "c:\\Users\\52114\\Downloads\\akrivis-uat-webapp-firebase\\dataconnect": could not find dataconnect.yaml in `c:\Users\52114\Downloads\akrivis-uat-webapp-firebase\dataconnect`
 {"metadata":{"emulator":{"name":"dataconnect"},"message":"E0630 00:33:04.344117   17672 watch.go:40] Failed to load config from \"c:\\\\Users\\\\52114\\\\Downloads\\\\akrivis-uat-webapp-firebase\\\\dataconnect\": could not find dataconnect.yaml in `c:\\Users\\52114\\Downloads\\akrivis-uat-webapp-firebase\\dataconnect`\n"}}
[debug] [2026-06-29T17:33:14.344Z] E0630 00:33:14.344031   17672 watch.go:116] watchAllDir unable to walk dir `c:\Users\52114\Downloads\akrivis-uat-webapp-firebase\dataconnect`: GetFileAttributesEx c:\Users\52114\Downloads\akrivis-uat-webapp-firebase\dataconnect: The system cannot find the file specified.
E0630 00:33:14.344031   17672 watch.go:40] Failed to load config from "c:\\Users\\52114\\Downloads\\akrivis-uat-webapp-firebase\\dataconnect": could not find dataconnect.yaml in `c:\Users\52114\Downloads\akrivis-uat-webapp-firebase\dataconnect`
 {"metadata":{"emulator":{"name":"dataconnect"},"message":"E0630 00:33:14.344031   17672 watch.go:116] watchAllDir unable to walk dir `c:\\Users\\52114\\Downloads\\akrivis-uat-webapp-firebase\\dataconnect`: GetFileAttributesEx c:\\Users\\52114\\Downloads\\akrivis-uat-webapp-firebase\\dataconnect: The system cannot find the file specified.\nE0630 00:33:14.344031   17672 watch.go:40] Failed to load config from \"c:\\\\Users\\\\52114\\\\Downloads\\\\akrivis-uat-webapp-firebase\\\\dataconnect\": could not find dataconnect.yaml in `c:\\Users\\52114\\Downloads\\akrivis-uat-webapp-firebase\\dataconnect`\n"}}
[debug] [2026-06-29T17:33:24.346Z] E0630 00:33:24.345966   17672 watch.go:40] Failed to load config from "c:\\Users\\52114\\Downloads\\akrivis-uat-webapp-firebase\\dataconnect": could not find dataconnect.yaml in `c:\Users\52114\Downloads\akrivis-uat-webapp-firebase\dataconnect`
 {"metadata":{"emulator":{"name":"dataconnect"},"message":"E0630 00:33:24.345966   17672 watch.go:40] Failed to load config from \"c:\\\\Users\\\\52114\\\\Downloads\\\\akrivis-uat-webapp-firebase\\\\dataconnect\": could not find dataconnect.yaml in `c:\\Users\\52114\\Downloads\\akrivis-uat-webapp-firebase\\dataconnect`\n"}}
[debug] [2026-06-29T17:33:34.345Z] E0630 00:33:34.344824   17672 watch.go:40] Failed to load config from "c:\\Users\\52114\\Downloads\\akrivis-uat-webapp-firebase\\dataconnect": could not find dataconnect.yaml in `c:\Users\52114\Downloads\akrivis-uat-webapp-firebase\dataconnect`
 {"metadata":{"emulator":{"name":"dataconnect"},"message":"E0630 00:33:34.344824   17672 watch.go:40] Failed to load config from \"c:\\\\Users\\\\52114\\\\Downloads\\\\akrivis-uat-webapp-firebase\\\\dataconnect\": could not find dataconnect.yaml in `c:\\Users\\52114\\Downloads\\akrivis-uat-webapp-firebase\\dataconnect`\n"}}
[debug] [2026-06-29T17:33:44.345Z] E0630 00:33:44.345214   17672 watch.go:40] Failed to load config from "c:\\Users\\52114\\Downloads\\akrivis-uat-webapp-firebase\\dataconnect": could not find dataconnect.yaml in `c:\Users\52114\Downloads\akrivis-uat-webapp-firebase\dataconnect`
 {"metadata":{"emulator":{"name":"dataconnect"},"message":"E0630 00:33:44.345214   17672 watch.go:40] Failed to load config from \"c:\\\\Users\\\\52114\\\\Downloads\\\\akrivis-uat-webapp-firebase\\\\dataconnect\": could not find dataconnect.yaml in `c:\\Users\\52114\\Downloads\\akrivis-uat-webapp-firebase\\dataconnect`\n"}}
[debug] [2026-06-29T17:33:54.344Z] E0630 00:33:54.345432   17672 watch.go:40] Failed to load config from "c:\\Users\\52114\\Downloads\\akrivis-uat-webapp-firebase\\dataconnect": could not find dataconnect.yaml in `c:\Users\52114\Downloads\akrivis-uat-webapp-firebase\dataconnect`
 {"metadata":{"emulator":{"name":"dataconnect"},"message":"E0630 00:33:54.345432   17672 watch.go:40] Failed to load config from \"c:\\\\Users\\\\52114\\\\Downloads\\\\akrivis-uat-webapp-firebase\\\\dataconnect\": could not find dataconnect.yaml in `c:\\Users\\52114\\Downloads\\akrivis-uat-webapp-firebase\\dataconnect`\n"}}
[debug] [2026-06-29T17:34:04.343Z] E0630 00:34:04.344236   17672 watch.go:40] Failed to load config from "c:\\Users\\52114\\Downloads\\akrivis-uat-webapp-firebase\\dataconnect": could not find dataconnect.yaml in `c:\Users\52114\Downloads\akrivis-uat-webapp-firebase\dataconnect`
 {"metadata":{"emulator":{"name":"dataconnect"},"message":"E0630 00:34:04.344236   17672 watch.go:40] Failed to load config from \"c:\\\\Users\\\\52114\\\\Downloads\\\\akrivis-uat-webapp-firebase\\\\dataconnect\": could not find dataconnect.yaml in `c:\\Users\\52114\\Downloads\\akrivis-uat-webapp-firebase\\dataconnect`\n"}}
[debug] [2026-06-29T17:34:14.344Z] E0630 00:34:14.345261   17672 watch.go:116] watchAllDir unable to walk dir `c:\Users\52114\Downloads\akrivis-uat-webapp-firebase\dataconnect`: GetFileAttributesEx c:\Users\52114\Downloads\akrivis-uat-webapp-firebase\dataconnect: The system cannot find the file specified.
 {"metadata":{"emulator":{"name":"dataconnect"},"message":"E0630 00:34:14.345261   17672 watch.go:116] watchAllDir unable to walk dir `c:\\Users\\52114\\Downloads\\akrivis-uat-webapp-firebase\\dataconnect`: GetFileAttributesEx c:\\Users\\52114\\Downloads\\akrivis-uat-webapp-firebase\\dataconnect: The system cannot find the file specified.\n"}}
[debug] [2026-06-29T17:34:14.345Z] E0630 00:34:14.345261   17672 watch.go:40] Failed to load config from "c:\\Users\\52114\\Downloads\\akrivis-uat-webapp-firebase\\dataconnect": could not find dataconnect.yaml in `c:\Users\52114\Downloads\akrivis-uat-webapp-firebase\dataconnect`
 {"metadata":{"emulator":{"name":"dataconnect"},"message":"E0630 00:34:14.345261   17672 watch.go:40] Failed to load config from \"c:\\\\Users\\\\52114\\\\Downloads\\\\akrivis-uat-webapp-firebase\\\\dataconnect\": could not find dataconnect.yaml in `c:\\Users\\52114\\Downloads\\akrivis-uat-webapp-firebase\\dataconnect`\n"}}
[debug] [2026-06-29T17:34:24.344Z] E0630 00:34:24.345232   17672 watch.go:40] Failed to load config from "c:\\Users\\52114\\Downloads\\akrivis-uat-webapp-firebase\\dataconnect": could not find dataconnect.yaml in `c:\Users\52114\Downloads\akrivis-uat-webapp-firebase\dataconnect`
 {"metadata":{"emulator":{"name":"dataconnect"},"message":"E0630 00:34:24.345232   17672 watch.go:40] Failed to load config from \"c:\\\\Users\\\\52114\\\\Downloads\\\\akrivis-uat-webapp-firebase\\\\dataconnect\": could not find dataconnect.yaml in `c:\\Users\\52114\\Downloads\\akrivis-uat-webapp-firebase\\dataconnect`\n"}}
[debug] [2026-06-29T17:34:34.344Z] E0630 00:34:34.344789   17672 watch.go:40] Failed to load config from "c:\\Users\\52114\\Downloads\\akrivis-uat-webapp-firebase\\dataconnect": could not find dataconnect.yaml in `c:\Users\52114\Downloads\akrivis-uat-webapp-firebase\dataconnect`
 {"metadata":{"emulator":{"name":"dataconnect"},"message":"E0630 00:34:34.344789   17672 watch.go:40] Failed to load config from \"c:\\\\Users\\\\52114\\\\Downloads\\\\akrivis-uat-webapp-firebase\\\\dataconnect\": could not find dataconnect.yaml in `c:\\Users\\52114\\Downloads\\akrivis-uat-webapp-firebase\\dataconnect`\n"}}
[debug] [2026-06-29T17:34:44.344Z] E0630 00:34:44.344668   17672 watch.go:40] Failed to load config from "c:\\Users\\52114\\Downloads\\akrivis-uat-webapp-firebase\\dataconnect": could not find dataconnect.yaml in `c:\Users\52114\Downloads\akrivis-uat-webapp-firebase\dataconnect`
 {"metadata":{"emulator":{"name":"dataconnect"},"message":"E0630 00:34:44.344668   17672 watch.go:40] Failed to load config from \"c:\\\\Users\\\\52114\\\\Downloads\\\\akrivis-uat-webapp-firebase\\\\dataconnect\": could not find dataconnect.yaml in `c:\\Users\\52114\\Downloads\\akrivis-uat-webapp-firebase\\dataconnect`\n"}}
[debug] [2026-06-29T17:34:54.344Z] E0630 00:34:54.344900   17672 watch.go:40] Failed to load config from "c:\\Users\\52114\\Downloads\\akrivis-uat-webapp-firebase\\dataconnect": could not find dataconnect.yaml in `c:\Users\52114\Downloads\akrivis-uat-webapp-firebase\dataconnect`
 {"metadata":{"emulator":{"name":"dataconnect"},"message":"E0630 00:34:54.344900   17672 watch.go:40] Failed to load config from \"c:\\\\Users\\\\52114\\\\Downloads\\\\akrivis-uat-webapp-firebase\\\\dataconnect\": could not find dataconnect.yaml in `c:\\Users\\52114\\Downloads\\akrivis-uat-webapp-firebase\\dataconnect`\n"}}
[debug] [2026-06-29T17:35:04.344Z] E0630 00:35:04.344386   17672 watch.go:40] Failed to load config from "c:\\Users\\52114\\Downloads\\akrivis-uat-webapp-firebase\\dataconnect": could not find dataconnect.yaml in `c:\Users\52114\Downloads\akrivis-uat-webapp-firebase\dataconnect`
 {"metadata":{"emulator":{"name":"dataconnect"},"message":"E0630 00:35:04.344386   17672 watch.go:40] Failed to load config from \"c:\\\\Users\\\\52114\\\\Downloads\\\\akrivis-uat-webapp-firebase\\\\dataconnect\": could not find dataconnect.yaml in `c:\\Users\\52114\\Downloads\\akrivis-uat-webapp-firebase\\dataconnect`\n"}}
[debug] [2026-06-29T17:35:14.343Z] E0630 00:35:14.344452   17672 watch.go:116] watchAllDir unable to walk dir `c:\Users\52114\Downloads\akrivis-uat-webapp-firebase\dataconnect`: GetFileAttributesEx c:\Users\52114\Downloads\akrivis-uat-webapp-firebase\dataconnect: The system cannot find the file specified.
 {"metadata":{"emulator":{"name":"dataconnect"},"message":"E0630 00:35:14.344452   17672 watch.go:116] watchAllDir unable to walk dir `c:\\Users\\52114\\Downloads\\akrivis-uat-webapp-firebase\\dataconnect`: GetFileAttributesEx c:\\Users\\52114\\Downloads\\akrivis-uat-webapp-firebase\\dataconnect: The system cannot find the file specified.\n"}}
[debug] [2026-06-29T17:35:14.344Z] E0630 00:35:14.344452   17672 watch.go:40] Failed to load config from "c:\\Users\\52114\\Downloads\\akrivis-uat-webapp-firebase\\dataconnect": could not find dataconnect.yaml in `c:\Users\52114\Downloads\akrivis-uat-webapp-firebase\dataconnect`
 {"metadata":{"emulator":{"name":"dataconnect"},"message":"E0630 00:35:14.344452   17672 watch.go:40] Failed to load config from \"c:\\\\Users\\\\52114\\\\Downloads\\\\akrivis-uat-webapp-firebase\\\\dataconnect\": could not find dataconnect.yaml in `c:\\Users\\52114\\Downloads\\akrivis-uat-webapp-firebase\\dataconnect`\n"}}
[debug] [2026-06-29T17:35:24.344Z] E0630 00:35:24.344607   17672 watch.go:40] Failed to load config from "c:\\Users\\52114\\Downloads\\akrivis-uat-webapp-firebase\\dataconnect": could not find dataconnect.yaml in `c:\Users\52114\Downloads\akrivis-uat-webapp-firebase\dataconnect`
 {"metadata":{"emulator":{"name":"dataconnect"},"message":"E0630 00:35:24.344607   17672 watch.go:40] Failed to load config from \"c:\\\\Users\\\\52114\\\\Downloads\\\\akrivis-uat-webapp-firebase\\\\dataconnect\": could not find dataconnect.yaml in `c:\\Users\\52114\\Downloads\\akrivis-uat-webapp-firebase\\dataconnect`\n"}}
[debug] [2026-06-29T17:35:34.344Z] E0630 00:35:34.345090   17672 watch.go:40] Failed to load config from "c:\\Users\\52114\\Downloads\\akrivis-uat-webapp-firebase\\dataconnect": could not find dataconnect.yaml in `c:\Users\52114\Downloads\akrivis-uat-webapp-firebase\dataconnect`
 {"metadata":{"emulator":{"name":"dataconnect"},"message":"E0630 00:35:34.345090   17672 watch.go:40] Failed to load config from \"c:\\\\Users\\\\52114\\\\Downloads\\\\akrivis-uat-webapp-firebase\\\\dataconnect\": could not find dataconnect.yaml in `c:\\Users\\52114\\Downloads\\akrivis-uat-webapp-firebase\\dataconnect`\n"}}
[debug] [2026-06-29T17:35:44.344Z] E0630 00:35:44.344631   17672 watch.go:40] Failed to load config from "c:\\Users\\52114\\Downloads\\akrivis-uat-webapp-firebase\\dataconnect": could not find dataconnect.yaml in `c:\Users\52114\Downloads\akrivis-uat-webapp-firebase\dataconnect`
 {"metadata":{"emulator":{"name":"dataconnect"},"message":"E0630 00:35:44.344631   17672 watch.go:40] Failed to load config from \"c:\\\\Users\\\\52114\\\\Downloads\\\\akrivis-uat-webapp-firebase\\\\dataconnect\": could not find dataconnect.yaml in `c:\\Users\\52114\\Downloads\\akrivis-uat-webapp-firebase\\dataconnect`\n"}}
[debug] [2026-06-29T17:35:54.345Z] E0630 00:35:54.344322   17672 watch.go:40] Failed to load config from "c:\\Users\\52114\\Downloads\\akrivis-uat-webapp-firebase\\dataconnect": could not find dataconnect.yaml in `c:\Users\52114\Downloads\akrivis-uat-webapp-firebase\dataconnect`
 {"metadata":{"emulator":{"name":"dataconnect"},"message":"E0630 00:35:54.344322   17672 watch.go:40] Failed to load config from \"c:\\\\Users\\\\52114\\\\Downloads\\\\akrivis-uat-webapp-firebase\\\\dataconnect\": could not find dataconnect.yaml in `c:\\Users\\52114\\Downloads\\akrivis-uat-webapp-firebase\\dataconnect`\n"}}
[debug] [2026-06-29T17:36:04.344Z] E0630 00:36:04.344304   17672 watch.go:40] Failed to load config from "c:\\Users\\52114\\Downloads\\akrivis-uat-webapp-firebase\\dataconnect": could not find dataconnect.yaml in `c:\Users\52114\Downloads\akrivis-uat-webapp-firebase\dataconnect`
 {"metadata":{"emulator":{"name":"dataconnect"},"message":"E0630 00:36:04.344304   17672 watch.go:40] Failed to load config from \"c:\\\\Users\\\\52114\\\\Downloads\\\\akrivis-uat-webapp-firebase\\\\dataconnect\": could not find dataconnect.yaml in `c:\\Users\\52114\\Downloads\\akrivis-uat-webapp-firebase\\dataconnect`\n"}}
[debug] [2026-06-29T17:36:14.345Z] E0630 00:36:14.344843   17672 watch.go:116] watchAllDir unable to walk dir `c:\Users\52114\Downloads\akrivis-uat-webapp-firebase\dataconnect`: GetFileAttributesEx c:\Users\52114\Downloads\akrivis-uat-webapp-firebase\dataconnect: The system cannot find the file specified.
 {"metadata":{"emulator":{"name":"dataconnect"},"message":"E0630 00:36:14.344843   17672 watch.go:116] watchAllDir unable to walk dir `c:\\Users\\52114\\Downloads\\akrivis-uat-webapp-firebase\\dataconnect`: GetFileAttributesEx c:\\Users\\52114\\Downloads\\akrivis-uat-webapp-firebase\\dataconnect: The system cannot find the file specified.\n"}}
[debug] [2026-06-29T17:36:14.346Z] E0630 00:36:14.345204   17672 watch.go:40] Failed to load config from "c:\\Users\\52114\\Downloads\\akrivis-uat-webapp-firebase\\dataconnect": could not find dataconnect.yaml in `c:\Users\52114\Downloads\akrivis-uat-webapp-firebase\dataconnect`
 {"metadata":{"emulator":{"name":"dataconnect"},"message":"E0630 00:36:14.345204   17672 watch.go:40] Failed to load config from \"c:\\\\Users\\\\52114\\\\Downloads\\\\akrivis-uat-webapp-firebase\\\\dataconnect\": could not find dataconnect.yaml in `c:\\Users\\52114\\Downloads\\akrivis-uat-webapp-firebase\\dataconnect`\n"}}
[debug] [2026-06-29T17:36:24.345Z] E0630 00:36:24.344848   17672 watch.go:40] Failed to load config from "c:\\Users\\52114\\Downloads\\akrivis-uat-webapp-firebase\\dataconnect": could not find dataconnect.yaml in `c:\Users\52114\Downloads\akrivis-uat-webapp-firebase\dataconnect`
 {"metadata":{"emulator":{"name":"dataconnect"},"message":"E0630 00:36:24.344848   17672 watch.go:40] Failed to load config from \"c:\\\\Users\\\\52114\\\\Downloads\\\\akrivis-uat-webapp-firebase\\\\dataconnect\": could not find dataconnect.yaml in `c:\\Users\\52114\\Downloads\\akrivis-uat-webapp-firebase\\dataconnect`\n"}}
[debug] [2026-06-29T17:36:34.345Z] E0630 00:36:34.344749   17672 watch.go:40] Failed to load config from "c:\\Users\\52114\\Downloads\\akrivis-uat-webapp-firebase\\dataconnect": could not find dataconnect.yaml in `c:\Users\52114\Downloads\akrivis-uat-webapp-firebase\dataconnect`
 {"metadata":{"emulator":{"name":"dataconnect"},"message":"E0630 00:36:34.344749   17672 watch.go:40] Failed to load config from \"c:\\\\Users\\\\52114\\\\Downloads\\\\akrivis-uat-webapp-firebase\\\\dataconnect\": could not find dataconnect.yaml in `c:\\Users\\52114\\Downloads\\akrivis-uat-webapp-firebase\\dataconnect`\n"}}
[debug] [2026-06-29T17:36:44.345Z] E0630 00:36:44.344753   17672 watch.go:40] Failed to load config from "c:\\Users\\52114\\Downloads\\akrivis-uat-webapp-firebase\\dataconnect": could not find dataconnect.yaml in `c:\Users\52114\Downloads\akrivis-uat-webapp-firebase\dataconnect`
 {"metadata":{"emulator":{"name":"dataconnect"},"message":"E0630 00:36:44.344753   17672 watch.go:40] Failed to load config from \"c:\\\\Users\\\\52114\\\\Downloads\\\\akrivis-uat-webapp-firebase\\\\dataconnect\": could not find dataconnect.yaml in `c:\\Users\\52114\\Downloads\\akrivis-uat-webapp-firebase\\dataconnect`\n"}}
[debug] [2026-06-29T17:36:54.345Z] E0630 00:36:54.345144   17672 watch.go:40] Failed to load config from "c:\\Users\\52114\\Downloads\\akrivis-uat-webapp-firebase\\dataconnect": could not find dataconnect.yaml in `c:\Users\52114\Downloads\akrivis-uat-webapp-firebase\dataconnect`
 {"metadata":{"emulator":{"name":"dataconnect"},"message":"E0630 00:36:54.345144   17672 watch.go:40] Failed to load config from \"c:\\\\Users\\\\52114\\\\Downloads\\\\akrivis-uat-webapp-firebase\\\\dataconnect\": could not find dataconnect.yaml in `c:\\Users\\52114\\Downloads\\akrivis-uat-webapp-firebase\\dataconnect`\n"}}
[debug] [2026-06-29T17:37:04.344Z] E0630 00:37:04.344325   17672 watch.go:40] Failed to load config from "c:\\Users\\52114\\Downloads\\akrivis-uat-webapp-firebase\\dataconnect": could not find dataconnect.yaml in `c:\Users\52114\Downloads\akrivis-uat-webapp-firebase\dataconnect`
 {"metadata":{"emulator":{"name":"dataconnect"},"message":"E0630 00:37:04.344325   17672 watch.go:40] Failed to load config from \"c:\\\\Users\\\\52114\\\\Downloads\\\\akrivis-uat-webapp-firebase\\\\dataconnect\": could not find dataconnect.yaml in `c:\\Users\\52114\\Downloads\\akrivis-uat-webapp-firebase\\dataconnect`\n"}}
[debug] [2026-06-29T17:37:14.345Z] E0630 00:37:14.345155   17672 watch.go:116] watchAllDir unable to walk dir `c:\Users\52114\Downloads\akrivis-uat-webapp-firebase\dataconnect`: GetFileAttributesEx c:\Users\52114\Downloads\akrivis-uat-webapp-firebase\dataconnect: The system cannot find the file specified.
 {"metadata":{"emulator":{"name":"dataconnect"},"message":"E0630 00:37:14.345155   17672 watch.go:116] watchAllDir unable to walk dir `c:\\Users\\52114\\Downloads\\akrivis-uat-webapp-firebase\\dataconnect`: GetFileAttributesEx c:\\Users\\52114\\Downloads\\akrivis-uat-webapp-firebase\\dataconnect: The system cannot find the file specified.\n"}}
[debug] [2026-06-29T17:37:14.346Z] E0630 00:37:14.345667   17672 watch.go:40] Failed to load config from "c:\\Users\\52114\\Downloads\\akrivis-uat-webapp-firebase\\dataconnect": could not find dataconnect.yaml in `c:\Users\52114\Downloads\akrivis-uat-webapp-firebase\dataconnect`
 {"metadata":{"emulator":{"name":"dataconnect"},"message":"E0630 00:37:14.345667   17672 watch.go:40] Failed to load config from \"c:\\\\Users\\\\52114\\\\Downloads\\\\akrivis-uat-webapp-firebase\\\\dataconnect\": could not find dataconnect.yaml in `c:\\Users\\52114\\Downloads\\akrivis-uat-webapp-firebase\\dataconnect`\n"}}
[debug] [2026-06-29T17:37:24.345Z] E0630 00:37:24.345136   17672 watch.go:40] Failed to load config from "c:\\Users\\52114\\Downloads\\akrivis-uat-webapp-firebase\\dataconnect": could not find dataconnect.yaml in `c:\Users\52114\Downloads\akrivis-uat-webapp-firebase\dataconnect`
 {"metadata":{"emulator":{"name":"dataconnect"},"message":"E0630 00:37:24.345136   17672 watch.go:40] Failed to load config from \"c:\\\\Users\\\\52114\\\\Downloads\\\\akrivis-uat-webapp-firebase\\\\dataconnect\": could not find dataconnect.yaml in `c:\\Users\\52114\\Downloads\\akrivis-uat-webapp-firebase\\dataconnect`\n"}}
[debug] [2026-06-29T17:37:34.345Z] E0630 00:37:34.345060   17672 watch.go:40] Failed to load config from "c:\\Users\\52114\\Downloads\\akrivis-uat-webapp-firebase\\dataconnect": could not find dataconnect.yaml in `c:\Users\52114\Downloads\akrivis-uat-webapp-firebase\dataconnect`
 {"metadata":{"emulator":{"name":"dataconnect"},"message":"E0630 00:37:34.345060   17672 watch.go:40] Failed to load config from \"c:\\\\Users\\\\52114\\\\Downloads\\\\akrivis-uat-webapp-firebase\\\\dataconnect\": could not find dataconnect.yaml in `c:\\Users\\52114\\Downloads\\akrivis-uat-webapp-firebase\\dataconnect`\n"}}
[debug] [2026-06-29T17:37:44.344Z] E0630 00:37:44.344259   17672 watch.go:40] Failed to load config from "c:\\Users\\52114\\Downloads\\akrivis-uat-webapp-firebase\\dataconnect": could not find dataconnect.yaml in `c:\Users\52114\Downloads\akrivis-uat-webapp-firebase\dataconnect`
 {"metadata":{"emulator":{"name":"dataconnect"},"message":"E0630 00:37:44.344259   17672 watch.go:40] Failed to load config from \"c:\\\\Users\\\\52114\\\\Downloads\\\\akrivis-uat-webapp-firebase\\\\dataconnect\": could not find dataconnect.yaml in `c:\\Users\\52114\\Downloads\\akrivis-uat-webapp-firebase\\dataconnect`\n"}}
[debug] [2026-06-29T17:37:54.344Z] E0630 00:37:54.344236   17672 watch.go:40] Failed to load config from "c:\\Users\\52114\\Downloads\\akrivis-uat-webapp-firebase\\dataconnect": could not find dataconnect.yaml in `c:\Users\52114\Downloads\akrivis-uat-webapp-firebase\dataconnect`
 {"metadata":{"emulator":{"name":"dataconnect"},"message":"E0630 00:37:54.344236   17672 watch.go:40] Failed to load config from \"c:\\\\Users\\\\52114\\\\Downloads\\\\akrivis-uat-webapp-firebase\\\\dataconnect\": could not find dataconnect.yaml in `c:\\Users\\52114\\Downloads\\akrivis-uat-webapp-firebase\\dataconnect`\n"}}
[debug] [2026-06-29T17:38:04.344Z] E0630 00:38:04.344298   17672 watch.go:40] Failed to load config from "c:\\Users\\52114\\Downloads\\akrivis-uat-webapp-firebase\\dataconnect": could not find dataconnect.yaml in `c:\Users\52114\Downloads\akrivis-uat-webapp-firebase\dataconnect`
 {"metadata":{"emulator":{"name":"dataconnect"},"message":"E0630 00:38:04.344298   17672 watch.go:40] Failed to load config from \"c:\\\\Users\\\\52114\\\\Downloads\\\\akrivis-uat-webapp-firebase\\\\dataconnect\": could not find dataconnect.yaml in `c:\\Users\\52114\\Downloads\\akrivis-uat-webapp-firebase\\dataconnect`\n"}}
[debug] [2026-06-29T17:38:14.344Z] E0630 00:38:14.344183   17672 watch.go:40] Failed to load config from "c:\\Users\\52114\\Downloads\\akrivis-uat-webapp-firebase\\dataconnect": could not find dataconnect.yaml in `c:\Users\52114\Downloads\akrivis-uat-webapp-firebase\dataconnect`
 {"metadata":{"emulator":{"name":"dataconnect"},"message":"E0630 00:38:14.344183   17672 watch.go:40] Failed to load config from \"c:\\\\Users\\\\52114\\\\Downloads\\\\akrivis-uat-webapp-firebase\\\\dataconnect\": could not find dataconnect.yaml in `c:\\Users\\52114\\Downloads\\akrivis-uat-webapp-firebase\\dataconnect`\n"}}
[debug] [2026-06-29T17:38:14.345Z] E0630 00:38:14.344183   17672 watch.go:116] watchAllDir unable to walk dir `c:\Users\52114\Downloads\akrivis-uat-webapp-firebase\dataconnect`: GetFileAttributesEx c:\Users\52114\Downloads\akrivis-uat-webapp-firebase\dataconnect: The system cannot find the file specified.
 {"metadata":{"emulator":{"name":"dataconnect"},"message":"E0630 00:38:14.344183   17672 watch.go:116] watchAllDir unable to walk dir `c:\\Users\\52114\\Downloads\\akrivis-uat-webapp-firebase\\dataconnect`: GetFileAttributesEx c:\\Users\\52114\\Downloads\\akrivis-uat-webapp-firebase\\dataconnect: The system cannot find the file specified.\n"}}
[debug] [2026-06-29T17:38:24.344Z] E0630 00:38:24.344739   17672 watch.go:40] Failed to load config from "c:\\Users\\52114\\Downloads\\akrivis-uat-webapp-firebase\\dataconnect": could not find dataconnect.yaml in `c:\Users\52114\Downloads\akrivis-uat-webapp-firebase\dataconnect`
 {"metadata":{"emulator":{"name":"dataconnect"},"message":"E0630 00:38:24.344739   17672 watch.go:40] Failed to load config from \"c:\\\\Users\\\\52114\\\\Downloads\\\\akrivis-uat-webapp-firebase\\\\dataconnect\": could not find dataconnect.yaml in `c:\\Users\\52114\\Downloads\\akrivis-uat-webapp-firebase\\dataconnect`\n"}}
[debug] [2026-06-29T17:38:34.344Z] E0630 00:38:34.344535   17672 watch.go:40] Failed to load config from "c:\\Users\\52114\\Downloads\\akrivis-uat-webapp-firebase\\dataconnect": could not find dataconnect.yaml in `c:\Users\52114\Downloads\akrivis-uat-webapp-firebase\dataconnect`
 {"metadata":{"emulator":{"name":"dataconnect"},"message":"E0630 00:38:34.344535   17672 watch.go:40] Failed to load config from \"c:\\\\Users\\\\52114\\\\Downloads\\\\akrivis-uat-webapp-firebase\\\\dataconnect\": could not find dataconnect.yaml in `c:\\Users\\52114\\Downloads\\akrivis-uat-webapp-firebase\\dataconnect`\n"}}
[debug] [2026-06-29T17:38:44.345Z] E0630 00:38:44.344528   17672 watch.go:40] Failed to load config from "c:\\Users\\52114\\Downloads\\akrivis-uat-webapp-firebase\\dataconnect": could not find dataconnect.yaml in `c:\Users\52114\Downloads\akrivis-uat-webapp-firebase\dataconnect`
 {"metadata":{"emulator":{"name":"dataconnect"},"message":"E0630 00:38:44.344528   17672 watch.go:40] Failed to load config from \"c:\\\\Users\\\\52114\\\\Downloads\\\\akrivis-uat-webapp-firebase\\\\dataconnect\": could not find dataconnect.yaml in `c:\\Users\\52114\\Downloads\\akrivis-uat-webapp-firebase\\dataconnect`\n"}}
[debug] [2026-06-29T17:38:54.344Z] E0630 00:38:54.344337   17672 watch.go:40] Failed to load config from "c:\\Users\\52114\\Downloads\\akrivis-uat-webapp-firebase\\dataconnect": could not find dataconnect.yaml in `c:\Users\52114\Downloads\akrivis-uat-webapp-firebase\dataconnect`
 {"metadata":{"emulator":{"name":"dataconnect"},"message":"E0630 00:38:54.344337   17672 watch.go:40] Failed to load config from \"c:\\\\Users\\\\52114\\\\Downloads\\\\akrivis-uat-webapp-firebase\\\\dataconnect\": could not find dataconnect.yaml in `c:\\Users\\52114\\Downloads\\akrivis-uat-webapp-firebase\\dataconnect`\n"}}
[debug] [2026-06-29T17:39:04.343Z] E0630 00:39:04.344479   17672 watch.go:40] Failed to load config from "c:\\Users\\52114\\Downloads\\akrivis-uat-webapp-firebase\\dataconnect": could not find dataconnect.yaml in `c:\Users\52114\Downloads\akrivis-uat-webapp-firebase\dataconnect`
 {"metadata":{"emulator":{"name":"dataconnect"},"message":"E0630 00:39:04.344479   17672 watch.go:40] Failed to load config from \"c:\\\\Users\\\\52114\\\\Downloads\\\\akrivis-uat-webapp-firebase\\\\dataconnect\": could not find dataconnect.yaml in `c:\\Users\\52114\\Downloads\\akrivis-uat-webapp-firebase\\dataconnect`\n"}}
[debug] [2026-06-29T17:39:14.344Z] E0630 00:39:14.344802   17672 watch.go:116] watchAllDir unable to walk dir `c:\Users\52114\Downloads\akrivis-uat-webapp-firebase\dataconnect`: GetFileAttributesEx c:\Users\52114\Downloads\akrivis-uat-webapp-firebase\dataconnect: The system cannot find the file specified.
E0630 00:39:14.344802   17672 watch.go:40] Failed to load config from "c:\\Users\\52114\\Downloads\\akrivis-uat-webapp-firebase\\dataconnect": could not find dataconnect.yaml in `c:\Users\52114\Downloads\akrivis-uat-webapp-firebase\dataconnect`
 {"metadata":{"emulator":{"name":"dataconnect"},"message":"E0630 00:39:14.344802   17672 watch.go:116] watchAllDir unable to walk dir `c:\\Users\\52114\\Downloads\\akrivis-uat-webapp-firebase\\dataconnect`: GetFileAttributesEx c:\\Users\\52114\\Downloads\\akrivis-uat-webapp-firebase\\dataconnect: The system cannot find the file specified.\nE0630 00:39:14.344802   17672 watch.go:40] Failed to load config from \"c:\\\\Users\\\\52114\\\\Downloads\\\\akrivis-uat-webapp-firebase\\\\dataconnect\": could not find dataconnect.yaml in `c:\\Users\\52114\\Downloads\\akrivis-uat-webapp-firebase\\dataconnect`\n"}}
[debug] [2026-06-29T17:39:24.343Z] E0630 00:39:24.344442   17672 watch.go:40] Failed to load config from "c:\\Users\\52114\\Downloads\\akrivis-uat-webapp-firebase\\dataconnect": could not find dataconnect.yaml in `c:\Users\52114\Downloads\akrivis-uat-webapp-firebase\dataconnect`
 {"metadata":{"emulator":{"name":"dataconnect"},"message":"E0630 00:39:24.344442   17672 watch.go:40] Failed to load config from \"c:\\\\Users\\\\52114\\\\Downloads\\\\akrivis-uat-webapp-firebase\\\\dataconnect\": could not find dataconnect.yaml in `c:\\Users\\52114\\Downloads\\akrivis-uat-webapp-firebase\\dataconnect`\n"}}
[debug] [2026-06-29T17:39:34.344Z] E0630 00:39:34.344503   17672 watch.go:40] Failed to load config from "c:\\Users\\52114\\Downloads\\akrivis-uat-webapp-firebase\\dataconnect": could not find dataconnect.yaml in `c:\Users\52114\Downloads\akrivis-uat-webapp-firebase\dataconnect`
 {"metadata":{"emulator":{"name":"dataconnect"},"message":"E0630 00:39:34.344503   17672 watch.go:40] Failed to load config from \"c:\\\\Users\\\\52114\\\\Downloads\\\\akrivis-uat-webapp-firebase\\\\dataconnect\": could not find dataconnect.yaml in `c:\\Users\\52114\\Downloads\\akrivis-uat-webapp-firebase\\dataconnect`\n"}}
[debug] [2026-06-29T17:39:44.344Z] E0630 00:39:44.344710   17672 watch.go:40] Failed to load config from "c:\\Users\\52114\\Downloads\\akrivis-uat-webapp-firebase\\dataconnect": could not find dataconnect.yaml in `c:\Users\52114\Downloads\akrivis-uat-webapp-firebase\dataconnect`
 {"metadata":{"emulator":{"name":"dataconnect"},"message":"E0630 00:39:44.344710   17672 watch.go:40] Failed to load config from \"c:\\\\Users\\\\52114\\\\Downloads\\\\akrivis-uat-webapp-firebase\\\\dataconnect\": could not find dataconnect.yaml in `c:\\Users\\52114\\Downloads\\akrivis-uat-webapp-firebase\\dataconnect`\n"}}
[debug] [2026-06-29T17:39:54.344Z] E0630 00:39:54.344673   17672 watch.go:40] Failed to load config from "c:\\Users\\52114\\Downloads\\akrivis-uat-webapp-firebase\\dataconnect": could not find dataconnect.yaml in `c:\Users\52114\Downloads\akrivis-uat-webapp-firebase\dataconnect`
 {"metadata":{"emulator":{"name":"dataconnect"},"message":"E0630 00:39:54.344673   17672 watch.go:40] Failed to load config from \"c:\\\\Users\\\\52114\\\\Downloads\\\\akrivis-uat-webapp-firebase\\\\dataconnect\": could not find dataconnect.yaml in `c:\\Users\\52114\\Downloads\\akrivis-uat-webapp-firebase\\dataconnect`\n"}}
[debug] [2026-06-29T17:40:04.344Z] E0630 00:40:04.344252   17672 watch.go:40] Failed to load config from "c:\\Users\\52114\\Downloads\\akrivis-uat-webapp-firebase\\dataconnect": could not find dataconnect.yaml in `c:\Users\52114\Downloads\akrivis-uat-webapp-firebase\dataconnect`
 {"metadata":{"emulator":{"name":"dataconnect"},"message":"E0630 00:40:04.344252   17672 watch.go:40] Failed to load config from \"c:\\\\Users\\\\52114\\\\Downloads\\\\akrivis-uat-webapp-firebase\\\\dataconnect\": could not find dataconnect.yaml in `c:\\Users\\52114\\Downloads\\akrivis-uat-webapp-firebase\\dataconnect`\n"}}
[debug] [2026-06-29T17:40:14.344Z] E0630 00:40:14.344454   17672 watch.go:116] watchAllDir unable to walk dir `c:\Users\52114\Downloads\akrivis-uat-webapp-firebase\dataconnect`: GetFileAttributesEx c:\Users\52114\Downloads\akrivis-uat-webapp-firebase\dataconnect: The system cannot find the file specified.
 {"metadata":{"emulator":{"name":"dataconnect"},"message":"E0630 00:40:14.344454   17672 watch.go:116] watchAllDir unable to walk dir `c:\\Users\\52114\\Downloads\\akrivis-uat-webapp-firebase\\dataconnect`: GetFileAttributesEx c:\\Users\\52114\\Downloads\\akrivis-uat-webapp-firebase\\dataconnect: The system cannot find the file specified.\n"}}
[debug] [2026-06-29T17:40:14.345Z] E0630 00:40:14.344454   17672 watch.go:40] Failed to load config from "c:\\Users\\52114\\Downloads\\akrivis-uat-webapp-firebase\\dataconnect": could not find dataconnect.yaml in `c:\Users\52114\Downloads\akrivis-uat-webapp-firebase\dataconnect`
 {"metadata":{"emulator":{"name":"dataconnect"},"message":"E0630 00:40:14.344454   17672 watch.go:40] Failed to load config from \"c:\\\\Users\\\\52114\\\\Downloads\\\\akrivis-uat-webapp-firebase\\\\dataconnect\": could not find dataconnect.yaml in `c:\\Users\\52114\\Downloads\\akrivis-uat-webapp-firebase\\dataconnect`\n"}}
[debug] [2026-06-29T17:40:24.344Z] E0630 00:40:24.344512   17672 watch.go:40] Failed to load config from "c:\\Users\\52114\\Downloads\\akrivis-uat-webapp-firebase\\dataconnect": could not find dataconnect.yaml in `c:\Users\52114\Downloads\akrivis-uat-webapp-firebase\dataconnect`
 {"metadata":{"emulator":{"name":"dataconnect"},"message":"E0630 00:40:24.344512   17672 watch.go:40] Failed to load config from \"c:\\\\Users\\\\52114\\\\Downloads\\\\akrivis-uat-webapp-firebase\\\\dataconnect\": could not find dataconnect.yaml in `c:\\Users\\52114\\Downloads\\akrivis-uat-webapp-firebase\\dataconnect`\n"}}
[debug] [2026-06-29T17:40:34.344Z] E0630 00:40:34.344363   17672 watch.go:40] Failed to load config from "c:\\Users\\52114\\Downloads\\akrivis-uat-webapp-firebase\\dataconnect": could not find dataconnect.yaml in `c:\Users\52114\Downloads\akrivis-uat-webapp-firebase\dataconnect`
 {"metadata":{"emulator":{"name":"dataconnect"},"message":"E0630 00:40:34.344363   17672 watch.go:40] Failed to load config from \"c:\\\\Users\\\\52114\\\\Downloads\\\\akrivis-uat-webapp-firebase\\\\dataconnect\": could not find dataconnect.yaml in `c:\\Users\\52114\\Downloads\\akrivis-uat-webapp-firebase\\dataconnect`\n"}}
[debug] [2026-06-29T17:40:44.345Z] E0630 00:40:44.345119   17672 watch.go:40] Failed to load config from "c:\\Users\\52114\\Downloads\\akrivis-uat-webapp-firebase\\dataconnect": could not find dataconnect.yaml in `c:\Users\52114\Downloads\akrivis-uat-webapp-firebase\dataconnect`
 {"metadata":{"emulator":{"name":"dataconnect"},"message":"E0630 00:40:44.345119   17672 watch.go:40] Failed to load config from \"c:\\\\Users\\\\52114\\\\Downloads\\\\akrivis-uat-webapp-firebase\\\\dataconnect\": could not find dataconnect.yaml in `c:\\Users\\52114\\Downloads\\akrivis-uat-webapp-firebase\\dataconnect`\n"}}
[debug] [2026-06-29T17:40:54.344Z] E0630 00:40:54.344162   17672 watch.go:40] Failed to load config from "c:\\Users\\52114\\Downloads\\akrivis-uat-webapp-firebase\\dataconnect": could not find dataconnect.yaml in `c:\Users\52114\Downloads\akrivis-uat-webapp-firebase\dataconnect`
 {"metadata":{"emulator":{"name":"dataconnect"},"message":"E0630 00:40:54.344162   17672 watch.go:40] Failed to load config from \"c:\\\\Users\\\\52114\\\\Downloads\\\\akrivis-uat-webapp-firebase\\\\dataconnect\": could not find dataconnect.yaml in `c:\\Users\\52114\\Downloads\\akrivis-uat-webapp-firebase\\dataconnect`\n"}}
[debug] [2026-06-29T17:41:04.344Z] E0630 00:41:04.344619   17672 watch.go:40] Failed to load config from "c:\\Users\\52114\\Downloads\\akrivis-uat-webapp-firebase\\dataconnect": could not find dataconnect.yaml in `c:\Users\52114\Downloads\akrivis-uat-webapp-firebase\dataconnect`
 {"metadata":{"emulator":{"name":"dataconnect"},"message":"E0630 00:41:04.344619   17672 watch.go:40] Failed to load config from \"c:\\\\Users\\\\52114\\\\Downloads\\\\akrivis-uat-webapp-firebase\\\\dataconnect\": could not find dataconnect.yaml in `c:\\Users\\52114\\Downloads\\akrivis-uat-webapp-firebase\\dataconnect`\n"}}
[debug] [2026-06-29T17:41:14.344Z] E0630 00:41:14.344195   17672 watch.go:116] watchAllDir unable to walk dir `c:\Users\52114\Downloads\akrivis-uat-webapp-firebase\dataconnect`: GetFileAttributesEx c:\Users\52114\Downloads\akrivis-uat-webapp-firebase\dataconnect: The system cannot find the file specified.
E0630 00:41:14.344195   17672 watch.go:40] Failed to load config from "c:\\Users\\52114\\Downloads\\akrivis-uat-webapp-firebase\\dataconnect": could not find dataconnect.yaml in `c:\Users\52114\Downloads\akrivis-uat-webapp-firebase\dataconnect`
 {"metadata":{"emulator":{"name":"dataconnect"},"message":"E0630 00:41:14.344195   17672 watch.go:116] watchAllDir unable to walk dir `c:\\Users\\52114\\Downloads\\akrivis-uat-webapp-firebase\\dataconnect`: GetFileAttributesEx c:\\Users\\52114\\Downloads\\akrivis-uat-webapp-firebase\\dataconnect: The system cannot find the file specified.\nE0630 00:41:14.344195   17672 watch.go:40] Failed to load config from \"c:\\\\Users\\\\52114\\\\Downloads\\\\akrivis-uat-webapp-firebase\\\\dataconnect\": could not find dataconnect.yaml in `c:\\Users\\52114\\Downloads\\akrivis-uat-webapp-firebase\\dataconnect`\n"}}
[debug] [2026-06-29T17:41:24.344Z] E0630 00:41:24.344541   17672 watch.go:40] Failed to load config from "c:\\Users\\52114\\Downloads\\akrivis-uat-webapp-firebase\\dataconnect": could not find dataconnect.yaml in `c:\Users\52114\Downloads\akrivis-uat-webapp-firebase\dataconnect`
 {"metadata":{"emulator":{"name":"dataconnect"},"message":"E0630 00:41:24.344541   17672 watch.go:40] Failed to load config from \"c:\\\\Users\\\\52114\\\\Downloads\\\\akrivis-uat-webapp-firebase\\\\dataconnect\": could not find dataconnect.yaml in `c:\\Users\\52114\\Downloads\\akrivis-uat-webapp-firebase\\dataconnect`\n"}}
[debug] [2026-06-29T17:41:34.344Z] E0630 00:41:34.344283   17672 watch.go:40] Failed to load config from "c:\\Users\\52114\\Downloads\\akrivis-uat-webapp-firebase\\dataconnect": could not find dataconnect.yaml in `c:\Users\52114\Downloads\akrivis-uat-webapp-firebase\dataconnect`
 {"metadata":{"emulator":{"name":"dataconnect"},"message":"E0630 00:41:34.344283   17672 watch.go:40] Failed to load config from \"c:\\\\Users\\\\52114\\\\Downloads\\\\akrivis-uat-webapp-firebase\\\\dataconnect\": could not find dataconnect.yaml in `c:\\Users\\52114\\Downloads\\akrivis-uat-webapp-firebase\\dataconnect`\n"}}
[debug] [2026-06-29T17:41:44.344Z] E0630 00:41:44.344700   17672 watch.go:40] Failed to load config from "c:\\Users\\52114\\Downloads\\akrivis-uat-webapp-firebase\\dataconnect": could not find dataconnect.yaml in `c:\Users\52114\Downloads\akrivis-uat-webapp-firebase\dataconnect`
 {"metadata":{"emulator":{"name":"dataconnect"},"message":"E0630 00:41:44.344700   17672 watch.go:40] Failed to load config from \"c:\\\\Users\\\\52114\\\\Downloads\\\\akrivis-uat-webapp-firebase\\\\dataconnect\": could not find dataconnect.yaml in `c:\\Users\\52114\\Downloads\\akrivis-uat-webapp-firebase\\dataconnect`\n"}}
[debug] [2026-06-29T17:41:54.344Z] E0630 00:41:54.344296   17672 watch.go:40] Failed to load config from "c:\\Users\\52114\\Downloads\\akrivis-uat-webapp-firebase\\dataconnect": could not find dataconnect.yaml in `c:\Users\52114\Downloads\akrivis-uat-webapp-firebase\dataconnect`
 {"metadata":{"emulator":{"name":"dataconnect"},"message":"E0630 00:41:54.344296   17672 watch.go:40] Failed to load config from \"c:\\\\Users\\\\52114\\\\Downloads\\\\akrivis-uat-webapp-firebase\\\\dataconnect\": could not find dataconnect.yaml in `c:\\Users\\52114\\Downloads\\akrivis-uat-webapp-firebase\\dataconnect`\n"}}
[debug] [2026-06-29T17:42:04.344Z] E0630 00:42:04.344348   17672 watch.go:40] Failed to load config from "c:\\Users\\52114\\Downloads\\akrivis-uat-webapp-firebase\\dataconnect": could not find dataconnect.yaml in `c:\Users\52114\Downloads\akrivis-uat-webapp-firebase\dataconnect`
 {"metadata":{"emulator":{"name":"dataconnect"},"message":"E0630 00:42:04.344348   17672 watch.go:40] Failed to load config from \"c:\\\\Users\\\\52114\\\\Downloads\\\\akrivis-uat-webapp-firebase\\\\dataconnect\": could not find dataconnect.yaml in `c:\\Users\\52114\\Downloads\\akrivis-uat-webapp-firebase\\dataconnect`\n"}}
[debug] [2026-06-29T17:42:14.343Z] E0630 00:42:14.344157   17672 watch.go:116] watchAllDir unable to walk dir `c:\Users\52114\Downloads\akrivis-uat-webapp-firebase\dataconnect`: GetFileAttributesEx c:\Users\52114\Downloads\akrivis-uat-webapp-firebase\dataconnect: The system cannot find the file specified.
 {"metadata":{"emulator":{"name":"dataconnect"},"message":"E0630 00:42:14.344157   17672 watch.go:116] watchAllDir unable to walk dir `c:\\Users\\52114\\Downloads\\akrivis-uat-webapp-firebase\\dataconnect`: GetFileAttributesEx c:\\Users\\52114\\Downloads\\akrivis-uat-webapp-firebase\\dataconnect: The system cannot find the file specified.\n"}}
[debug] [2026-06-29T17:42:14.344Z] E0630 00:42:14.344157   17672 watch.go:40] Failed to load config from "c:\\Users\\52114\\Downloads\\akrivis-uat-webapp-firebase\\dataconnect": could not find dataconnect.yaml in `c:\Users\52114\Downloads\akrivis-uat-webapp-firebase\dataconnect`
 {"metadata":{"emulator":{"name":"dataconnect"},"message":"E0630 00:42:14.344157   17672 watch.go:40] Failed to load config from \"c:\\\\Users\\\\52114\\\\Downloads\\\\akrivis-uat-webapp-firebase\\\\dataconnect\": could not find dataconnect.yaml in `c:\\Users\\52114\\Downloads\\akrivis-uat-webapp-firebase\\dataconnect`\n"}}
[debug] [2026-06-29T17:42:24.344Z] E0630 00:42:24.345061   17672 watch.go:40] Failed to load config from "c:\\Users\\52114\\Downloads\\akrivis-uat-webapp-firebase\\dataconnect": could not find dataconnect.yaml in `c:\Users\52114\Downloads\akrivis-uat-webapp-firebase\dataconnect`
 {"metadata":{"emulator":{"name":"dataconnect"},"message":"E0630 00:42:24.345061   17672 watch.go:40] Failed to load config from \"c:\\\\Users\\\\52114\\\\Downloads\\\\akrivis-uat-webapp-firebase\\\\dataconnect\": could not find dataconnect.yaml in `c:\\Users\\52114\\Downloads\\akrivis-uat-webapp-firebase\\dataconnect`\n"}}
[debug] [2026-06-29T17:42:34.344Z] E0630 00:42:34.344583   17672 watch.go:40] Failed to load config from "c:\\Users\\52114\\Downloads\\akrivis-uat-webapp-firebase\\dataconnect": could not find dataconnect.yaml in `c:\Users\52114\Downloads\akrivis-uat-webapp-firebase\dataconnect`
 {"metadata":{"emulator":{"name":"dataconnect"},"message":"E0630 00:42:34.344583   17672 watch.go:40] Failed to load config from \"c:\\\\Users\\\\52114\\\\Downloads\\\\akrivis-uat-webapp-firebase\\\\dataconnect\": could not find dataconnect.yaml in `c:\\Users\\52114\\Downloads\\akrivis-uat-webapp-firebase\\dataconnect`\n"}}
[debug] [2026-06-29T17:42:44.344Z] E0630 00:42:44.344366   17672 watch.go:40] Failed to load config from "c:\\Users\\52114\\Downloads\\akrivis-uat-webapp-firebase\\dataconnect": could not find dataconnect.yaml in `c:\Users\52114\Downloads\akrivis-uat-webapp-firebase\dataconnect`
 {"metadata":{"emulator":{"name":"dataconnect"},"message":"E0630 00:42:44.344366   17672 watch.go:40] Failed to load config from \"c:\\\\Users\\\\52114\\\\Downloads\\\\akrivis-uat-webapp-firebase\\\\dataconnect\": could not find dataconnect.yaml in `c:\\Users\\52114\\Downloads\\akrivis-uat-webapp-firebase\\dataconnect`\n"}}
[debug] [2026-06-29T17:42:54.344Z] E0630 00:42:54.344958   17672 watch.go:40] Failed to load config from "c:\\Users\\52114\\Downloads\\akrivis-uat-webapp-firebase\\dataconnect": could not find dataconnect.yaml in `c:\Users\52114\Downloads\akrivis-uat-webapp-firebase\dataconnect`
 {"metadata":{"emulator":{"name":"dataconnect"},"message":"E0630 00:42:54.344958   17672 watch.go:40] Failed to load config from \"c:\\\\Users\\\\52114\\\\Downloads\\\\akrivis-uat-webapp-firebase\\\\dataconnect\": could not find dataconnect.yaml in `c:\\Users\\52114\\Downloads\\akrivis-uat-webapp-firebase\\dataconnect`\n"}}
[debug] [2026-06-29T17:43:04.344Z] E0630 00:43:04.344478   17672 watch.go:40] Failed to load config from "c:\\Users\\52114\\Downloads\\akrivis-uat-webapp-firebase\\dataconnect": could not find dataconnect.yaml in `c:\Users\52114\Downloads\akrivis-uat-webapp-firebase\dataconnect`
 {"metadata":{"emulator":{"name":"dataconnect"},"message":"E0630 00:43:04.344478   17672 watch.go:40] Failed to load config from \"c:\\\\Users\\\\52114\\\\Downloads\\\\akrivis-uat-webapp-firebase\\\\dataconnect\": could not find dataconnect.yaml in `c:\\Users\\52114\\Downloads\\akrivis-uat-webapp-firebase\\dataconnect`\n"}}
[debug] [2026-06-29T17:43:14.344Z] E0630 00:43:14.344785   17672 watch.go:116] watchAllDir unable to walk dir `c:\Users\52114\Downloads\akrivis-uat-webapp-firebase\dataconnect`: GetFileAttributesEx c:\Users\52114\Downloads\akrivis-uat-webapp-firebase\dataconnect: The system cannot find the file specified.
 {"metadata":{"emulator":{"name":"dataconnect"},"message":"E0630 00:43:14.344785   17672 watch.go:116] watchAllDir unable to walk dir `c:\\Users\\52114\\Downloads\\akrivis-uat-webapp-firebase\\dataconnect`: GetFileAttributesEx c:\\Users\\52114\\Downloads\\akrivis-uat-webapp-firebase\\dataconnect: The system cannot find the file specified.\n"}}
[debug] [2026-06-29T17:43:14.345Z] E0630 00:43:14.344785   17672 watch.go:40] Failed to load config from "c:\\Users\\52114\\Downloads\\akrivis-uat-webapp-firebase\\dataconnect": could not find dataconnect.yaml in `c:\Users\52114\Downloads\akrivis-uat-webapp-firebase\dataconnect`
 {"metadata":{"emulator":{"name":"dataconnect"},"message":"E0630 00:43:14.344785   17672 watch.go:40] Failed to load config from \"c:\\\\Users\\\\52114\\\\Downloads\\\\akrivis-uat-webapp-firebase\\\\dataconnect\": could not find dataconnect.yaml in `c:\\Users\\52114\\Downloads\\akrivis-uat-webapp-firebase\\dataconnect`\n"}}
[debug] [2026-06-29T17:43:24.345Z] E0630 00:43:24.344798   17672 watch.go:40] Failed to load config from "c:\\Users\\52114\\Downloads\\akrivis-uat-webapp-firebase\\dataconnect": could not find dataconnect.yaml in `c:\Users\52114\Downloads\akrivis-uat-webapp-firebase\dataconnect`
 {"metadata":{"emulator":{"name":"dataconnect"},"message":"E0630 00:43:24.344798   17672 watch.go:40] Failed to load config from \"c:\\\\Users\\\\52114\\\\Downloads\\\\akrivis-uat-webapp-firebase\\\\dataconnect\": could not find dataconnect.yaml in `c:\\Users\\52114\\Downloads\\akrivis-uat-webapp-firebase\\dataconnect`\n"}}
[debug] [2026-06-29T17:43:34.344Z] E0630 00:43:34.344237   17672 watch.go:40] Failed to load config from "c:\\Users\\52114\\Downloads\\akrivis-uat-webapp-firebase\\dataconnect": could not find dataconnect.yaml in `c:\Users\52114\Downloads\akrivis-uat-webapp-firebase\dataconnect`
 {"metadata":{"emulator":{"name":"dataconnect"},"message":"E0630 00:43:34.344237   17672 watch.go:40] Failed to load config from \"c:\\\\Users\\\\52114\\\\Downloads\\\\akrivis-uat-webapp-firebase\\\\dataconnect\": could not find dataconnect.yaml in `c:\\Users\\52114\\Downloads\\akrivis-uat-webapp-firebase\\dataconnect`\n"}}
[debug] [2026-06-29T17:43:44.345Z] E0630 00:43:44.344896   17672 watch.go:40] Failed to load config from "c:\\Users\\52114\\Downloads\\akrivis-uat-webapp-firebase\\dataconnect": could not find dataconnect.yaml in `c:\Users\52114\Downloads\akrivis-uat-webapp-firebase\dataconnect`
 {"metadata":{"emulator":{"name":"dataconnect"},"message":"E0630 00:43:44.344896   17672 watch.go:40] Failed to load config from \"c:\\\\Users\\\\52114\\\\Downloads\\\\akrivis-uat-webapp-firebase\\\\dataconnect\": could not find dataconnect.yaml in `c:\\Users\\52114\\Downloads\\akrivis-uat-webapp-firebase\\dataconnect`\n"}}
[debug] [2026-06-29T17:43:54.344Z] E0630 00:43:54.344929   17672 watch.go:40] Failed to load config from "c:\\Users\\52114\\Downloads\\akrivis-uat-webapp-firebase\\dataconnect": could not find dataconnect.yaml in `c:\Users\52114\Downloads\akrivis-uat-webapp-firebase\dataconnect`
 {"metadata":{"emulator":{"name":"dataconnect"},"message":"E0630 00:43:54.344929   17672 watch.go:40] Failed to load config from \"c:\\\\Users\\\\52114\\\\Downloads\\\\akrivis-uat-webapp-firebase\\\\dataconnect\": could not find dataconnect.yaml in `c:\\Users\\52114\\Downloads\\akrivis-uat-webapp-firebase\\dataconnect`\n"}}
[debug] [2026-06-29T17:44:04.344Z] E0630 00:44:04.344527   17672 watch.go:40] Failed to load config from "c:\\Users\\52114\\Downloads\\akrivis-uat-webapp-firebase\\dataconnect": could not find dataconnect.yaml in `c:\Users\52114\Downloads\akrivis-uat-webapp-firebase\dataconnect`
 {"metadata":{"emulator":{"name":"dataconnect"},"message":"E0630 00:44:04.344527   17672 watch.go:40] Failed to load config from \"c:\\\\Users\\\\52114\\\\Downloads\\\\akrivis-uat-webapp-firebase\\\\dataconnect\": could not find dataconnect.yaml in `c:\\Users\\52114\\Downloads\\akrivis-uat-webapp-firebase\\dataconnect`\n"}}
[debug] [2026-06-29T17:44:14.344Z] E0630 00:44:14.344433   17672 watch.go:116] watchAllDir unable to walk dir `c:\Users\52114\Downloads\akrivis-uat-webapp-firebase\dataconnect`: GetFileAttributesEx c:\Users\52114\Downloads\akrivis-uat-webapp-firebase\dataconnect: The system cannot find the file specified.
 {"metadata":{"emulator":{"name":"dataconnect"},"message":"E0630 00:44:14.344433   17672 watch.go:116] watchAllDir unable to walk dir `c:\\Users\\52114\\Downloads\\akrivis-uat-webapp-firebase\\dataconnect`: GetFileAttributesEx c:\\Users\\52114\\Downloads\\akrivis-uat-webapp-firebase\\dataconnect: The system cannot find the file specified.\n"}}
[debug] [2026-06-29T17:44:14.345Z] E0630 00:44:14.344433   17672 watch.go:40] Failed to load config from "c:\\Users\\52114\\Downloads\\akrivis-uat-webapp-firebase\\dataconnect": could not find dataconnect.yaml in `c:\Users\52114\Downloads\akrivis-uat-webapp-firebase\dataconnect`
 {"metadata":{"emulator":{"name":"dataconnect"},"message":"E0630 00:44:14.344433   17672 watch.go:40] Failed to load config from \"c:\\\\Users\\\\52114\\\\Downloads\\\\akrivis-uat-webapp-firebase\\\\dataconnect\": could not find dataconnect.yaml in `c:\\Users\\52114\\Downloads\\akrivis-uat-webapp-firebase\\dataconnect`\n"}}
[debug] [2026-06-29T17:44:24.344Z] E0630 00:44:24.344828   17672 watch.go:40] Failed to load config from "c:\\Users\\52114\\Downloads\\akrivis-uat-webapp-firebase\\dataconnect": could not find dataconnect.yaml in `c:\Users\52114\Downloads\akrivis-uat-webapp-firebase\dataconnect`
 {"metadata":{"emulator":{"name":"dataconnect"},"message":"E0630 00:44:24.344828   17672 watch.go:40] Failed to load config from \"c:\\\\Users\\\\52114\\\\Downloads\\\\akrivis-uat-webapp-firebase\\\\dataconnect\": could not find dataconnect.yaml in `c:\\Users\\52114\\Downloads\\akrivis-uat-webapp-firebase\\dataconnect`\n"}}
[debug] [2026-06-29T17:44:34.344Z] E0630 00:44:34.344069   17672 watch.go:40] Failed to load config from "c:\\Users\\52114\\Downloads\\akrivis-uat-webapp-firebase\\dataconnect": could not find dataconnect.yaml in `c:\Users\52114\Downloads\akrivis-uat-webapp-firebase\dataconnect`
 {"metadata":{"emulator":{"name":"dataconnect"},"message":"E0630 00:44:34.344069   17672 watch.go:40] Failed to load config from \"c:\\\\Users\\\\52114\\\\Downloads\\\\akrivis-uat-webapp-firebase\\\\dataconnect\": could not find dataconnect.yaml in `c:\\Users\\52114\\Downloads\\akrivis-uat-webapp-firebase\\dataconnect`\n"}}
[debug] [2026-06-29T17:44:44.344Z] E0630 00:44:44.344813   17672 watch.go:40] Failed to load config from "c:\\Users\\52114\\Downloads\\akrivis-uat-webapp-firebase\\dataconnect": could not find dataconnect.yaml in `c:\Users\52114\Downloads\akrivis-uat-webapp-firebase\dataconnect`
 {"metadata":{"emulator":{"name":"dataconnect"},"message":"E0630 00:44:44.344813   17672 watch.go:40] Failed to load config from \"c:\\\\Users\\\\52114\\\\Downloads\\\\akrivis-uat-webapp-firebase\\\\dataconnect\": could not find dataconnect.yaml in `c:\\Users\\52114\\Downloads\\akrivis-uat-webapp-firebase\\dataconnect`\n"}}
[debug] [2026-06-29T17:44:54.344Z] E0630 00:44:54.344053   17672 watch.go:40] Failed to load config from "c:\\Users\\52114\\Downloads\\akrivis-uat-webapp-firebase\\dataconnect": could not find dataconnect.yaml in `c:\Users\52114\Downloads\akrivis-uat-webapp-firebase\dataconnect`
 {"metadata":{"emulator":{"name":"dataconnect"},"message":"E0630 00:44:54.344053   17672 watch.go:40] Failed to load config from \"c:\\\\Users\\\\52114\\\\Downloads\\\\akrivis-uat-webapp-firebase\\\\dataconnect\": could not find dataconnect.yaml in `c:\\Users\\52114\\Downloads\\akrivis-uat-webapp-firebase\\dataconnect`\n"}}
[debug] [2026-06-29T17:45:04.344Z] E0630 00:45:04.344676   17672 watch.go:40] Failed to load config from "c:\\Users\\52114\\Downloads\\akrivis-uat-webapp-firebase\\dataconnect": could not find dataconnect.yaml in `c:\Users\52114\Downloads\akrivis-uat-webapp-firebase\dataconnect`
 {"metadata":{"emulator":{"name":"dataconnect"},"message":"E0630 00:45:04.344676   17672 watch.go:40] Failed to load config from \"c:\\\\Users\\\\52114\\\\Downloads\\\\akrivis-uat-webapp-firebase\\\\dataconnect\": could not find dataconnect.yaml in `c:\\Users\\52114\\Downloads\\akrivis-uat-webapp-firebase\\dataconnect`\n"}}
[debug] [2026-06-29T17:45:14.344Z] E0630 00:45:14.344490   17672 watch.go:116] watchAllDir unable to walk dir `c:\Users\52114\Downloads\akrivis-uat-webapp-firebase\dataconnect`: GetFileAttributesEx c:\Users\52114\Downloads\akrivis-uat-webapp-firebase\dataconnect: The system cannot find the file specified.
 {"metadata":{"emulator":{"name":"dataconnect"},"message":"E0630 00:45:14.344490   17672 watch.go:116] watchAllDir unable to walk dir `c:\\Users\\52114\\Downloads\\akrivis-uat-webapp-firebase\\dataconnect`: GetFileAttributesEx c:\\Users\\52114\\Downloads\\akrivis-uat-webapp-firebase\\dataconnect: The system cannot find the file specified.\n"}}
[debug] [2026-06-29T17:45:14.345Z] E0630 00:45:14.344999   17672 watch.go:40] Failed to load config from "c:\\Users\\52114\\Downloads\\akrivis-uat-webapp-firebase\\dataconnect": could not find dataconnect.yaml in `c:\Users\52114\Downloads\akrivis-uat-webapp-firebase\dataconnect`
 {"metadata":{"emulator":{"name":"dataconnect"},"message":"E0630 00:45:14.344999   17672 watch.go:40] Failed to load config from \"c:\\\\Users\\\\52114\\\\Downloads\\\\akrivis-uat-webapp-firebase\\\\dataconnect\": could not find dataconnect.yaml in `c:\\Users\\52114\\Downloads\\akrivis-uat-webapp-firebase\\dataconnect`\n"}}
[debug] [2026-06-29T17:45:24.344Z] E0630 00:45:24.345012   17672 watch.go:40] Failed to load config from "c:\\Users\\52114\\Downloads\\akrivis-uat-webapp-firebase\\dataconnect": could not find dataconnect.yaml in `c:\Users\52114\Downloads\akrivis-uat-webapp-firebase\dataconnect`
 {"metadata":{"emulator":{"name":"dataconnect"},"message":"E0630 00:45:24.345012   17672 watch.go:40] Failed to load config from \"c:\\\\Users\\\\52114\\\\Downloads\\\\akrivis-uat-webapp-firebase\\\\dataconnect\": could not find dataconnect.yaml in `c:\\Users\\52114\\Downloads\\akrivis-uat-webapp-firebase\\dataconnect`\n"}}
[debug] [2026-06-29T17:45:34.351Z] E0630 00:45:34.352442   17672 watch.go:40] Failed to load config from "c:\\Users\\52114\\Downloads\\akrivis-uat-webapp-firebase\\dataconnect": could not find dataconnect.yaml in `c:\Users\52114\Downloads\akrivis-uat-webapp-firebase\dataconnect`
 {"metadata":{"emulator":{"name":"dataconnect"},"message":"E0630 00:45:34.352442   17672 watch.go:40] Failed to load config from \"c:\\\\Users\\\\52114\\\\Downloads\\\\akrivis-uat-webapp-firebase\\\\dataconnect\": could not find dataconnect.yaml in `c:\\Users\\52114\\Downloads\\akrivis-uat-webapp-firebase\\dataconnect`\n"}}
[debug] [2026-06-29T17:45:44.344Z] E0630 00:45:44.344525   17672 watch.go:40] Failed to load config from "c:\\Users\\52114\\Downloads\\akrivis-uat-webapp-firebase\\dataconnect": could not find dataconnect.yaml in `c:\Users\52114\Downloads\akrivis-uat-webapp-firebase\dataconnect`
 {"metadata":{"emulator":{"name":"dataconnect"},"message":"E0630 00:45:44.344525   17672 watch.go:40] Failed to load config from \"c:\\\\Users\\\\52114\\\\Downloads\\\\akrivis-uat-webapp-firebase\\\\dataconnect\": could not find dataconnect.yaml in `c:\\Users\\52114\\Downloads\\akrivis-uat-webapp-firebase\\dataconnect`\n"}}
[debug] [2026-06-29T17:45:54.344Z] E0630 00:45:54.344494   17672 watch.go:40] Failed to load config from "c:\\Users\\52114\\Downloads\\akrivis-uat-webapp-firebase\\dataconnect": could not find dataconnect.yaml in `c:\Users\52114\Downloads\akrivis-uat-webapp-firebase\dataconnect`
 {"metadata":{"emulator":{"name":"dataconnect"},"message":"E0630 00:45:54.344494   17672 watch.go:40] Failed to load config from \"c:\\\\Users\\\\52114\\\\Downloads\\\\akrivis-uat-webapp-firebase\\\\dataconnect\": could not find dataconnect.yaml in `c:\\Users\\52114\\Downloads\\akrivis-uat-webapp-firebase\\dataconnect`\n"}}
[debug] [2026-06-29T17:46:04.344Z] E0630 00:46:04.344314   17672 watch.go:40] Failed to load config from "c:\\Users\\52114\\Downloads\\akrivis-uat-webapp-firebase\\dataconnect": could not find dataconnect.yaml in `c:\Users\52114\Downloads\akrivis-uat-webapp-firebase\dataconnect`
 {"metadata":{"emulator":{"name":"dataconnect"},"message":"E0630 00:46:04.344314   17672 watch.go:40] Failed to load config from \"c:\\\\Users\\\\52114\\\\Downloads\\\\akrivis-uat-webapp-firebase\\\\dataconnect\": could not find dataconnect.yaml in `c:\\Users\\52114\\Downloads\\akrivis-uat-webapp-firebase\\dataconnect`\n"}}
[debug] [2026-06-29T17:46:14.345Z] E0630 00:46:14.344699   17672 watch.go:116] watchAllDir unable to walk dir `c:\Users\52114\Downloads\akrivis-uat-webapp-firebase\dataconnect`: GetFileAttributesEx c:\Users\52114\Downloads\akrivis-uat-webapp-firebase\dataconnect: The system cannot find the file specified.
 {"metadata":{"emulator":{"name":"dataconnect"},"message":"E0630 00:46:14.344699   17672 watch.go:116] watchAllDir unable to walk dir `c:\\Users\\52114\\Downloads\\akrivis-uat-webapp-firebase\\dataconnect`: GetFileAttributesEx c:\\Users\\52114\\Downloads\\akrivis-uat-webapp-firebase\\dataconnect: The system cannot find the file specified.\n"}}
[debug] [2026-06-29T17:46:14.346Z] E0630 00:46:14.344699   17672 watch.go:40] Failed to load config from "c:\\Users\\52114\\Downloads\\akrivis-uat-webapp-firebase\\dataconnect": could not find dataconnect.yaml in `c:\Users\52114\Downloads\akrivis-uat-webapp-firebase\dataconnect`
 {"metadata":{"emulator":{"name":"dataconnect"},"message":"E0630 00:46:14.344699   17672 watch.go:40] Failed to load config from \"c:\\\\Users\\\\52114\\\\Downloads\\\\akrivis-uat-webapp-firebase\\\\dataconnect\": could not find dataconnect.yaml in `c:\\Users\\52114\\Downloads\\akrivis-uat-webapp-firebase\\dataconnect`\n"}}
[debug] [2026-06-29T17:46:24.345Z] E0630 00:46:24.344402   17672 watch.go:40] Failed to load config from "c:\\Users\\52114\\Downloads\\akrivis-uat-webapp-firebase\\dataconnect": could not find dataconnect.yaml in `c:\Users\52114\Downloads\akrivis-uat-webapp-firebase\dataconnect`
 {"metadata":{"emulator":{"name":"dataconnect"},"message":"E0630 00:46:24.344402   17672 watch.go:40] Failed to load config from \"c:\\\\Users\\\\52114\\\\Downloads\\\\akrivis-uat-webapp-firebase\\\\dataconnect\": could not find dataconnect.yaml in `c:\\Users\\52114\\Downloads\\akrivis-uat-webapp-firebase\\dataconnect`\n"}}
[debug] [2026-06-29T17:46:34.345Z] E0630 00:46:34.344609   17672 watch.go:40] Failed to load config from "c:\\Users\\52114\\Downloads\\akrivis-uat-webapp-firebase\\dataconnect": could not find dataconnect.yaml in `c:\Users\52114\Downloads\akrivis-uat-webapp-firebase\dataconnect`
 {"metadata":{"emulator":{"name":"dataconnect"},"message":"E0630 00:46:34.344609   17672 watch.go:40] Failed to load config from \"c:\\\\Users\\\\52114\\\\Downloads\\\\akrivis-uat-webapp-firebase\\\\dataconnect\": could not find dataconnect.yaml in `c:\\Users\\52114\\Downloads\\akrivis-uat-webapp-firebase\\dataconnect`\n"}}
[debug] [2026-06-29T17:46:44.345Z] E0630 00:46:44.344726   17672 watch.go:40] Failed to load config from "c:\\Users\\52114\\Downloads\\akrivis-uat-webapp-firebase\\dataconnect": could not find dataconnect.yaml in `c:\Users\52114\Downloads\akrivis-uat-webapp-firebase\dataconnect`
 {"metadata":{"emulator":{"name":"dataconnect"},"message":"E0630 00:46:44.344726   17672 watch.go:40] Failed to load config from \"c:\\\\Users\\\\52114\\\\Downloads\\\\akrivis-uat-webapp-firebase\\\\dataconnect\": could not find dataconnect.yaml in `c:\\Users\\52114\\Downloads\\akrivis-uat-webapp-firebase\\dataconnect`\n"}}
[debug] [2026-06-29T17:46:54.344Z] E0630 00:46:54.344165   17672 watch.go:40] Failed to load config from "c:\\Users\\52114\\Downloads\\akrivis-uat-webapp-firebase\\dataconnect": could not find dataconnect.yaml in `c:\Users\52114\Downloads\akrivis-uat-webapp-firebase\dataconnect`
 {"metadata":{"emulator":{"name":"dataconnect"},"message":"E0630 00:46:54.344165   17672 watch.go:40] Failed to load config from \"c:\\\\Users\\\\52114\\\\Downloads\\\\akrivis-uat-webapp-firebase\\\\dataconnect\": could not find dataconnect.yaml in `c:\\Users\\52114\\Downloads\\akrivis-uat-webapp-firebase\\dataconnect`\n"}}
[debug] [2026-06-29T17:47:04.345Z] E0630 00:47:04.344881   17672 watch.go:40] Failed to load config from "c:\\Users\\52114\\Downloads\\akrivis-uat-webapp-firebase\\dataconnect": could not find dataconnect.yaml in `c:\Users\52114\Downloads\akrivis-uat-webapp-firebase\dataconnect`
 {"metadata":{"emulator":{"name":"dataconnect"},"message":"E0630 00:47:04.344881   17672 watch.go:40] Failed to load config from \"c:\\\\Users\\\\52114\\\\Downloads\\\\akrivis-uat-webapp-firebase\\\\dataconnect\": could not find dataconnect.yaml in `c:\\Users\\52114\\Downloads\\akrivis-uat-webapp-firebase\\dataconnect`\n"}}
[debug] [2026-06-29T17:47:14.345Z] E0630 00:47:14.344658   17672 watch.go:116] watchAllDir unable to walk dir `c:\Users\52114\Downloads\akrivis-uat-webapp-firebase\dataconnect`: GetFileAttributesEx c:\Users\52114\Downloads\akrivis-uat-webapp-firebase\dataconnect: The system cannot find the file specified.
 {"metadata":{"emulator":{"name":"dataconnect"},"message":"E0630 00:47:14.344658   17672 watch.go:116] watchAllDir unable to walk dir `c:\\Users\\52114\\Downloads\\akrivis-uat-webapp-firebase\\dataconnect`: GetFileAttributesEx c:\\Users\\52114\\Downloads\\akrivis-uat-webapp-firebase\\dataconnect: The system cannot find the file specified.\n"}}
[debug] [2026-06-29T17:47:14.346Z] E0630 00:47:14.345540   17672 watch.go:40] Failed to load config from "c:\\Users\\52114\\Downloads\\akrivis-uat-webapp-firebase\\dataconnect": could not find dataconnect.yaml in `c:\Users\52114\Downloads\akrivis-uat-webapp-firebase\dataconnect`
 {"metadata":{"emulator":{"name":"dataconnect"},"message":"E0630 00:47:14.345540   17672 watch.go:40] Failed to load config from \"c:\\\\Users\\\\52114\\\\Downloads\\\\akrivis-uat-webapp-firebase\\\\dataconnect\": could not find dataconnect.yaml in `c:\\Users\\52114\\Downloads\\akrivis-uat-webapp-firebase\\dataconnect`\n"}}
[debug] [2026-06-29T17:47:24.344Z] E0630 00:47:24.344318   17672 watch.go:40] Failed to load config from "c:\\Users\\52114\\Downloads\\akrivis-uat-webapp-firebase\\dataconnect": could not find dataconnect.yaml in `c:\Users\52114\Downloads\akrivis-uat-webapp-firebase\dataconnect`
 {"metadata":{"emulator":{"name":"dataconnect"},"message":"E0630 00:47:24.344318   17672 watch.go:40] Failed to load config from \"c:\\\\Users\\\\52114\\\\Downloads\\\\akrivis-uat-webapp-firebase\\\\dataconnect\": could not find dataconnect.yaml in `c:\\Users\\52114\\Downloads\\akrivis-uat-webapp-firebase\\dataconnect`\n"}}
[debug] [2026-06-29T17:47:34.345Z] E0630 00:47:34.344937   17672 watch.go:40] Failed to load config from "c:\\Users\\52114\\Downloads\\akrivis-uat-webapp-firebase\\dataconnect": could not find dataconnect.yaml in `c:\Users\52114\Downloads\akrivis-uat-webapp-firebase\dataconnect`
 {"metadata":{"emulator":{"name":"dataconnect"},"message":"E0630 00:47:34.344937   17672 watch.go:40] Failed to load config from \"c:\\\\Users\\\\52114\\\\Downloads\\\\akrivis-uat-webapp-firebase\\\\dataconnect\": could not find dataconnect.yaml in `c:\\Users\\52114\\Downloads\\akrivis-uat-webapp-firebase\\dataconnect`\n"}}
[debug] [2026-06-29T17:47:44.344Z] E0630 00:47:44.344287   17672 watch.go:40] Failed to load config from "c:\\Users\\52114\\Downloads\\akrivis-uat-webapp-firebase\\dataconnect": could not find dataconnect.yaml in `c:\Users\52114\Downloads\akrivis-uat-webapp-firebase\dataconnect`
 {"metadata":{"emulator":{"name":"dataconnect"},"message":"E0630 00:47:44.344287   17672 watch.go:40] Failed to load config from \"c:\\\\Users\\\\52114\\\\Downloads\\\\akrivis-uat-webapp-firebase\\\\dataconnect\": could not find dataconnect.yaml in `c:\\Users\\52114\\Downloads\\akrivis-uat-webapp-firebase\\dataconnect`\n"}}
[debug] [2026-06-29T17:47:54.344Z] E0630 00:47:54.344201   17672 watch.go:40] Failed to load config from "c:\\Users\\52114\\Downloads\\akrivis-uat-webapp-firebase\\dataconnect": could not find dataconnect.yaml in `c:\Users\52114\Downloads\akrivis-uat-webapp-firebase\dataconnect`
 {"metadata":{"emulator":{"name":"dataconnect"},"message":"E0630 00:47:54.344201   17672 watch.go:40] Failed to load config from \"c:\\\\Users\\\\52114\\\\Downloads\\\\akrivis-uat-webapp-firebase\\\\dataconnect\": could not find dataconnect.yaml in `c:\\Users\\52114\\Downloads\\akrivis-uat-webapp-firebase\\dataconnect`\n"}}
[debug] [2026-06-29T17:48:04.344Z] E0630 00:48:04.344344   17672 watch.go:40] Failed to load config from "c:\\Users\\52114\\Downloads\\akrivis-uat-webapp-firebase\\dataconnect": could not find dataconnect.yaml in `c:\Users\52114\Downloads\akrivis-uat-webapp-firebase\dataconnect`
 {"metadata":{"emulator":{"name":"dataconnect"},"message":"E0630 00:48:04.344344   17672 watch.go:40] Failed to load config from \"c:\\\\Users\\\\52114\\\\Downloads\\\\akrivis-uat-webapp-firebase\\\\dataconnect\": could not find dataconnect.yaml in `c:\\Users\\52114\\Downloads\\akrivis-uat-webapp-firebase\\dataconnect`\n"}}
[debug] [2026-06-29T17:48:14.344Z] E0630 00:48:14.344164   17672 watch.go:116] watchAllDir unable to walk dir `c:\Users\52114\Downloads\akrivis-uat-webapp-firebase\dataconnect`: GetFileAttributesEx c:\Users\52114\Downloads\akrivis-uat-webapp-firebase\dataconnect: The system cannot find the file specified.
E0630 00:48:14.344164   17672 watch.go:40] Failed to load config from "c:\\Users\\52114\\Downloads\\akrivis-uat-webapp-firebase\\dataconnect": could not find dataconnect.yaml in `c:\Users\52114\Downloads\akrivis-uat-webapp-firebase\dataconnect`
 {"metadata":{"emulator":{"name":"dataconnect"},"message":"E0630 00:48:14.344164   17672 watch.go:116] watchAllDir unable to walk dir `c:\\Users\\52114\\Downloads\\akrivis-uat-webapp-firebase\\dataconnect`: GetFileAttributesEx c:\\Users\\52114\\Downloads\\akrivis-uat-webapp-firebase\\dataconnect: The system cannot find the file specified.\nE0630 00:48:14.344164   17672 watch.go:40] Failed to load config from \"c:\\\\Users\\\\52114\\\\Downloads\\\\akrivis-uat-webapp-firebase\\\\dataconnect\": could not find dataconnect.yaml in `c:\\Users\\52114\\Downloads\\akrivis-uat-webapp-firebase\\dataconnect`\n"}}
[debug] [2026-06-29T17:48:24.344Z] E0630 00:48:24.344734   17672 watch.go:40] Failed to load config from "c:\\Users\\52114\\Downloads\\akrivis-uat-webapp-firebase\\dataconnect": could not find dataconnect.yaml in `c:\Users\52114\Downloads\akrivis-uat-webapp-firebase\dataconnect`
 {"metadata":{"emulator":{"name":"dataconnect"},"message":"E0630 00:48:24.344734   17672 watch.go:40] Failed to load config from \"c:\\\\Users\\\\52114\\\\Downloads\\\\akrivis-uat-webapp-firebase\\\\dataconnect\": could not find dataconnect.yaml in `c:\\Users\\52114\\Downloads\\akrivis-uat-webapp-firebase\\dataconnect`\n"}}
[debug] [2026-06-29T17:48:34.344Z] E0630 00:48:34.344698   17672 watch.go:40] Failed to load config from "c:\\Users\\52114\\Downloads\\akrivis-uat-webapp-firebase\\dataconnect": could not find dataconnect.yaml in `c:\Users\52114\Downloads\akrivis-uat-webapp-firebase\dataconnect`
 {"metadata":{"emulator":{"name":"dataconnect"},"message":"E0630 00:48:34.344698   17672 watch.go:40] Failed to load config from \"c:\\\\Users\\\\52114\\\\Downloads\\\\akrivis-uat-webapp-firebase\\\\dataconnect\": could not find dataconnect.yaml in `c:\\Users\\52114\\Downloads\\akrivis-uat-webapp-firebase\\dataconnect`\n"}}
[debug] [2026-06-29T17:48:44.344Z] E0630 00:48:44.344756   17672 watch.go:40] Failed to load config from "c:\\Users\\52114\\Downloads\\akrivis-uat-webapp-firebase\\dataconnect": could not find dataconnect.yaml in `c:\Users\52114\Downloads\akrivis-uat-webapp-firebase\dataconnect`
 {"metadata":{"emulator":{"name":"dataconnect"},"message":"E0630 00:48:44.344756   17672 watch.go:40] Failed to load config from \"c:\\\\Users\\\\52114\\\\Downloads\\\\akrivis-uat-webapp-firebase\\\\dataconnect\": could not find dataconnect.yaml in `c:\\Users\\52114\\Downloads\\akrivis-uat-webapp-firebase\\dataconnect`\n"}}
[debug] [2026-06-29T17:48:54.344Z] E0630 00:48:54.344593   17672 watch.go:40] Failed to load config from "c:\\Users\\52114\\Downloads\\akrivis-uat-webapp-firebase\\dataconnect": could not find dataconnect.yaml in `c:\Users\52114\Downloads\akrivis-uat-webapp-firebase\dataconnect`
 {"metadata":{"emulator":{"name":"dataconnect"},"message":"E0630 00:48:54.344593   17672 watch.go:40] Failed to load config from \"c:\\\\Users\\\\52114\\\\Downloads\\\\akrivis-uat-webapp-firebase\\\\dataconnect\": could not find dataconnect.yaml in `c:\\Users\\52114\\Downloads\\akrivis-uat-webapp-firebase\\dataconnect`\n"}}
[debug] [2026-06-29T17:49:04.344Z] E0630 00:49:04.344608   17672 watch.go:40] Failed to load config from "c:\\Users\\52114\\Downloads\\akrivis-uat-webapp-firebase\\dataconnect": could not find dataconnect.yaml in `c:\Users\52114\Downloads\akrivis-uat-webapp-firebase\dataconnect`
 {"metadata":{"emulator":{"name":"dataconnect"},"message":"E0630 00:49:04.344608   17672 watch.go:40] Failed to load config from \"c:\\\\Users\\\\52114\\\\Downloads\\\\akrivis-uat-webapp-firebase\\\\dataconnect\": could not find dataconnect.yaml in `c:\\Users\\52114\\Downloads\\akrivis-uat-webapp-firebase\\dataconnect`\n"}}
[debug] [2026-06-29T17:49:14.344Z] E0630 00:49:14.344739   17672 watch.go:116] watchAllDir unable to walk dir `c:\Users\52114\Downloads\akrivis-uat-webapp-firebase\dataconnect`: GetFileAttributesEx c:\Users\52114\Downloads\akrivis-uat-webapp-firebase\dataconnect: The system cannot find the file specified.
 {"metadata":{"emulator":{"name":"dataconnect"},"message":"E0630 00:49:14.344739   17672 watch.go:116] watchAllDir unable to walk dir `c:\\Users\\52114\\Downloads\\akrivis-uat-webapp-firebase\\dataconnect`: GetFileAttributesEx c:\\Users\\52114\\Downloads\\akrivis-uat-webapp-firebase\\dataconnect: The system cannot find the file specified.\n"}}
[debug] [2026-06-29T17:49:14.345Z] E0630 00:49:14.344739   17672 watch.go:40] Failed to load config from "c:\\Users\\52114\\Downloads\\akrivis-uat-webapp-firebase\\dataconnect": could not find dataconnect.yaml in `c:\Users\52114\Downloads\akrivis-uat-webapp-firebase\dataconnect`
 {"metadata":{"emulator":{"name":"dataconnect"},"message":"E0630 00:49:14.344739   17672 watch.go:40] Failed to load config from \"c:\\\\Users\\\\52114\\\\Downloads\\\\akrivis-uat-webapp-firebase\\\\dataconnect\": could not find dataconnect.yaml in `c:\\Users\\52114\\Downloads\\akrivis-uat-webapp-firebase\\dataconnect`\n"}}
[debug] [2026-06-29T17:49:24.344Z] E0630 00:49:24.344029   17672 watch.go:40] Failed to load config from "c:\\Users\\52114\\Downloads\\akrivis-uat-webapp-firebase\\dataconnect": could not find dataconnect.yaml in `c:\Users\52114\Downloads\akrivis-uat-webapp-firebase\dataconnect`
 {"metadata":{"emulator":{"name":"dataconnect"},"message":"E0630 00:49:24.344029   17672 watch.go:40] Failed to load config from \"c:\\\\Users\\\\52114\\\\Downloads\\\\akrivis-uat-webapp-firebase\\\\dataconnect\": could not find dataconnect.yaml in `c:\\Users\\52114\\Downloads\\akrivis-uat-webapp-firebase\\dataconnect`\n"}}
[debug] [2026-06-29T17:49:34.345Z] E0630 00:49:34.345505   17672 watch.go:40] Failed to load config from "c:\\Users\\52114\\Downloads\\akrivis-uat-webapp-firebase\\dataconnect": could not find dataconnect.yaml in `c:\Users\52114\Downloads\akrivis-uat-webapp-firebase\dataconnect`
 {"metadata":{"emulator":{"name":"dataconnect"},"message":"E0630 00:49:34.345505   17672 watch.go:40] Failed to load config from \"c:\\\\Users\\\\52114\\\\Downloads\\\\akrivis-uat-webapp-firebase\\\\dataconnect\": could not find dataconnect.yaml in `c:\\Users\\52114\\Downloads\\akrivis-uat-webapp-firebase\\dataconnect`\n"}}
[debug] [2026-06-29T17:49:44.344Z] E0630 00:49:44.344189   17672 watch.go:40] Failed to load config from "c:\\Users\\52114\\Downloads\\akrivis-uat-webapp-firebase\\dataconnect": could not find dataconnect.yaml in `c:\Users\52114\Downloads\akrivis-uat-webapp-firebase\dataconnect`
 {"metadata":{"emulator":{"name":"dataconnect"},"message":"E0630 00:49:44.344189   17672 watch.go:40] Failed to load config from \"c:\\\\Users\\\\52114\\\\Downloads\\\\akrivis-uat-webapp-firebase\\\\dataconnect\": could not find dataconnect.yaml in `c:\\Users\\52114\\Downloads\\akrivis-uat-webapp-firebase\\dataconnect`\n"}}
[debug] [2026-06-29T17:49:54.344Z] E0630 00:49:54.344244   17672 watch.go:40] Failed to load config from "c:\\Users\\52114\\Downloads\\akrivis-uat-webapp-firebase\\dataconnect": could not find dataconnect.yaml in `c:\Users\52114\Downloads\akrivis-uat-webapp-firebase\dataconnect`
 {"metadata":{"emulator":{"name":"dataconnect"},"message":"E0630 00:49:54.344244   17672 watch.go:40] Failed to load config from \"c:\\\\Users\\\\52114\\\\Downloads\\\\akrivis-uat-webapp-firebase\\\\dataconnect\": could not find dataconnect.yaml in `c:\\Users\\52114\\Downloads\\akrivis-uat-webapp-firebase\\dataconnect`\n"}}
[debug] [2026-06-29T17:50:04.344Z] E0630 00:50:04.344439   17672 watch.go:40] Failed to load config from "c:\\Users\\52114\\Downloads\\akrivis-uat-webapp-firebase\\dataconnect": could not find dataconnect.yaml in `c:\Users\52114\Downloads\akrivis-uat-webapp-firebase\dataconnect`
 {"metadata":{"emulator":{"name":"dataconnect"},"message":"E0630 00:50:04.344439   17672 watch.go:40] Failed to load config from \"c:\\\\Users\\\\52114\\\\Downloads\\\\akrivis-uat-webapp-firebase\\\\dataconnect\": could not find dataconnect.yaml in `c:\\Users\\52114\\Downloads\\akrivis-uat-webapp-firebase\\dataconnect`\n"}}
[debug] [2026-06-29T17:50:14.344Z] E0630 00:50:14.344557   17672 watch.go:116] watchAllDir unable to walk dir `c:\Users\52114\Downloads\akrivis-uat-webapp-firebase\dataconnect`: GetFileAttributesEx c:\Users\52114\Downloads\akrivis-uat-webapp-firebase\dataconnect: The system cannot find the file specified.
 {"metadata":{"emulator":{"name":"dataconnect"},"message":"E0630 00:50:14.344557   17672 watch.go:116] watchAllDir unable to walk dir `c:\\Users\\52114\\Downloads\\akrivis-uat-webapp-firebase\\dataconnect`: GetFileAttributesEx c:\\Users\\52114\\Downloads\\akrivis-uat-webapp-firebase\\dataconnect: The system cannot find the file specified.\n"}}
[debug] [2026-06-29T17:50:14.345Z] E0630 00:50:14.344557   17672 watch.go:40] Failed to load config from "c:\\Users\\52114\\Downloads\\akrivis-uat-webapp-firebase\\dataconnect": could not find dataconnect.yaml in `c:\Users\52114\Downloads\akrivis-uat-webapp-firebase\dataconnect`
 {"metadata":{"emulator":{"name":"dataconnect"},"message":"E0630 00:50:14.344557   17672 watch.go:40] Failed to load config from \"c:\\\\Users\\\\52114\\\\Downloads\\\\akrivis-uat-webapp-firebase\\\\dataconnect\": could not find dataconnect.yaml in `c:\\Users\\52114\\Downloads\\akrivis-uat-webapp-firebase\\dataconnect`\n"}}
[debug] [2026-06-29T17:50:24.343Z] E0630 00:50:24.344243   17672 watch.go:40] Failed to load config from "c:\\Users\\52114\\Downloads\\akrivis-uat-webapp-firebase\\dataconnect": could not find dataconnect.yaml in `c:\Users\52114\Downloads\akrivis-uat-webapp-firebase\dataconnect`
 {"metadata":{"emulator":{"name":"dataconnect"},"message":"E0630 00:50:24.344243   17672 watch.go:40] Failed to load config from \"c:\\\\Users\\\\52114\\\\Downloads\\\\akrivis-uat-webapp-firebase\\\\dataconnect\": could not find dataconnect.yaml in `c:\\Users\\52114\\Downloads\\akrivis-uat-webapp-firebase\\dataconnect`\n"}}
[debug] [2026-06-29T17:50:34.344Z] E0630 00:50:34.344653   17672 watch.go:40] Failed to load config from "c:\\Users\\52114\\Downloads\\akrivis-uat-webapp-firebase\\dataconnect": could not find dataconnect.yaml in `c:\Users\52114\Downloads\akrivis-uat-webapp-firebase\dataconnect`
 {"metadata":{"emulator":{"name":"dataconnect"},"message":"E0630 00:50:34.344653   17672 watch.go:40] Failed to load config from \"c:\\\\Users\\\\52114\\\\Downloads\\\\akrivis-uat-webapp-firebase\\\\dataconnect\": could not find dataconnect.yaml in `c:\\Users\\52114\\Downloads\\akrivis-uat-webapp-firebase\\dataconnect`\n"}}
[debug] [2026-06-29T17:50:44.344Z] E0630 00:50:44.344853   17672 watch.go:40] Failed to load config from "c:\\Users\\52114\\Downloads\\akrivis-uat-webapp-firebase\\dataconnect": could not find dataconnect.yaml in `c:\Users\52114\Downloads\akrivis-uat-webapp-firebase\dataconnect`
 {"metadata":{"emulator":{"name":"dataconnect"},"message":"E0630 00:50:44.344853   17672 watch.go:40] Failed to load config from \"c:\\\\Users\\\\52114\\\\Downloads\\\\akrivis-uat-webapp-firebase\\\\dataconnect\": could not find dataconnect.yaml in `c:\\Users\\52114\\Downloads\\akrivis-uat-webapp-firebase\\dataconnect`\n"}}
[debug] [2026-06-29T17:50:54.344Z] E0630 00:50:54.344845   17672 watch.go:40] Failed to load config from "c:\\Users\\52114\\Downloads\\akrivis-uat-webapp-firebase\\dataconnect": could not find dataconnect.yaml in `c:\Users\52114\Downloads\akrivis-uat-webapp-firebase\dataconnect`
 {"metadata":{"emulator":{"name":"dataconnect"},"message":"E0630 00:50:54.344845   17672 watch.go:40] Failed to load config from \"c:\\\\Users\\\\52114\\\\Downloads\\\\akrivis-uat-webapp-firebase\\\\dataconnect\": could not find dataconnect.yaml in `c:\\Users\\52114\\Downloads\\akrivis-uat-webapp-firebase\\dataconnect`\n"}}
[debug] [2026-06-29T17:51:04.346Z] E0630 00:51:04.345189   17672 watch.go:40] Failed to load config from "c:\\Users\\52114\\Downloads\\akrivis-uat-webapp-firebase\\dataconnect": could not find dataconnect.yaml in `c:\Users\52114\Downloads\akrivis-uat-webapp-firebase\dataconnect`
 {"metadata":{"emulator":{"name":"dataconnect"},"message":"E0630 00:51:04.345189   17672 watch.go:40] Failed to load config from \"c:\\\\Users\\\\52114\\\\Downloads\\\\akrivis-uat-webapp-firebase\\\\dataconnect\": could not find dataconnect.yaml in `c:\\Users\\52114\\Downloads\\akrivis-uat-webapp-firebase\\dataconnect`\n"}}
[debug] [2026-06-29T17:51:14.343Z] E0630 00:51:14.344163   17672 watch.go:116] watchAllDir unable to walk dir `c:\Users\52114\Downloads\akrivis-uat-webapp-firebase\dataconnect`: GetFileAttributesEx c:\Users\52114\Downloads\akrivis-uat-webapp-firebase\dataconnect: The system cannot find the file specified.
 {"metadata":{"emulator":{"name":"dataconnect"},"message":"E0630 00:51:14.344163   17672 watch.go:116] watchAllDir unable to walk dir `c:\\Users\\52114\\Downloads\\akrivis-uat-webapp-firebase\\dataconnect`: GetFileAttributesEx c:\\Users\\52114\\Downloads\\akrivis-uat-webapp-firebase\\dataconnect: The system cannot find the file specified.\n"}}
[debug] [2026-06-29T17:51:14.344Z] E0630 00:51:14.344163   17672 watch.go:40] Failed to load config from "c:\\Users\\52114\\Downloads\\akrivis-uat-webapp-firebase\\dataconnect": could not find dataconnect.yaml in `c:\Users\52114\Downloads\akrivis-uat-webapp-firebase\dataconnect`
 {"metadata":{"emulator":{"name":"dataconnect"},"message":"E0630 00:51:14.344163   17672 watch.go:40] Failed to load config from \"c:\\\\Users\\\\52114\\\\Downloads\\\\akrivis-uat-webapp-firebase\\\\dataconnect\": could not find dataconnect.yaml in `c:\\Users\\52114\\Downloads\\akrivis-uat-webapp-firebase\\dataconnect`\n"}}
[debug] [2026-06-29T17:51:24.344Z] E0630 00:51:24.344480   17672 watch.go:40] Failed to load config from "c:\\Users\\52114\\Downloads\\akrivis-uat-webapp-firebase\\dataconnect": could not find dataconnect.yaml in `c:\Users\52114\Downloads\akrivis-uat-webapp-firebase\dataconnect`
 {"metadata":{"emulator":{"name":"dataconnect"},"message":"E0630 00:51:24.344480   17672 watch.go:40] Failed to load config from \"c:\\\\Users\\\\52114\\\\Downloads\\\\akrivis-uat-webapp-firebase\\\\dataconnect\": could not find dataconnect.yaml in `c:\\Users\\52114\\Downloads\\akrivis-uat-webapp-firebase\\dataconnect`\n"}}
[debug] [2026-06-29T17:51:34.343Z] E0630 00:51:34.344456   17672 watch.go:40] Failed to load config from "c:\\Users\\52114\\Downloads\\akrivis-uat-webapp-firebase\\dataconnect": could not find dataconnect.yaml in `c:\Users\52114\Downloads\akrivis-uat-webapp-firebase\dataconnect`
 {"metadata":{"emulator":{"name":"dataconnect"},"message":"E0630 00:51:34.344456   17672 watch.go:40] Failed to load config from \"c:\\\\Users\\\\52114\\\\Downloads\\\\akrivis-uat-webapp-firebase\\\\dataconnect\": could not find dataconnect.yaml in `c:\\Users\\52114\\Downloads\\akrivis-uat-webapp-firebase\\dataconnect`\n"}}
[debug] [2026-06-29T17:51:44.343Z] E0630 00:51:44.344131   17672 watch.go:40] Failed to load config from "c:\\Users\\52114\\Downloads\\akrivis-uat-webapp-firebase\\dataconnect": could not find dataconnect.yaml in `c:\Users\52114\Downloads\akrivis-uat-webapp-firebase\dataconnect`
 {"metadata":{"emulator":{"name":"dataconnect"},"message":"E0630 00:51:44.344131   17672 watch.go:40] Failed to load config from \"c:\\\\Users\\\\52114\\\\Downloads\\\\akrivis-uat-webapp-firebase\\\\dataconnect\": could not find dataconnect.yaml in `c:\\Users\\52114\\Downloads\\akrivis-uat-webapp-firebase\\dataconnect`\n"}}
[debug] [2026-06-29T17:51:54.344Z] E0630 00:51:54.344374   17672 watch.go:40] Failed to load config from "c:\\Users\\52114\\Downloads\\akrivis-uat-webapp-firebase\\dataconnect": could not find dataconnect.yaml in `c:\Users\52114\Downloads\akrivis-uat-webapp-firebase\dataconnect`
 {"metadata":{"emulator":{"name":"dataconnect"},"message":"E0630 00:51:54.344374   17672 watch.go:40] Failed to load config from \"c:\\\\Users\\\\52114\\\\Downloads\\\\akrivis-uat-webapp-firebase\\\\dataconnect\": could not find dataconnect.yaml in `c:\\Users\\52114\\Downloads\\akrivis-uat-webapp-firebase\\dataconnect`\n"}}
[debug] [2026-06-29T17:52:04.344Z] E0630 00:52:04.344980   17672 watch.go:40] Failed to load config from "c:\\Users\\52114\\Downloads\\akrivis-uat-webapp-firebase\\dataconnect": could not find dataconnect.yaml in `c:\Users\52114\Downloads\akrivis-uat-webapp-firebase\dataconnect`
 {"metadata":{"emulator":{"name":"dataconnect"},"message":"E0630 00:52:04.344980   17672 watch.go:40] Failed to load config from \"c:\\\\Users\\\\52114\\\\Downloads\\\\akrivis-uat-webapp-firebase\\\\dataconnect\": could not find dataconnect.yaml in `c:\\Users\\52114\\Downloads\\akrivis-uat-webapp-firebase\\dataconnect`\n"}}
[debug] [2026-06-29T17:52:14.344Z] E0630 00:52:14.344578   17672 watch.go:116] watchAllDir unable to walk dir `c:\Users\52114\Downloads\akrivis-uat-webapp-firebase\dataconnect`: GetFileAttributesEx c:\Users\52114\Downloads\akrivis-uat-webapp-firebase\dataconnect: The system cannot find the file specified.
E0630 00:52:14.344578   17672 watch.go:40] Failed to load config from "c:\\Users\\52114\\Downloads\\akrivis-uat-webapp-firebase\\dataconnect": could not find dataconnect.yaml in `c:\Users\52114\Downloads\akrivis-uat-webapp-firebase\dataconnect`
 {"metadata":{"emulator":{"name":"dataconnect"},"message":"E0630 00:52:14.344578   17672 watch.go:116] watchAllDir unable to walk dir `c:\\Users\\52114\\Downloads\\akrivis-uat-webapp-firebase\\dataconnect`: GetFileAttributesEx c:\\Users\\52114\\Downloads\\akrivis-uat-webapp-firebase\\dataconnect: The system cannot find the file specified.\nE0630 00:52:14.344578   17672 watch.go:40] Failed to load config from \"c:\\\\Users\\\\52114\\\\Downloads\\\\akrivis-uat-webapp-firebase\\\\dataconnect\": could not find dataconnect.yaml in `c:\\Users\\52114\\Downloads\\akrivis-uat-webapp-firebase\\dataconnect`\n"}}
[debug] [2026-06-29T17:52:24.343Z] E0630 00:52:24.344159   17672 watch.go:40] Failed to load config from "c:\\Users\\52114\\Downloads\\akrivis-uat-webapp-firebase\\dataconnect": could not find dataconnect.yaml in `c:\Users\52114\Downloads\akrivis-uat-webapp-firebase\dataconnect`
 {"metadata":{"emulator":{"name":"dataconnect"},"message":"E0630 00:52:24.344159   17672 watch.go:40] Failed to load config from \"c:\\\\Users\\\\52114\\\\Downloads\\\\akrivis-uat-webapp-firebase\\\\dataconnect\": could not find dataconnect.yaml in `c:\\Users\\52114\\Downloads\\akrivis-uat-webapp-firebase\\dataconnect`\n"}}
[debug] [2026-06-29T17:52:34.344Z] E0630 00:52:34.344217   17672 watch.go:40] Failed to load config from "c:\\Users\\52114\\Downloads\\akrivis-uat-webapp-firebase\\dataconnect": could not find dataconnect.yaml in `c:\Users\52114\Downloads\akrivis-uat-webapp-firebase\dataconnect`
 {"metadata":{"emulator":{"name":"dataconnect"},"message":"E0630 00:52:34.344217   17672 watch.go:40] Failed to load config from \"c:\\\\Users\\\\52114\\\\Downloads\\\\akrivis-uat-webapp-firebase\\\\dataconnect\": could not find dataconnect.yaml in `c:\\Users\\52114\\Downloads\\akrivis-uat-webapp-firebase\\dataconnect`\n"}}
[debug] [2026-06-29T17:52:44.344Z] E0630 00:52:44.344701   17672 watch.go:40] Failed to load config from "c:\\Users\\52114\\Downloads\\akrivis-uat-webapp-firebase\\dataconnect": could not find dataconnect.yaml in `c:\Users\52114\Downloads\akrivis-uat-webapp-firebase\dataconnect`
 {"metadata":{"emulator":{"name":"dataconnect"},"message":"E0630 00:52:44.344701   17672 watch.go:40] Failed to load config from \"c:\\\\Users\\\\52114\\\\Downloads\\\\akrivis-uat-webapp-firebase\\\\dataconnect\": could not find dataconnect.yaml in `c:\\Users\\52114\\Downloads\\akrivis-uat-webapp-firebase\\dataconnect`\n"}}
[debug] [2026-06-29T17:52:54.344Z] E0630 00:52:54.344364   17672 watch.go:40] Failed to load config from "c:\\Users\\52114\\Downloads\\akrivis-uat-webapp-firebase\\dataconnect": could not find dataconnect.yaml in `c:\Users\52114\Downloads\akrivis-uat-webapp-firebase\dataconnect`
 {"metadata":{"emulator":{"name":"dataconnect"},"message":"E0630 00:52:54.344364   17672 watch.go:40] Failed to load config from \"c:\\\\Users\\\\52114\\\\Downloads\\\\akrivis-uat-webapp-firebase\\\\dataconnect\": could not find dataconnect.yaml in `c:\\Users\\52114\\Downloads\\akrivis-uat-webapp-firebase\\dataconnect`\n"}}
[debug] [2026-06-29T17:53:04.344Z] E0630 00:53:04.344487   17672 watch.go:40] Failed to load config from "c:\\Users\\52114\\Downloads\\akrivis-uat-webapp-firebase\\dataconnect": could not find dataconnect.yaml in `c:\Users\52114\Downloads\akrivis-uat-webapp-firebase\dataconnect`
 {"metadata":{"emulator":{"name":"dataconnect"},"message":"E0630 00:53:04.344487   17672 watch.go:40] Failed to load config from \"c:\\\\Users\\\\52114\\\\Downloads\\\\akrivis-uat-webapp-firebase\\\\dataconnect\": could not find dataconnect.yaml in `c:\\Users\\52114\\Downloads\\akrivis-uat-webapp-firebase\\dataconnect`\n"}}
[debug] [2026-06-29T17:53:14.343Z] E0630 00:53:14.344265   17672 watch.go:116] watchAllDir unable to walk dir `c:\Users\52114\Downloads\akrivis-uat-webapp-firebase\dataconnect`: GetFileAttributesEx c:\Users\52114\Downloads\akrivis-uat-webapp-firebase\dataconnect: The system cannot find the file specified.
E0630 00:53:14.344265   17672 watch.go:40] Failed to load config from "c:\\Users\\52114\\Downloads\\akrivis-uat-webapp-firebase\\dataconnect": could not find dataconnect.yaml in `c:\Users\52114\Downloads\akrivis-uat-webapp-firebase\dataconnect`
 {"metadata":{"emulator":{"name":"dataconnect"},"message":"E0630 00:53:14.344265   17672 watch.go:116] watchAllDir unable to walk dir `c:\\Users\\52114\\Downloads\\akrivis-uat-webapp-firebase\\dataconnect`: GetFileAttributesEx c:\\Users\\52114\\Downloads\\akrivis-uat-webapp-firebase\\dataconnect: The system cannot find the file specified.\nE0630 00:53:14.344265   17672 watch.go:40] Failed to load config from \"c:\\\\Users\\\\52114\\\\Downloads\\\\akrivis-uat-webapp-firebase\\\\dataconnect\": could not find dataconnect.yaml in `c:\\Users\\52114\\Downloads\\akrivis-uat-webapp-firebase\\dataconnect`\n"}}
[debug] [2026-06-29T17:53:24.344Z] E0630 00:53:24.344968   17672 watch.go:40] Failed to load config from "c:\\Users\\52114\\Downloads\\akrivis-uat-webapp-firebase\\dataconnect": could not find dataconnect.yaml in `c:\Users\52114\Downloads\akrivis-uat-webapp-firebase\dataconnect`
 {"metadata":{"emulator":{"name":"dataconnect"},"message":"E0630 00:53:24.344968   17672 watch.go:40] Failed to load config from \"c:\\\\Users\\\\52114\\\\Downloads\\\\akrivis-uat-webapp-firebase\\\\dataconnect\": could not find dataconnect.yaml in `c:\\Users\\52114\\Downloads\\akrivis-uat-webapp-firebase\\dataconnect`\n"}}
[debug] [2026-06-29T17:53:34.344Z] E0630 00:53:34.344895   17672 watch.go:40] Failed to load config from "c:\\Users\\52114\\Downloads\\akrivis-uat-webapp-firebase\\dataconnect": could not find dataconnect.yaml in `c:\Users\52114\Downloads\akrivis-uat-webapp-firebase\dataconnect`
 {"metadata":{"emulator":{"name":"dataconnect"},"message":"E0630 00:53:34.344895   17672 watch.go:40] Failed to load config from \"c:\\\\Users\\\\52114\\\\Downloads\\\\akrivis-uat-webapp-firebase\\\\dataconnect\": could not find dataconnect.yaml in `c:\\Users\\52114\\Downloads\\akrivis-uat-webapp-firebase\\dataconnect`\n"}}
[debug] [2026-06-29T17:53:44.343Z] E0630 00:53:44.344156   17672 watch.go:40] Failed to load config from "c:\\Users\\52114\\Downloads\\akrivis-uat-webapp-firebase\\dataconnect": could not find dataconnect.yaml in `c:\Users\52114\Downloads\akrivis-uat-webapp-firebase\dataconnect`
 {"metadata":{"emulator":{"name":"dataconnect"},"message":"E0630 00:53:44.344156   17672 watch.go:40] Failed to load config from \"c:\\\\Users\\\\52114\\\\Downloads\\\\akrivis-uat-webapp-firebase\\\\dataconnect\": could not find dataconnect.yaml in `c:\\Users\\52114\\Downloads\\akrivis-uat-webapp-firebase\\dataconnect`\n"}}
[debug] [2026-06-29T17:53:54.344Z] E0630 00:53:54.344990   17672 watch.go:40] Failed to load config from "c:\\Users\\52114\\Downloads\\akrivis-uat-webapp-firebase\\dataconnect": could not find dataconnect.yaml in `c:\Users\52114\Downloads\akrivis-uat-webapp-firebase\dataconnect`
 {"metadata":{"emulator":{"name":"dataconnect"},"message":"E0630 00:53:54.344990   17672 watch.go:40] Failed to load config from \"c:\\\\Users\\\\52114\\\\Downloads\\\\akrivis-uat-webapp-firebase\\\\dataconnect\": could not find dataconnect.yaml in `c:\\Users\\52114\\Downloads\\akrivis-uat-webapp-firebase\\dataconnect`\n"}}
[debug] [2026-06-29T17:54:04.344Z] E0630 00:54:04.344457   17672 watch.go:40] Failed to load config from "c:\\Users\\52114\\Downloads\\akrivis-uat-webapp-firebase\\dataconnect": could not find dataconnect.yaml in `c:\Users\52114\Downloads\akrivis-uat-webapp-firebase\dataconnect`
 {"metadata":{"emulator":{"name":"dataconnect"},"message":"E0630 00:54:04.344457   17672 watch.go:40] Failed to load config from \"c:\\\\Users\\\\52114\\\\Downloads\\\\akrivis-uat-webapp-firebase\\\\dataconnect\": could not find dataconnect.yaml in `c:\\Users\\52114\\Downloads\\akrivis-uat-webapp-firebase\\dataconnect`\n"}}
[debug] [2026-06-29T17:54:14.345Z] E0630 00:54:14.345118   17672 watch.go:116] watchAllDir unable to walk dir `c:\Users\52114\Downloads\akrivis-uat-webapp-firebase\dataconnect`: GetFileAttributesEx c:\Users\52114\Downloads\akrivis-uat-webapp-firebase\dataconnect: The system cannot find the file specified.
 {"metadata":{"emulator":{"name":"dataconnect"},"message":"E0630 00:54:14.345118   17672 watch.go:116] watchAllDir unable to walk dir `c:\\Users\\52114\\Downloads\\akrivis-uat-webapp-firebase\\dataconnect`: GetFileAttributesEx c:\\Users\\52114\\Downloads\\akrivis-uat-webapp-firebase\\dataconnect: The system cannot find the file specified.\n"}}
[debug] [2026-06-29T17:54:14.346Z] E0630 00:54:14.345118   17672 watch.go:40] Failed to load config from "c:\\Users\\52114\\Downloads\\akrivis-uat-webapp-firebase\\dataconnect": could not find dataconnect.yaml in `c:\Users\52114\Downloads\akrivis-uat-webapp-firebase\dataconnect`
 {"metadata":{"emulator":{"name":"dataconnect"},"message":"E0630 00:54:14.345118   17672 watch.go:40] Failed to load config from \"c:\\\\Users\\\\52114\\\\Downloads\\\\akrivis-uat-webapp-firebase\\\\dataconnect\": could not find dataconnect.yaml in `c:\\Users\\52114\\Downloads\\akrivis-uat-webapp-firebase\\dataconnect`\n"}}
[debug] [2026-06-29T17:54:24.344Z] E0630 00:54:24.344502   17672 watch.go:40] Failed to load config from "c:\\Users\\52114\\Downloads\\akrivis-uat-webapp-firebase\\dataconnect": could not find dataconnect.yaml in `c:\Users\52114\Downloads\akrivis-uat-webapp-firebase\dataconnect`
 {"metadata":{"emulator":{"name":"dataconnect"},"message":"E0630 00:54:24.344502   17672 watch.go:40] Failed to load config from \"c:\\\\Users\\\\52114\\\\Downloads\\\\akrivis-uat-webapp-firebase\\\\dataconnect\": could not find dataconnect.yaml in `c:\\Users\\52114\\Downloads\\akrivis-uat-webapp-firebase\\dataconnect`\n"}}
[debug] [2026-06-29T17:54:34.345Z] E0630 00:54:34.344554   17672 watch.go:40] Failed to load config from "c:\\Users\\52114\\Downloads\\akrivis-uat-webapp-firebase\\dataconnect": could not find dataconnect.yaml in `c:\Users\52114\Downloads\akrivis-uat-webapp-firebase\dataconnect`
 {"metadata":{"emulator":{"name":"dataconnect"},"message":"E0630 00:54:34.344554   17672 watch.go:40] Failed to load config from \"c:\\\\Users\\\\52114\\\\Downloads\\\\akrivis-uat-webapp-firebase\\\\dataconnect\": could not find dataconnect.yaml in `c:\\Users\\52114\\Downloads\\akrivis-uat-webapp-firebase\\dataconnect`\n"}}
[debug] [2026-06-29T17:54:44.344Z] E0630 00:54:44.344505   17672 watch.go:40] Failed to load config from "c:\\Users\\52114\\Downloads\\akrivis-uat-webapp-firebase\\dataconnect": could not find dataconnect.yaml in `c:\Users\52114\Downloads\akrivis-uat-webapp-firebase\dataconnect`
 {"metadata":{"emulator":{"name":"dataconnect"},"message":"E0630 00:54:44.344505   17672 watch.go:40] Failed to load config from \"c:\\\\Users\\\\52114\\\\Downloads\\\\akrivis-uat-webapp-firebase\\\\dataconnect\": could not find dataconnect.yaml in `c:\\Users\\52114\\Downloads\\akrivis-uat-webapp-firebase\\dataconnect`\n"}}
[debug] [2026-06-29T17:54:54.345Z] E0630 00:54:54.345171   17672 watch.go:40] Failed to load config from "c:\\Users\\52114\\Downloads\\akrivis-uat-webapp-firebase\\dataconnect": could not find dataconnect.yaml in `c:\Users\52114\Downloads\akrivis-uat-webapp-firebase\dataconnect`
 {"metadata":{"emulator":{"name":"dataconnect"},"message":"E0630 00:54:54.345171   17672 watch.go:40] Failed to load config from \"c:\\\\Users\\\\52114\\\\Downloads\\\\akrivis-uat-webapp-firebase\\\\dataconnect\": could not find dataconnect.yaml in `c:\\Users\\52114\\Downloads\\akrivis-uat-webapp-firebase\\dataconnect`\n"}}
[debug] [2026-06-29T17:55:04.344Z] E0630 00:55:04.345046   17672 watch.go:40] Failed to load config from "c:\\Users\\52114\\Downloads\\akrivis-uat-webapp-firebase\\dataconnect": could not find dataconnect.yaml in `c:\Users\52114\Downloads\akrivis-uat-webapp-firebase\dataconnect`
 {"metadata":{"emulator":{"name":"dataconnect"},"message":"E0630 00:55:04.345046   17672 watch.go:40] Failed to load config from \"c:\\\\Users\\\\52114\\\\Downloads\\\\akrivis-uat-webapp-firebase\\\\dataconnect\": could not find dataconnect.yaml in `c:\\Users\\52114\\Downloads\\akrivis-uat-webapp-firebase\\dataconnect`\n"}}
[debug] [2026-06-29T17:55:14.343Z] E0630 00:55:14.344313   17672 watch.go:116] watchAllDir unable to walk dir `c:\Users\52114\Downloads\akrivis-uat-webapp-firebase\dataconnect`: GetFileAttributesEx c:\Users\52114\Downloads\akrivis-uat-webapp-firebase\dataconnect: The system cannot find the file specified.
 {"metadata":{"emulator":{"name":"dataconnect"},"message":"E0630 00:55:14.344313   17672 watch.go:116] watchAllDir unable to walk dir `c:\\Users\\52114\\Downloads\\akrivis-uat-webapp-firebase\\dataconnect`: GetFileAttributesEx c:\\Users\\52114\\Downloads\\akrivis-uat-webapp-firebase\\dataconnect: The system cannot find the file specified.\n"}}
[debug] [2026-06-29T17:55:14.344Z] E0630 00:55:14.344313   17672 watch.go:40] Failed to load config from "c:\\Users\\52114\\Downloads\\akrivis-uat-webapp-firebase\\dataconnect": could not find dataconnect.yaml in `c:\Users\52114\Downloads\akrivis-uat-webapp-firebase\dataconnect`
 {"metadata":{"emulator":{"name":"dataconnect"},"message":"E0630 00:55:14.344313   17672 watch.go:40] Failed to load config from \"c:\\\\Users\\\\52114\\\\Downloads\\\\akrivis-uat-webapp-firebase\\\\dataconnect\": could not find dataconnect.yaml in `c:\\Users\\52114\\Downloads\\akrivis-uat-webapp-firebase\\dataconnect`\n"}}
[debug] [2026-06-29T17:55:24.344Z] E0630 00:55:24.344240   17672 watch.go:40] Failed to load config from "c:\\Users\\52114\\Downloads\\akrivis-uat-webapp-firebase\\dataconnect": could not find dataconnect.yaml in `c:\Users\52114\Downloads\akrivis-uat-webapp-firebase\dataconnect`
 {"metadata":{"emulator":{"name":"dataconnect"},"message":"E0630 00:55:24.344240   17672 watch.go:40] Failed to load config from \"c:\\\\Users\\\\52114\\\\Downloads\\\\akrivis-uat-webapp-firebase\\\\dataconnect\": could not find dataconnect.yaml in `c:\\Users\\52114\\Downloads\\akrivis-uat-webapp-firebase\\dataconnect`\n"}}
[debug] [2026-06-29T17:55:34.344Z] E0630 00:55:34.344311   17672 watch.go:40] Failed to load config from "c:\\Users\\52114\\Downloads\\akrivis-uat-webapp-firebase\\dataconnect": could not find dataconnect.yaml in `c:\Users\52114\Downloads\akrivis-uat-webapp-firebase\dataconnect`
 {"metadata":{"emulator":{"name":"dataconnect"},"message":"E0630 00:55:34.344311   17672 watch.go:40] Failed to load config from \"c:\\\\Users\\\\52114\\\\Downloads\\\\akrivis-uat-webapp-firebase\\\\dataconnect\": could not find dataconnect.yaml in `c:\\Users\\52114\\Downloads\\akrivis-uat-webapp-firebase\\dataconnect`\n"}}
[debug] [2026-06-29T17:55:44.345Z] E0630 00:55:44.345516   17672 watch.go:40] Failed to load config from "c:\\Users\\52114\\Downloads\\akrivis-uat-webapp-firebase\\dataconnect": could not find dataconnect.yaml in `c:\Users\52114\Downloads\akrivis-uat-webapp-firebase\dataconnect`
 {"metadata":{"emulator":{"name":"dataconnect"},"message":"E0630 00:55:44.345516   17672 watch.go:40] Failed to load config from \"c:\\\\Users\\\\52114\\\\Downloads\\\\akrivis-uat-webapp-firebase\\\\dataconnect\": could not find dataconnect.yaml in `c:\\Users\\52114\\Downloads\\akrivis-uat-webapp-firebase\\dataconnect`\n"}}
[debug] [2026-06-29T17:55:54.344Z] E0630 00:55:54.344524   17672 watch.go:40] Failed to load config from "c:\\Users\\52114\\Downloads\\akrivis-uat-webapp-firebase\\dataconnect": could not find dataconnect.yaml in `c:\Users\52114\Downloads\akrivis-uat-webapp-firebase\dataconnect`
 {"metadata":{"emulator":{"name":"dataconnect"},"message":"E0630 00:55:54.344524   17672 watch.go:40] Failed to load config from \"c:\\\\Users\\\\52114\\\\Downloads\\\\akrivis-uat-webapp-firebase\\\\dataconnect\": could not find dataconnect.yaml in `c:\\Users\\52114\\Downloads\\akrivis-uat-webapp-firebase\\dataconnect`\n"}}
[debug] [2026-06-29T17:56:04.343Z] E0630 00:56:04.344557   17672 watch.go:40] Failed to load config from "c:\\Users\\52114\\Downloads\\akrivis-uat-webapp-firebase\\dataconnect": could not find dataconnect.yaml in `c:\Users\52114\Downloads\akrivis-uat-webapp-firebase\dataconnect`
 {"metadata":{"emulator":{"name":"dataconnect"},"message":"E0630 00:56:04.344557   17672 watch.go:40] Failed to load config from \"c:\\\\Users\\\\52114\\\\Downloads\\\\akrivis-uat-webapp-firebase\\\\dataconnect\": could not find dataconnect.yaml in `c:\\Users\\52114\\Downloads\\akrivis-uat-webapp-firebase\\dataconnect`\n"}}
[debug] [2026-06-29T17:56:14.344Z] E0630 00:56:14.344692   17672 watch.go:116] watchAllDir unable to walk dir `c:\Users\52114\Downloads\akrivis-uat-webapp-firebase\dataconnect`: GetFileAttributesEx c:\Users\52114\Downloads\akrivis-uat-webapp-firebase\dataconnect: The system cannot find the file specified.
E0630 00:56:14.344692   17672 watch.go:40] Failed to load config from "c:\\Users\\52114\\Downloads\\akrivis-uat-webapp-firebase\\dataconnect": could not find dataconnect.yaml in `c:\Users\52114\Downloads\akrivis-uat-webapp-firebase\dataconnect`
 {"metadata":{"emulator":{"name":"dataconnect"},"message":"E0630 00:56:14.344692   17672 watch.go:116] watchAllDir unable to walk dir `c:\\Users\\52114\\Downloads\\akrivis-uat-webapp-firebase\\dataconnect`: GetFileAttributesEx c:\\Users\\52114\\Downloads\\akrivis-uat-webapp-firebase\\dataconnect: The system cannot find the file specified.\nE0630 00:56:14.344692   17672 watch.go:40] Failed to load config from \"c:\\\\Users\\\\52114\\\\Downloads\\\\akrivis-uat-webapp-firebase\\\\dataconnect\": could not find dataconnect.yaml in `c:\\Users\\52114\\Downloads\\akrivis-uat-webapp-firebase\\dataconnect`\n"}}
[debug] [2026-06-29T17:56:24.344Z] E0630 00:56:24.344792   17672 watch.go:40] Failed to load config from "c:\\Users\\52114\\Downloads\\akrivis-uat-webapp-firebase\\dataconnect": could not find dataconnect.yaml in `c:\Users\52114\Downloads\akrivis-uat-webapp-firebase\dataconnect`
 {"metadata":{"emulator":{"name":"dataconnect"},"message":"E0630 00:56:24.344792   17672 watch.go:40] Failed to load config from \"c:\\\\Users\\\\52114\\\\Downloads\\\\akrivis-uat-webapp-firebase\\\\dataconnect\": could not find dataconnect.yaml in `c:\\Users\\52114\\Downloads\\akrivis-uat-webapp-firebase\\dataconnect`\n"}}
[debug] [2026-06-29T17:56:34.343Z] E0630 00:56:34.344209   17672 watch.go:40] Failed to load config from "c:\\Users\\52114\\Downloads\\akrivis-uat-webapp-firebase\\dataconnect": could not find dataconnect.yaml in `c:\Users\52114\Downloads\akrivis-uat-webapp-firebase\dataconnect`
 {"metadata":{"emulator":{"name":"dataconnect"},"message":"E0630 00:56:34.344209   17672 watch.go:40] Failed to load config from \"c:\\\\Users\\\\52114\\\\Downloads\\\\akrivis-uat-webapp-firebase\\\\dataconnect\": could not find dataconnect.yaml in `c:\\Users\\52114\\Downloads\\akrivis-uat-webapp-firebase\\dataconnect`\n"}}
[debug] [2026-06-29T17:56:44.343Z] E0630 00:56:44.344158   17672 watch.go:40] Failed to load config from "c:\\Users\\52114\\Downloads\\akrivis-uat-webapp-firebase\\dataconnect": could not find dataconnect.yaml in `c:\Users\52114\Downloads\akrivis-uat-webapp-firebase\dataconnect`
 {"metadata":{"emulator":{"name":"dataconnect"},"message":"E0630 00:56:44.344158   17672 watch.go:40] Failed to load config from \"c:\\\\Users\\\\52114\\\\Downloads\\\\akrivis-uat-webapp-firebase\\\\dataconnect\": could not find dataconnect.yaml in `c:\\Users\\52114\\Downloads\\akrivis-uat-webapp-firebase\\dataconnect`\n"}}
[debug] [2026-06-29T17:56:54.343Z] E0630 00:56:54.344280   17672 watch.go:40] Failed to load config from "c:\\Users\\52114\\Downloads\\akrivis-uat-webapp-firebase\\dataconnect": could not find dataconnect.yaml in `c:\Users\52114\Downloads\akrivis-uat-webapp-firebase\dataconnect`
 {"metadata":{"emulator":{"name":"dataconnect"},"message":"E0630 00:56:54.344280   17672 watch.go:40] Failed to load config from \"c:\\\\Users\\\\52114\\\\Downloads\\\\akrivis-uat-webapp-firebase\\\\dataconnect\": could not find dataconnect.yaml in `c:\\Users\\52114\\Downloads\\akrivis-uat-webapp-firebase\\dataconnect`\n"}}
[debug] [2026-06-29T17:57:04.344Z] E0630 00:57:04.344600   17672 watch.go:40] Failed to load config from "c:\\Users\\52114\\Downloads\\akrivis-uat-webapp-firebase\\dataconnect": could not find dataconnect.yaml in `c:\Users\52114\Downloads\akrivis-uat-webapp-firebase\dataconnect`
 {"metadata":{"emulator":{"name":"dataconnect"},"message":"E0630 00:57:04.344600   17672 watch.go:40] Failed to load config from \"c:\\\\Users\\\\52114\\\\Downloads\\\\akrivis-uat-webapp-firebase\\\\dataconnect\": could not find dataconnect.yaml in `c:\\Users\\52114\\Downloads\\akrivis-uat-webapp-firebase\\dataconnect`\n"}}
[debug] [2026-06-29T17:57:14.344Z] E0630 00:57:14.344944   17672 watch.go:116] watchAllDir unable to walk dir `c:\Users\52114\Downloads\akrivis-uat-webapp-firebase\dataconnect`: GetFileAttributesEx c:\Users\52114\Downloads\akrivis-uat-webapp-firebase\dataconnect: The system cannot find the file specified.
E0630 00:57:14.345254   17672 watch.go:40] Failed to load config from "c:\\Users\\52114\\Downloads\\akrivis-uat-webapp-firebase\\dataconnect": could not find dataconnect.yaml in `c:\Users\52114\Downloads\akrivis-uat-webapp-firebase\dataconnect`
 {"metadata":{"emulator":{"name":"dataconnect"},"message":"E0630 00:57:14.344944   17672 watch.go:116] watchAllDir unable to walk dir `c:\\Users\\52114\\Downloads\\akrivis-uat-webapp-firebase\\dataconnect`: GetFileAttributesEx c:\\Users\\52114\\Downloads\\akrivis-uat-webapp-firebase\\dataconnect: The system cannot find the file specified.\nE0630 00:57:14.345254   17672 watch.go:40] Failed to load config from \"c:\\\\Users\\\\52114\\\\Downloads\\\\akrivis-uat-webapp-firebase\\\\dataconnect\": could not find dataconnect.yaml in `c:\\Users\\52114\\Downloads\\akrivis-uat-webapp-firebase\\dataconnect`\n"}}
[debug] [2026-06-29T17:57:24.344Z] E0630 00:57:24.344916   17672 watch.go:40] Failed to load config from "c:\\Users\\52114\\Downloads\\akrivis-uat-webapp-firebase\\dataconnect": could not find dataconnect.yaml in `c:\Users\52114\Downloads\akrivis-uat-webapp-firebase\dataconnect`
 {"metadata":{"emulator":{"name":"dataconnect"},"message":"E0630 00:57:24.344916   17672 watch.go:40] Failed to load config from \"c:\\\\Users\\\\52114\\\\Downloads\\\\akrivis-uat-webapp-firebase\\\\dataconnect\": could not find dataconnect.yaml in `c:\\Users\\52114\\Downloads\\akrivis-uat-webapp-firebase\\dataconnect`\n"}}
[debug] [2026-06-29T17:57:34.345Z] E0630 00:57:34.345305   17672 watch.go:40] Failed to load config from "c:\\Users\\52114\\Downloads\\akrivis-uat-webapp-firebase\\dataconnect": could not find dataconnect.yaml in `c:\Users\52114\Downloads\akrivis-uat-webapp-firebase\dataconnect`
 {"metadata":{"emulator":{"name":"dataconnect"},"message":"E0630 00:57:34.345305   17672 watch.go:40] Failed to load config from \"c:\\\\Users\\\\52114\\\\Downloads\\\\akrivis-uat-webapp-firebase\\\\dataconnect\": could not find dataconnect.yaml in `c:\\Users\\52114\\Downloads\\akrivis-uat-webapp-firebase\\dataconnect`\n"}}
[debug] [2026-06-29T17:57:44.344Z] E0630 00:57:44.344319   17672 watch.go:40] Failed to load config from "c:\\Users\\52114\\Downloads\\akrivis-uat-webapp-firebase\\dataconnect": could not find dataconnect.yaml in `c:\Users\52114\Downloads\akrivis-uat-webapp-firebase\dataconnect`
 {"metadata":{"emulator":{"name":"dataconnect"},"message":"E0630 00:57:44.344319   17672 watch.go:40] Failed to load config from \"c:\\\\Users\\\\52114\\\\Downloads\\\\akrivis-uat-webapp-firebase\\\\dataconnect\": could not find dataconnect.yaml in `c:\\Users\\52114\\Downloads\\akrivis-uat-webapp-firebase\\dataconnect`\n"}}
[debug] [2026-06-29T17:57:54.344Z] E0630 00:57:54.345042   17672 watch.go:40] Failed to load config from "c:\\Users\\52114\\Downloads\\akrivis-uat-webapp-firebase\\dataconnect": could not find dataconnect.yaml in `c:\Users\52114\Downloads\akrivis-uat-webapp-firebase\dataconnect`
 {"metadata":{"emulator":{"name":"dataconnect"},"message":"E0630 00:57:54.345042   17672 watch.go:40] Failed to load config from \"c:\\\\Users\\\\52114\\\\Downloads\\\\akrivis-uat-webapp-firebase\\\\dataconnect\": could not find dataconnect.yaml in `c:\\Users\\52114\\Downloads\\akrivis-uat-webapp-firebase\\dataconnect`\n"}}
[debug] [2026-06-29T17:58:04.344Z] E0630 00:58:04.344949   17672 watch.go:40] Failed to load config from "c:\\Users\\52114\\Downloads\\akrivis-uat-webapp-firebase\\dataconnect": could not find dataconnect.yaml in `c:\Users\52114\Downloads\akrivis-uat-webapp-firebase\dataconnect`
 {"metadata":{"emulator":{"name":"dataconnect"},"message":"E0630 00:58:04.344949   17672 watch.go:40] Failed to load config from \"c:\\\\Users\\\\52114\\\\Downloads\\\\akrivis-uat-webapp-firebase\\\\dataconnect\": could not find dataconnect.yaml in `c:\\Users\\52114\\Downloads\\akrivis-uat-webapp-firebase\\dataconnect`\n"}}
[debug] [2026-06-29T17:58:14.344Z] E0630 00:58:14.344788   17672 watch.go:116] watchAllDir unable to walk dir `c:\Users\52114\Downloads\akrivis-uat-webapp-firebase\dataconnect`: GetFileAttributesEx c:\Users\52114\Downloads\akrivis-uat-webapp-firebase\dataconnect: The system cannot find the file specified.
E0630 00:58:14.344788   17672 watch.go:40] Failed to load config from "c:\\Users\\52114\\Downloads\\akrivis-uat-webapp-firebase\\dataconnect": could not find dataconnect.yaml in `c:\Users\52114\Downloads\akrivis-uat-webapp-firebase\dataconnect`
 {"metadata":{"emulator":{"name":"dataconnect"},"message":"E0630 00:58:14.344788   17672 watch.go:116] watchAllDir unable to walk dir `c:\\Users\\52114\\Downloads\\akrivis-uat-webapp-firebase\\dataconnect`: GetFileAttributesEx c:\\Users\\52114\\Downloads\\akrivis-uat-webapp-firebase\\dataconnect: The system cannot find the file specified.\nE0630 00:58:14.344788   17672 watch.go:40] Failed to load config from \"c:\\\\Users\\\\52114\\\\Downloads\\\\akrivis-uat-webapp-firebase\\\\dataconnect\": could not find dataconnect.yaml in `c:\\Users\\52114\\Downloads\\akrivis-uat-webapp-firebase\\dataconnect`\n"}}
[debug] [2026-06-29T17:58:24.343Z] E0630 00:58:24.344226   17672 watch.go:40] Failed to load config from "c:\\Users\\52114\\Downloads\\akrivis-uat-webapp-firebase\\dataconnect": could not find dataconnect.yaml in `c:\Users\52114\Downloads\akrivis-uat-webapp-firebase\dataconnect`
 {"metadata":{"emulator":{"name":"dataconnect"},"message":"E0630 00:58:24.344226   17672 watch.go:40] Failed to load config from \"c:\\\\Users\\\\52114\\\\Downloads\\\\akrivis-uat-webapp-firebase\\\\dataconnect\": could not find dataconnect.yaml in `c:\\Users\\52114\\Downloads\\akrivis-uat-webapp-firebase\\dataconnect`\n"}}
[debug] [2026-06-29T17:58:34.343Z] E0630 00:58:34.344288   17672 watch.go:40] Failed to load config from "c:\\Users\\52114\\Downloads\\akrivis-uat-webapp-firebase\\dataconnect": could not find dataconnect.yaml in `c:\Users\52114\Downloads\akrivis-uat-webapp-firebase\dataconnect`
 {"metadata":{"emulator":{"name":"dataconnect"},"message":"E0630 00:58:34.344288   17672 watch.go:40] Failed to load config from \"c:\\\\Users\\\\52114\\\\Downloads\\\\akrivis-uat-webapp-firebase\\\\dataconnect\": could not find dataconnect.yaml in `c:\\Users\\52114\\Downloads\\akrivis-uat-webapp-firebase\\dataconnect`\n"}}
[debug] [2026-06-29T17:58:44.343Z] E0630 00:58:44.344315   17672 watch.go:40] Failed to load config from "c:\\Users\\52114\\Downloads\\akrivis-uat-webapp-firebase\\dataconnect": could not find dataconnect.yaml in `c:\Users\52114\Downloads\akrivis-uat-webapp-firebase\dataconnect`
 {"metadata":{"emulator":{"name":"dataconnect"},"message":"E0630 00:58:44.344315   17672 watch.go:40] Failed to load config from \"c:\\\\Users\\\\52114\\\\Downloads\\\\akrivis-uat-webapp-firebase\\\\dataconnect\": could not find dataconnect.yaml in `c:\\Users\\52114\\Downloads\\akrivis-uat-webapp-firebase\\dataconnect`\n"}}
[debug] [2026-06-29T17:58:54.344Z] E0630 00:58:54.344719   17672 watch.go:40] Failed to load config from "c:\\Users\\52114\\Downloads\\akrivis-uat-webapp-firebase\\dataconnect": could not find dataconnect.yaml in `c:\Users\52114\Downloads\akrivis-uat-webapp-firebase\dataconnect`
 {"metadata":{"emulator":{"name":"dataconnect"},"message":"E0630 00:58:54.344719   17672 watch.go:40] Failed to load config from \"c:\\\\Users\\\\52114\\\\Downloads\\\\akrivis-uat-webapp-firebase\\\\dataconnect\": could not find dataconnect.yaml in `c:\\Users\\52114\\Downloads\\akrivis-uat-webapp-firebase\\dataconnect`\n"}}
[debug] [2026-06-29T17:59:04.343Z] E0630 00:59:04.344267   17672 watch.go:40] Failed to load config from "c:\\Users\\52114\\Downloads\\akrivis-uat-webapp-firebase\\dataconnect": could not find dataconnect.yaml in `c:\Users\52114\Downloads\akrivis-uat-webapp-firebase\dataconnect`
 {"metadata":{"emulator":{"name":"dataconnect"},"message":"E0630 00:59:04.344267   17672 watch.go:40] Failed to load config from \"c:\\\\Users\\\\52114\\\\Downloads\\\\akrivis-uat-webapp-firebase\\\\dataconnect\": could not find dataconnect.yaml in `c:\\Users\\52114\\Downloads\\akrivis-uat-webapp-firebase\\dataconnect`\n"}}
[debug] [2026-06-29T17:59:14.344Z] E0630 00:59:14.344418   17672 watch.go:116] watchAllDir unable to walk dir `c:\Users\52114\Downloads\akrivis-uat-webapp-firebase\dataconnect`: GetFileAttributesEx c:\Users\52114\Downloads\akrivis-uat-webapp-firebase\dataconnect: The system cannot find the file specified.
 {"metadata":{"emulator":{"name":"dataconnect"},"message":"E0630 00:59:14.344418   17672 watch.go:116] watchAllDir unable to walk dir `c:\\Users\\52114\\Downloads\\akrivis-uat-webapp-firebase\\dataconnect`: GetFileAttributesEx c:\\Users\\52114\\Downloads\\akrivis-uat-webapp-firebase\\dataconnect: The system cannot find the file specified.\n"}}
[debug] [2026-06-29T17:59:14.345Z] E0630 00:59:14.344418   17672 watch.go:40] Failed to load config from "c:\\Users\\52114\\Downloads\\akrivis-uat-webapp-firebase\\dataconnect": could not find dataconnect.yaml in `c:\Users\52114\Downloads\akrivis-uat-webapp-firebase\dataconnect`
 {"metadata":{"emulator":{"name":"dataconnect"},"message":"E0630 00:59:14.344418   17672 watch.go:40] Failed to load config from \"c:\\\\Users\\\\52114\\\\Downloads\\\\akrivis-uat-webapp-firebase\\\\dataconnect\": could not find dataconnect.yaml in `c:\\Users\\52114\\Downloads\\akrivis-uat-webapp-firebase\\dataconnect`\n"}}
[debug] [2026-06-29T17:59:24.344Z] E0630 00:59:24.344344   17672 watch.go:40] Failed to load config from "c:\\Users\\52114\\Downloads\\akrivis-uat-webapp-firebase\\dataconnect": could not find dataconnect.yaml in `c:\Users\52114\Downloads\akrivis-uat-webapp-firebase\dataconnect`
 {"metadata":{"emulator":{"name":"dataconnect"},"message":"E0630 00:59:24.344344   17672 watch.go:40] Failed to load config from \"c:\\\\Users\\\\52114\\\\Downloads\\\\akrivis-uat-webapp-firebase\\\\dataconnect\": could not find dataconnect.yaml in `c:\\Users\\52114\\Downloads\\akrivis-uat-webapp-firebase\\dataconnect`\n"}}
[debug] [2026-06-29T17:59:34.344Z] E0630 00:59:34.344868   17672 watch.go:40] Failed to load config from "c:\\Users\\52114\\Downloads\\akrivis-uat-webapp-firebase\\dataconnect": could not find dataconnect.yaml in `c:\Users\52114\Downloads\akrivis-uat-webapp-firebase\dataconnect`
 {"metadata":{"emulator":{"name":"dataconnect"},"message":"E0630 00:59:34.344868   17672 watch.go:40] Failed to load config from \"c:\\\\Users\\\\52114\\\\Downloads\\\\akrivis-uat-webapp-firebase\\\\dataconnect\": could not find dataconnect.yaml in `c:\\Users\\52114\\Downloads\\akrivis-uat-webapp-firebase\\dataconnect`\n"}}
[debug] [2026-06-29T17:59:44.344Z] E0630 00:59:44.344423   17672 watch.go:40] Failed to load config from "c:\\Users\\52114\\Downloads\\akrivis-uat-webapp-firebase\\dataconnect": could not find dataconnect.yaml in `c:\Users\52114\Downloads\akrivis-uat-webapp-firebase\dataconnect`
 {"metadata":{"emulator":{"name":"dataconnect"},"message":"E0630 00:59:44.344423   17672 watch.go:40] Failed to load config from \"c:\\\\Users\\\\52114\\\\Downloads\\\\akrivis-uat-webapp-firebase\\\\dataconnect\": could not find dataconnect.yaml in `c:\\Users\\52114\\Downloads\\akrivis-uat-webapp-firebase\\dataconnect`\n"}}
[debug] [2026-06-29T17:59:54.344Z] E0630 00:59:54.344599   17672 watch.go:40] Failed to load config from "c:\\Users\\52114\\Downloads\\akrivis-uat-webapp-firebase\\dataconnect": could not find dataconnect.yaml in `c:\Users\52114\Downloads\akrivis-uat-webapp-firebase\dataconnect`
 {"metadata":{"emulator":{"name":"dataconnect"},"message":"E0630 00:59:54.344599   17672 watch.go:40] Failed to load config from \"c:\\\\Users\\\\52114\\\\Downloads\\\\akrivis-uat-webapp-firebase\\\\dataconnect\": could not find dataconnect.yaml in `c:\\Users\\52114\\Downloads\\akrivis-uat-webapp-firebase\\dataconnect`\n"}}
[debug] [2026-06-29T18:00:04.344Z] E0630 01:00:04.344602   17672 watch.go:40] Failed to load config from "c:\\Users\\52114\\Downloads\\akrivis-uat-webapp-firebase\\dataconnect": could not find dataconnect.yaml in `c:\Users\52114\Downloads\akrivis-uat-webapp-firebase\dataconnect`
 {"metadata":{"emulator":{"name":"dataconnect"},"message":"E0630 01:00:04.344602   17672 watch.go:40] Failed to load config from \"c:\\\\Users\\\\52114\\\\Downloads\\\\akrivis-uat-webapp-firebase\\\\dataconnect\": could not find dataconnect.yaml in `c:\\Users\\52114\\Downloads\\akrivis-uat-webapp-firebase\\dataconnect`\n"}}
[debug] [2026-06-29T18:00:14.344Z] E0630 01:00:14.345088   17672 watch.go:116] watchAllDir unable to walk dir `c:\Users\52114\Downloads\akrivis-uat-webapp-firebase\dataconnect`: GetFileAttributesEx c:\Users\52114\Downloads\akrivis-uat-webapp-firebase\dataconnect: The system cannot find the file specified.
E0630 01:00:14.345088   17672 watch.go:40] Failed to load config from "c:\\Users\\52114\\Downloads\\akrivis-uat-webapp-firebase\\dataconnect": could not find dataconnect.yaml in `c:\Users\52114\Downloads\akrivis-uat-webapp-firebase\dataconnect`
 {"metadata":{"emulator":{"name":"dataconnect"},"message":"E0630 01:00:14.345088   17672 watch.go:116] watchAllDir unable to walk dir `c:\\Users\\52114\\Downloads\\akrivis-uat-webapp-firebase\\dataconnect`: GetFileAttributesEx c:\\Users\\52114\\Downloads\\akrivis-uat-webapp-firebase\\dataconnect: The system cannot find the file specified.\nE0630 01:00:14.345088   17672 watch.go:40] Failed to load config from \"c:\\\\Users\\\\52114\\\\Downloads\\\\akrivis-uat-webapp-firebase\\\\dataconnect\": could not find dataconnect.yaml in `c:\\Users\\52114\\Downloads\\akrivis-uat-webapp-firebase\\dataconnect`\n"}}
[debug] [2026-06-29T18:00:24.344Z] E0630 01:00:24.344592   17672 watch.go:40] Failed to load config from "c:\\Users\\52114\\Downloads\\akrivis-uat-webapp-firebase\\dataconnect": could not find dataconnect.yaml in `c:\Users\52114\Downloads\akrivis-uat-webapp-firebase\dataconnect`
 {"metadata":{"emulator":{"name":"dataconnect"},"message":"E0630 01:00:24.344592   17672 watch.go:40] Failed to load config from \"c:\\\\Users\\\\52114\\\\Downloads\\\\akrivis-uat-webapp-firebase\\\\dataconnect\": could not find dataconnect.yaml in `c:\\Users\\52114\\Downloads\\akrivis-uat-webapp-firebase\\dataconnect`\n"}}
[debug] [2026-06-29T18:00:34.344Z] E0630 01:00:34.344893   17672 watch.go:40] Failed to load config from "c:\\Users\\52114\\Downloads\\akrivis-uat-webapp-firebase\\dataconnect": could not find dataconnect.yaml in `c:\Users\52114\Downloads\akrivis-uat-webapp-firebase\dataconnect`
 {"metadata":{"emulator":{"name":"dataconnect"},"message":"E0630 01:00:34.344893   17672 watch.go:40] Failed to load config from \"c:\\\\Users\\\\52114\\\\Downloads\\\\akrivis-uat-webapp-firebase\\\\dataconnect\": could not find dataconnect.yaml in `c:\\Users\\52114\\Downloads\\akrivis-uat-webapp-firebase\\dataconnect`\n"}}
[debug] [2026-06-29T18:00:44.344Z] E0630 01:00:44.344665   17672 watch.go:40] Failed to load config from "c:\\Users\\52114\\Downloads\\akrivis-uat-webapp-firebase\\dataconnect": could not find dataconnect.yaml in `c:\Users\52114\Downloads\akrivis-uat-webapp-firebase\dataconnect`
 {"metadata":{"emulator":{"name":"dataconnect"},"message":"E0630 01:00:44.344665   17672 watch.go:40] Failed to load config from \"c:\\\\Users\\\\52114\\\\Downloads\\\\akrivis-uat-webapp-firebase\\\\dataconnect\": could not find dataconnect.yaml in `c:\\Users\\52114\\Downloads\\akrivis-uat-webapp-firebase\\dataconnect`\n"}}
[debug] [2026-06-29T18:00:54.344Z] E0630 01:00:54.344913   17672 watch.go:40] Failed to load config from "c:\\Users\\52114\\Downloads\\akrivis-uat-webapp-firebase\\dataconnect": could not find dataconnect.yaml in `c:\Users\52114\Downloads\akrivis-uat-webapp-firebase\dataconnect`
 {"metadata":{"emulator":{"name":"dataconnect"},"message":"E0630 01:00:54.344913   17672 watch.go:40] Failed to load config from \"c:\\\\Users\\\\52114\\\\Downloads\\\\akrivis-uat-webapp-firebase\\\\dataconnect\": could not find dataconnect.yaml in `c:\\Users\\52114\\Downloads\\akrivis-uat-webapp-firebase\\dataconnect`\n"}}
[debug] [2026-06-29T18:01:04.344Z] E0630 01:01:04.344685   17672 watch.go:40] Failed to load config from "c:\\Users\\52114\\Downloads\\akrivis-uat-webapp-firebase\\dataconnect": could not find dataconnect.yaml in `c:\Users\52114\Downloads\akrivis-uat-webapp-firebase\dataconnect`
 {"metadata":{"emulator":{"name":"dataconnect"},"message":"E0630 01:01:04.344685   17672 watch.go:40] Failed to load config from \"c:\\\\Users\\\\52114\\\\Downloads\\\\akrivis-uat-webapp-firebase\\\\dataconnect\": could not find dataconnect.yaml in `c:\\Users\\52114\\Downloads\\akrivis-uat-webapp-firebase\\dataconnect`\n"}}
[debug] [2026-06-29T18:01:14.343Z] E0630 01:01:14.344107   17672 watch.go:116] watchAllDir unable to walk dir `c:\Users\52114\Downloads\akrivis-uat-webapp-firebase\dataconnect`: GetFileAttributesEx c:\Users\52114\Downloads\akrivis-uat-webapp-firebase\dataconnect: The system cannot find the file specified.
 {"metadata":{"emulator":{"name":"dataconnect"},"message":"E0630 01:01:14.344107   17672 watch.go:116] watchAllDir unable to walk dir `c:\\Users\\52114\\Downloads\\akrivis-uat-webapp-firebase\\dataconnect`: GetFileAttributesEx c:\\Users\\52114\\Downloads\\akrivis-uat-webapp-firebase\\dataconnect: The system cannot find the file specified.\n"}}
[debug] [2026-06-29T18:01:14.344Z] E0630 01:01:14.344107   17672 watch.go:40] Failed to load config from "c:\\Users\\52114\\Downloads\\akrivis-uat-webapp-firebase\\dataconnect": could not find dataconnect.yaml in `c:\Users\52114\Downloads\akrivis-uat-webapp-firebase\dataconnect`
 {"metadata":{"emulator":{"name":"dataconnect"},"message":"E0630 01:01:14.344107   17672 watch.go:40] Failed to load config from \"c:\\\\Users\\\\52114\\\\Downloads\\\\akrivis-uat-webapp-firebase\\\\dataconnect\": could not find dataconnect.yaml in `c:\\Users\\52114\\Downloads\\akrivis-uat-webapp-firebase\\dataconnect`\n"}}
[debug] [2026-06-29T18:01:24.344Z] E0630 01:01:24.344680   17672 watch.go:40] Failed to load config from "c:\\Users\\52114\\Downloads\\akrivis-uat-webapp-firebase\\dataconnect": could not find dataconnect.yaml in `c:\Users\52114\Downloads\akrivis-uat-webapp-firebase\dataconnect`
 {"metadata":{"emulator":{"name":"dataconnect"},"message":"E0630 01:01:24.344680   17672 watch.go:40] Failed to load config from \"c:\\\\Users\\\\52114\\\\Downloads\\\\akrivis-uat-webapp-firebase\\\\dataconnect\": could not find dataconnect.yaml in `c:\\Users\\52114\\Downloads\\akrivis-uat-webapp-firebase\\dataconnect`\n"}}
[debug] [2026-06-29T18:01:34.344Z] E0630 01:01:34.344378   17672 watch.go:40] Failed to load config from "c:\\Users\\52114\\Downloads\\akrivis-uat-webapp-firebase\\dataconnect": could not find dataconnect.yaml in `c:\Users\52114\Downloads\akrivis-uat-webapp-firebase\dataconnect`
 {"metadata":{"emulator":{"name":"dataconnect"},"message":"E0630 01:01:34.344378   17672 watch.go:40] Failed to load config from \"c:\\\\Users\\\\52114\\\\Downloads\\\\akrivis-uat-webapp-firebase\\\\dataconnect\": could not find dataconnect.yaml in `c:\\Users\\52114\\Downloads\\akrivis-uat-webapp-firebase\\dataconnect`\n"}}
[debug] [2026-06-29T18:01:44.343Z] E0630 01:01:44.344392   17672 watch.go:40] Failed to load config from "c:\\Users\\52114\\Downloads\\akrivis-uat-webapp-firebase\\dataconnect": could not find dataconnect.yaml in `c:\Users\52114\Downloads\akrivis-uat-webapp-firebase\dataconnect`
 {"metadata":{"emulator":{"name":"dataconnect"},"message":"E0630 01:01:44.344392   17672 watch.go:40] Failed to load config from \"c:\\\\Users\\\\52114\\\\Downloads\\\\akrivis-uat-webapp-firebase\\\\dataconnect\": could not find dataconnect.yaml in `c:\\Users\\52114\\Downloads\\akrivis-uat-webapp-firebase\\dataconnect`\n"}}
[debug] [2026-06-29T18:01:54.344Z] E0630 01:01:54.344717   17672 watch.go:40] Failed to load config from "c:\\Users\\52114\\Downloads\\akrivis-uat-webapp-firebase\\dataconnect": could not find dataconnect.yaml in `c:\Users\52114\Downloads\akrivis-uat-webapp-firebase\dataconnect`
 {"metadata":{"emulator":{"name":"dataconnect"},"message":"E0630 01:01:54.344717   17672 watch.go:40] Failed to load config from \"c:\\\\Users\\\\52114\\\\Downloads\\\\akrivis-uat-webapp-firebase\\\\dataconnect\": could not find dataconnect.yaml in `c:\\Users\\52114\\Downloads\\akrivis-uat-webapp-firebase\\dataconnect`\n"}}
[debug] [2026-06-29T18:02:04.344Z] E0630 01:02:04.344458   17672 watch.go:40] Failed to load config from "c:\\Users\\52114\\Downloads\\akrivis-uat-webapp-firebase\\dataconnect": could not find dataconnect.yaml in `c:\Users\52114\Downloads\akrivis-uat-webapp-firebase\dataconnect`
 {"metadata":{"emulator":{"name":"dataconnect"},"message":"E0630 01:02:04.344458   17672 watch.go:40] Failed to load config from \"c:\\\\Users\\\\52114\\\\Downloads\\\\akrivis-uat-webapp-firebase\\\\dataconnect\": could not find dataconnect.yaml in `c:\\Users\\52114\\Downloads\\akrivis-uat-webapp-firebase\\dataconnect`\n"}}
[debug] [2026-06-29T18:02:14.348Z] E0630 01:02:14.344402   17672 watch.go:116] watchAllDir unable to walk dir `c:\Users\52114\Downloads\akrivis-uat-webapp-firebase\dataconnect`: GetFileAttributesEx c:\Users\52114\Downloads\akrivis-uat-webapp-firebase\dataconnect: The system cannot find the file specified.
E0630 01:02:14.344402   17672 watch.go:40] Failed to load config from "c:\\Users\\52114\\Downloads\\akrivis-uat-webapp-firebase\\dataconnect": could not find dataconnect.yaml in `c:\Users\52114\Downloads\akrivis-uat-webapp-firebase\dataconnect`
 {"metadata":{"emulator":{"name":"dataconnect"},"message":"E0630 01:02:14.344402   17672 watch.go:116] watchAllDir unable to walk dir `c:\\Users\\52114\\Downloads\\akrivis-uat-webapp-firebase\\dataconnect`: GetFileAttributesEx c:\\Users\\52114\\Downloads\\akrivis-uat-webapp-firebase\\dataconnect: The system cannot find the file specified.\nE0630 01:02:14.344402   17672 watch.go:40] Failed to load config from \"c:\\\\Users\\\\52114\\\\Downloads\\\\akrivis-uat-webapp-firebase\\\\dataconnect\": could not find dataconnect.yaml in `c:\\Users\\52114\\Downloads\\akrivis-uat-webapp-firebase\\dataconnect`\n"}}
[debug] [2026-06-29T18:02:24.345Z] E0630 01:02:24.344364   17672 watch.go:40] Failed to load config from "c:\\Users\\52114\\Downloads\\akrivis-uat-webapp-firebase\\dataconnect": could not find dataconnect.yaml in `c:\Users\52114\Downloads\akrivis-uat-webapp-firebase\dataconnect`
 {"metadata":{"emulator":{"name":"dataconnect"},"message":"E0630 01:02:24.344364   17672 watch.go:40] Failed to load config from \"c:\\\\Users\\\\52114\\\\Downloads\\\\akrivis-uat-webapp-firebase\\\\dataconnect\": could not find dataconnect.yaml in `c:\\Users\\52114\\Downloads\\akrivis-uat-webapp-firebase\\dataconnect`\n"}}
[debug] [2026-06-29T18:02:34.344Z] E0630 01:02:34.344203   17672 watch.go:40] Failed to load config from "c:\\Users\\52114\\Downloads\\akrivis-uat-webapp-firebase\\dataconnect": could not find dataconnect.yaml in `c:\Users\52114\Downloads\akrivis-uat-webapp-firebase\dataconnect`
 {"metadata":{"emulator":{"name":"dataconnect"},"message":"E0630 01:02:34.344203   17672 watch.go:40] Failed to load config from \"c:\\\\Users\\\\52114\\\\Downloads\\\\akrivis-uat-webapp-firebase\\\\dataconnect\": could not find dataconnect.yaml in `c:\\Users\\52114\\Downloads\\akrivis-uat-webapp-firebase\\dataconnect`\n"}}
[debug] [2026-06-29T18:02:44.344Z] E0630 01:02:44.344184   17672 watch.go:40] Failed to load config from "c:\\Users\\52114\\Downloads\\akrivis-uat-webapp-firebase\\dataconnect": could not find dataconnect.yaml in `c:\Users\52114\Downloads\akrivis-uat-webapp-firebase\dataconnect`
 {"metadata":{"emulator":{"name":"dataconnect"},"message":"E0630 01:02:44.344184   17672 watch.go:40] Failed to load config from \"c:\\\\Users\\\\52114\\\\Downloads\\\\akrivis-uat-webapp-firebase\\\\dataconnect\": could not find dataconnect.yaml in `c:\\Users\\52114\\Downloads\\akrivis-uat-webapp-firebase\\dataconnect`\n"}}
[debug] [2026-06-29T18:02:54.344Z] E0630 01:02:54.344668   17672 watch.go:40] Failed to load config from "c:\\Users\\52114\\Downloads\\akrivis-uat-webapp-firebase\\dataconnect": could not find dataconnect.yaml in `c:\Users\52114\Downloads\akrivis-uat-webapp-firebase\dataconnect`
 {"metadata":{"emulator":{"name":"dataconnect"},"message":"E0630 01:02:54.344668   17672 watch.go:40] Failed to load config from \"c:\\\\Users\\\\52114\\\\Downloads\\\\akrivis-uat-webapp-firebase\\\\dataconnect\": could not find dataconnect.yaml in `c:\\Users\\52114\\Downloads\\akrivis-uat-webapp-firebase\\dataconnect`\n"}}
[debug] [2026-06-29T18:03:04.345Z] E0630 01:03:04.344697   17672 watch.go:40] Failed to load config from "c:\\Users\\52114\\Downloads\\akrivis-uat-webapp-firebase\\dataconnect": could not find dataconnect.yaml in `c:\Users\52114\Downloads\akrivis-uat-webapp-firebase\dataconnect`
 {"metadata":{"emulator":{"name":"dataconnect"},"message":"E0630 01:03:04.344697   17672 watch.go:40] Failed to load config from \"c:\\\\Users\\\\52114\\\\Downloads\\\\akrivis-uat-webapp-firebase\\\\dataconnect\": could not find dataconnect.yaml in `c:\\Users\\52114\\Downloads\\akrivis-uat-webapp-firebase\\dataconnect`\n"}}
[debug] [2026-06-29T18:03:14.344Z] E0630 01:03:14.344325   17672 watch.go:116] watchAllDir unable to walk dir `c:\Users\52114\Downloads\akrivis-uat-webapp-firebase\dataconnect`: GetFileAttributesEx c:\Users\52114\Downloads\akrivis-uat-webapp-firebase\dataconnect: The system cannot find the file specified.
E0630 01:03:14.344325   17672 watch.go:40] Failed to load config from "c:\\Users\\52114\\Downloads\\akrivis-uat-webapp-firebase\\dataconnect": could not find dataconnect.yaml in `c:\Users\52114\Downloads\akrivis-uat-webapp-firebase\dataconnect`
 {"metadata":{"emulator":{"name":"dataconnect"},"message":"E0630 01:03:14.344325   17672 watch.go:116] watchAllDir unable to walk dir `c:\\Users\\52114\\Downloads\\akrivis-uat-webapp-firebase\\dataconnect`: GetFileAttributesEx c:\\Users\\52114\\Downloads\\akrivis-uat-webapp-firebase\\dataconnect: The system cannot find the file specified.\nE0630 01:03:14.344325   17672 watch.go:40] Failed to load config from \"c:\\\\Users\\\\52114\\\\Downloads\\\\akrivis-uat-webapp-firebase\\\\dataconnect\": could not find dataconnect.yaml in `c:\\Users\\52114\\Downloads\\akrivis-uat-webapp-firebase\\dataconnect`\n"}}
[debug] [2026-06-29T18:03:24.345Z] E0630 01:03:24.344836   17672 watch.go:40] Failed to load config from "c:\\Users\\52114\\Downloads\\akrivis-uat-webapp-firebase\\dataconnect": could not find dataconnect.yaml in `c:\Users\52114\Downloads\akrivis-uat-webapp-firebase\dataconnect`
 {"metadata":{"emulator":{"name":"dataconnect"},"message":"E0630 01:03:24.344836   17672 watch.go:40] Failed to load config from \"c:\\\\Users\\\\52114\\\\Downloads\\\\akrivis-uat-webapp-firebase\\\\dataconnect\": could not find dataconnect.yaml in `c:\\Users\\52114\\Downloads\\akrivis-uat-webapp-firebase\\dataconnect`\n"}}
[debug] [2026-06-29T18:03:34.345Z] E0630 01:03:34.344255   17672 watch.go:40] Failed to load config from "c:\\Users\\52114\\Downloads\\akrivis-uat-webapp-firebase\\dataconnect": could not find dataconnect.yaml in `c:\Users\52114\Downloads\akrivis-uat-webapp-firebase\dataconnect`
 {"metadata":{"emulator":{"name":"dataconnect"},"message":"E0630 01:03:34.344255   17672 watch.go:40] Failed to load config from \"c:\\\\Users\\\\52114\\\\Downloads\\\\akrivis-uat-webapp-firebase\\\\dataconnect\": could not find dataconnect.yaml in `c:\\Users\\52114\\Downloads\\akrivis-uat-webapp-firebase\\dataconnect`\n"}}
[debug] [2026-06-29T18:03:44.345Z] E0630 01:03:44.344528   17672 watch.go:40] Failed to load config from "c:\\Users\\52114\\Downloads\\akrivis-uat-webapp-firebase\\dataconnect": could not find dataconnect.yaml in `c:\Users\52114\Downloads\akrivis-uat-webapp-firebase\dataconnect`
 {"metadata":{"emulator":{"name":"dataconnect"},"message":"E0630 01:03:44.344528   17672 watch.go:40] Failed to load config from \"c:\\\\Users\\\\52114\\\\Downloads\\\\akrivis-uat-webapp-firebase\\\\dataconnect\": could not find dataconnect.yaml in `c:\\Users\\52114\\Downloads\\akrivis-uat-webapp-firebase\\dataconnect`\n"}}
[debug] [2026-06-29T18:03:54.344Z] E0630 01:03:54.344624   17672 watch.go:40] Failed to load config from "c:\\Users\\52114\\Downloads\\akrivis-uat-webapp-firebase\\dataconnect": could not find dataconnect.yaml in `c:\Users\52114\Downloads\akrivis-uat-webapp-firebase\dataconnect`
 {"metadata":{"emulator":{"name":"dataconnect"},"message":"E0630 01:03:54.344624   17672 watch.go:40] Failed to load config from \"c:\\\\Users\\\\52114\\\\Downloads\\\\akrivis-uat-webapp-firebase\\\\dataconnect\": could not find dataconnect.yaml in `c:\\Users\\52114\\Downloads\\akrivis-uat-webapp-firebase\\dataconnect`\n"}}
[debug] [2026-06-29T18:04:04.344Z] E0630 01:04:04.344413   17672 watch.go:40] Failed to load config from "c:\\Users\\52114\\Downloads\\akrivis-uat-webapp-firebase\\dataconnect": could not find dataconnect.yaml in `c:\Users\52114\Downloads\akrivis-uat-webapp-firebase\dataconnect`
 {"metadata":{"emulator":{"name":"dataconnect"},"message":"E0630 01:04:04.344413   17672 watch.go:40] Failed to load config from \"c:\\\\Users\\\\52114\\\\Downloads\\\\akrivis-uat-webapp-firebase\\\\dataconnect\": could not find dataconnect.yaml in `c:\\Users\\52114\\Downloads\\akrivis-uat-webapp-firebase\\dataconnect`\n"}}
[debug] [2026-06-29T18:04:14.344Z] E0630 01:04:14.344420   17672 watch.go:116] watchAllDir unable to walk dir `c:\Users\52114\Downloads\akrivis-uat-webapp-firebase\dataconnect`: GetFileAttributesEx c:\Users\52114\Downloads\akrivis-uat-webapp-firebase\dataconnect: The system cannot find the file specified.
E0630 01:04:14.344420   17672 watch.go:40] Failed to load config from "c:\\Users\\52114\\Downloads\\akrivis-uat-webapp-firebase\\dataconnect": could not find dataconnect.yaml in `c:\Users\52114\Downloads\akrivis-uat-webapp-firebase\dataconnect`
 {"metadata":{"emulator":{"name":"dataconnect"},"message":"E0630 01:04:14.344420   17672 watch.go:116] watchAllDir unable to walk dir `c:\\Users\\52114\\Downloads\\akrivis-uat-webapp-firebase\\dataconnect`: GetFileAttributesEx c:\\Users\\52114\\Downloads\\akrivis-uat-webapp-firebase\\dataconnect: The system cannot find the file specified.\nE0630 01:04:14.344420   17672 watch.go:40] Failed to load config from \"c:\\\\Users\\\\52114\\\\Downloads\\\\akrivis-uat-webapp-firebase\\\\dataconnect\": could not find dataconnect.yaml in `c:\\Users\\52114\\Downloads\\akrivis-uat-webapp-firebase\\dataconnect`\n"}}
[debug] [2026-06-29T18:04:24.344Z] E0630 01:04:24.344369   17672 watch.go:40] Failed to load config from "c:\\Users\\52114\\Downloads\\akrivis-uat-webapp-firebase\\dataconnect": could not find dataconnect.yaml in `c:\Users\52114\Downloads\akrivis-uat-webapp-firebase\dataconnect`
 {"metadata":{"emulator":{"name":"dataconnect"},"message":"E0630 01:04:24.344369   17672 watch.go:40] Failed to load config from \"c:\\\\Users\\\\52114\\\\Downloads\\\\akrivis-uat-webapp-firebase\\\\dataconnect\": could not find dataconnect.yaml in `c:\\Users\\52114\\Downloads\\akrivis-uat-webapp-firebase\\dataconnect`\n"}}
[debug] [2026-06-29T18:04:34.344Z] E0630 01:04:34.344406   17672 watch.go:40] Failed to load config from "c:\\Users\\52114\\Downloads\\akrivis-uat-webapp-firebase\\dataconnect": could not find dataconnect.yaml in `c:\Users\52114\Downloads\akrivis-uat-webapp-firebase\dataconnect`
 {"metadata":{"emulator":{"name":"dataconnect"},"message":"E0630 01:04:34.344406   17672 watch.go:40] Failed to load config from \"c:\\\\Users\\\\52114\\\\Downloads\\\\akrivis-uat-webapp-firebase\\\\dataconnect\": could not find dataconnect.yaml in `c:\\Users\\52114\\Downloads\\akrivis-uat-webapp-firebase\\dataconnect`\n"}}
[debug] [2026-06-29T18:04:44.344Z] E0630 01:04:44.344829   17672 watch.go:40] Failed to load config from "c:\\Users\\52114\\Downloads\\akrivis-uat-webapp-firebase\\dataconnect": could not find dataconnect.yaml in `c:\Users\52114\Downloads\akrivis-uat-webapp-firebase\dataconnect`
 {"metadata":{"emulator":{"name":"dataconnect"},"message":"E0630 01:04:44.344829   17672 watch.go:40] Failed to load config from \"c:\\\\Users\\\\52114\\\\Downloads\\\\akrivis-uat-webapp-firebase\\\\dataconnect\": could not find dataconnect.yaml in `c:\\Users\\52114\\Downloads\\akrivis-uat-webapp-firebase\\dataconnect`\n"}}
[debug] [2026-06-29T18:04:54.344Z] E0630 01:04:54.344693   17672 watch.go:40] Failed to load config from "c:\\Users\\52114\\Downloads\\akrivis-uat-webapp-firebase\\dataconnect": could not find dataconnect.yaml in `c:\Users\52114\Downloads\akrivis-uat-webapp-firebase\dataconnect`
 {"metadata":{"emulator":{"name":"dataconnect"},"message":"E0630 01:04:54.344693   17672 watch.go:40] Failed to load config from \"c:\\\\Users\\\\52114\\\\Downloads\\\\akrivis-uat-webapp-firebase\\\\dataconnect\": could not find dataconnect.yaml in `c:\\Users\\52114\\Downloads\\akrivis-uat-webapp-firebase\\dataconnect`\n"}}
[debug] [2026-06-29T18:05:04.344Z] E0630 01:05:04.344413   17672 watch.go:40] Failed to load config from "c:\\Users\\52114\\Downloads\\akrivis-uat-webapp-firebase\\dataconnect": could not find dataconnect.yaml in `c:\Users\52114\Downloads\akrivis-uat-webapp-firebase\dataconnect`
 {"metadata":{"emulator":{"name":"dataconnect"},"message":"E0630 01:05:04.344413   17672 watch.go:40] Failed to load config from \"c:\\\\Users\\\\52114\\\\Downloads\\\\akrivis-uat-webapp-firebase\\\\dataconnect\": could not find dataconnect.yaml in `c:\\Users\\52114\\Downloads\\akrivis-uat-webapp-firebase\\dataconnect`\n"}}
[debug] [2026-06-29T18:05:14.344Z] E0630 01:05:14.344684   17672 watch.go:116] watchAllDir unable to walk dir `c:\Users\52114\Downloads\akrivis-uat-webapp-firebase\dataconnect`: GetFileAttributesEx c:\Users\52114\Downloads\akrivis-uat-webapp-firebase\dataconnect: The system cannot find the file specified.
 {"metadata":{"emulator":{"name":"dataconnect"},"message":"E0630 01:05:14.344684   17672 watch.go:116] watchAllDir unable to walk dir `c:\\Users\\52114\\Downloads\\akrivis-uat-webapp-firebase\\dataconnect`: GetFileAttributesEx c:\\Users\\52114\\Downloads\\akrivis-uat-webapp-firebase\\dataconnect: The system cannot find the file specified.\n"}}
[debug] [2026-06-29T18:05:14.344Z] E0630 01:05:14.344684   17672 watch.go:40] Failed to load config from "c:\\Users\\52114\\Downloads\\akrivis-uat-webapp-firebase\\dataconnect": could not find dataconnect.yaml in `c:\Users\52114\Downloads\akrivis-uat-webapp-firebase\dataconnect`
 {"metadata":{"emulator":{"name":"dataconnect"},"message":"E0630 01:05:14.344684   17672 watch.go:40] Failed to load config from \"c:\\\\Users\\\\52114\\\\Downloads\\\\akrivis-uat-webapp-firebase\\\\dataconnect\": could not find dataconnect.yaml in `c:\\Users\\52114\\Downloads\\akrivis-uat-webapp-firebase\\dataconnect`\n"}}
[debug] [2026-06-29T18:05:24.344Z] E0630 01:05:24.344810   17672 watch.go:40] Failed to load config from "c:\\Users\\52114\\Downloads\\akrivis-uat-webapp-firebase\\dataconnect": could not find dataconnect.yaml in `c:\Users\52114\Downloads\akrivis-uat-webapp-firebase\dataconnect`
 {"metadata":{"emulator":{"name":"dataconnect"},"message":"E0630 01:05:24.344810   17672 watch.go:40] Failed to load config from \"c:\\\\Users\\\\52114\\\\Downloads\\\\akrivis-uat-webapp-firebase\\\\dataconnect\": could not find dataconnect.yaml in `c:\\Users\\52114\\Downloads\\akrivis-uat-webapp-firebase\\dataconnect`\n"}}
[debug] [2026-06-29T18:05:34.344Z] E0630 01:05:34.344375   17672 watch.go:40] Failed to load config from "c:\\Users\\52114\\Downloads\\akrivis-uat-webapp-firebase\\dataconnect": could not find dataconnect.yaml in `c:\Users\52114\Downloads\akrivis-uat-webapp-firebase\dataconnect`
 {"metadata":{"emulator":{"name":"dataconnect"},"message":"E0630 01:05:34.344375   17672 watch.go:40] Failed to load config from \"c:\\\\Users\\\\52114\\\\Downloads\\\\akrivis-uat-webapp-firebase\\\\dataconnect\": could not find dataconnect.yaml in `c:\\Users\\52114\\Downloads\\akrivis-uat-webapp-firebase\\dataconnect`\n"}}
[debug] [2026-06-29T18:05:44.345Z] E0630 01:05:44.345512   17672 watch.go:40] Failed to load config from "c:\\Users\\52114\\Downloads\\akrivis-uat-webapp-firebase\\dataconnect": could not find dataconnect.yaml in `c:\Users\52114\Downloads\akrivis-uat-webapp-firebase\dataconnect`
 {"metadata":{"emulator":{"name":"dataconnect"},"message":"E0630 01:05:44.345512   17672 watch.go:40] Failed to load config from \"c:\\\\Users\\\\52114\\\\Downloads\\\\akrivis-uat-webapp-firebase\\\\dataconnect\": could not find dataconnect.yaml in `c:\\Users\\52114\\Downloads\\akrivis-uat-webapp-firebase\\dataconnect`\n"}}
[debug] [2026-06-29T18:05:54.344Z] E0630 01:05:54.344188   17672 watch.go:40] Failed to load config from "c:\\Users\\52114\\Downloads\\akrivis-uat-webapp-firebase\\dataconnect": could not find dataconnect.yaml in `c:\Users\52114\Downloads\akrivis-uat-webapp-firebase\dataconnect`
 {"metadata":{"emulator":{"name":"dataconnect"},"message":"E0630 01:05:54.344188   17672 watch.go:40] Failed to load config from \"c:\\\\Users\\\\52114\\\\Downloads\\\\akrivis-uat-webapp-firebase\\\\dataconnect\": could not find dataconnect.yaml in `c:\\Users\\52114\\Downloads\\akrivis-uat-webapp-firebase\\dataconnect`\n"}}
[debug] [2026-06-29T18:06:04.344Z] E0630 01:06:04.344934   17672 watch.go:40] Failed to load config from "c:\\Users\\52114\\Downloads\\akrivis-uat-webapp-firebase\\dataconnect": could not find dataconnect.yaml in `c:\Users\52114\Downloads\akrivis-uat-webapp-firebase\dataconnect`
 {"metadata":{"emulator":{"name":"dataconnect"},"message":"E0630 01:06:04.344934   17672 watch.go:40] Failed to load config from \"c:\\\\Users\\\\52114\\\\Downloads\\\\akrivis-uat-webapp-firebase\\\\dataconnect\": could not find dataconnect.yaml in `c:\\Users\\52114\\Downloads\\akrivis-uat-webapp-firebase\\dataconnect`\n"}}
[debug] [2026-06-29T18:06:14.344Z] E0630 01:06:14.344779   17672 watch.go:116] watchAllDir unable to walk dir `c:\Users\52114\Downloads\akrivis-uat-webapp-firebase\dataconnect`: GetFileAttributesEx c:\Users\52114\Downloads\akrivis-uat-webapp-firebase\dataconnect: The system cannot find the file specified.
 {"metadata":{"emulator":{"name":"dataconnect"},"message":"E0630 01:06:14.344779   17672 watch.go:116] watchAllDir unable to walk dir `c:\\Users\\52114\\Downloads\\akrivis-uat-webapp-firebase\\dataconnect`: GetFileAttributesEx c:\\Users\\52114\\Downloads\\akrivis-uat-webapp-firebase\\dataconnect: The system cannot find the file specified.\n"}}
[debug] [2026-06-29T18:06:14.345Z] E0630 01:06:14.345326   17672 watch.go:40] Failed to load config from "c:\\Users\\52114\\Downloads\\akrivis-uat-webapp-firebase\\dataconnect": could not find dataconnect.yaml in `c:\Users\52114\Downloads\akrivis-uat-webapp-firebase\dataconnect`
 {"metadata":{"emulator":{"name":"dataconnect"},"message":"E0630 01:06:14.345326   17672 watch.go:40] Failed to load config from \"c:\\\\Users\\\\52114\\\\Downloads\\\\akrivis-uat-webapp-firebase\\\\dataconnect\": could not find dataconnect.yaml in `c:\\Users\\52114\\Downloads\\akrivis-uat-webapp-firebase\\dataconnect`\n"}}
[debug] [2026-06-29T18:06:24.345Z] E0630 01:06:24.345327   17672 watch.go:40] Failed to load config from "c:\\Users\\52114\\Downloads\\akrivis-uat-webapp-firebase\\dataconnect": could not find dataconnect.yaml in `c:\Users\52114\Downloads\akrivis-uat-webapp-firebase\dataconnect`
 {"metadata":{"emulator":{"name":"dataconnect"},"message":"E0630 01:06:24.345327   17672 watch.go:40] Failed to load config from \"c:\\\\Users\\\\52114\\\\Downloads\\\\akrivis-uat-webapp-firebase\\\\dataconnect\": could not find dataconnect.yaml in `c:\\Users\\52114\\Downloads\\akrivis-uat-webapp-firebase\\dataconnect`\n"}}
[debug] [2026-06-29T18:06:34.344Z] E0630 01:06:34.344755   17672 watch.go:40] Failed to load config from "c:\\Users\\52114\\Downloads\\akrivis-uat-webapp-firebase\\dataconnect": could not find dataconnect.yaml in `c:\Users\52114\Downloads\akrivis-uat-webapp-firebase\dataconnect`
 {"metadata":{"emulator":{"name":"dataconnect"},"message":"E0630 01:06:34.344755   17672 watch.go:40] Failed to load config from \"c:\\\\Users\\\\52114\\\\Downloads\\\\akrivis-uat-webapp-firebase\\\\dataconnect\": could not find dataconnect.yaml in `c:\\Users\\52114\\Downloads\\akrivis-uat-webapp-firebase\\dataconnect`\n"}}
[debug] [2026-06-29T18:06:44.344Z] E0630 01:06:44.344529   17672 watch.go:40] Failed to load config from "c:\\Users\\52114\\Downloads\\akrivis-uat-webapp-firebase\\dataconnect": could not find dataconnect.yaml in `c:\Users\52114\Downloads\akrivis-uat-webapp-firebase\dataconnect`
 {"metadata":{"emulator":{"name":"dataconnect"},"message":"E0630 01:06:44.344529   17672 watch.go:40] Failed to load config from \"c:\\\\Users\\\\52114\\\\Downloads\\\\akrivis-uat-webapp-firebase\\\\dataconnect\": could not find dataconnect.yaml in `c:\\Users\\52114\\Downloads\\akrivis-uat-webapp-firebase\\dataconnect`\n"}}
[debug] [2026-06-29T18:06:54.344Z] E0630 01:06:54.344721   17672 watch.go:40] Failed to load config from "c:\\Users\\52114\\Downloads\\akrivis-uat-webapp-firebase\\dataconnect": could not find dataconnect.yaml in `c:\Users\52114\Downloads\akrivis-uat-webapp-firebase\dataconnect`
 {"metadata":{"emulator":{"name":"dataconnect"},"message":"E0630 01:06:54.344721   17672 watch.go:40] Failed to load config from \"c:\\\\Users\\\\52114\\\\Downloads\\\\akrivis-uat-webapp-firebase\\\\dataconnect\": could not find dataconnect.yaml in `c:\\Users\\52114\\Downloads\\akrivis-uat-webapp-firebase\\dataconnect`\n"}}
[debug] [2026-06-29T18:07:04.345Z] E0630 01:07:04.345252   17672 watch.go:40] Failed to load config from "c:\\Users\\52114\\Downloads\\akrivis-uat-webapp-firebase\\dataconnect": could not find dataconnect.yaml in `c:\Users\52114\Downloads\akrivis-uat-webapp-firebase\dataconnect`
 {"metadata":{"emulator":{"name":"dataconnect"},"message":"E0630 01:07:04.345252   17672 watch.go:40] Failed to load config from \"c:\\\\Users\\\\52114\\\\Downloads\\\\akrivis-uat-webapp-firebase\\\\dataconnect\": could not find dataconnect.yaml in `c:\\Users\\52114\\Downloads\\akrivis-uat-webapp-firebase\\dataconnect`\n"}}
[debug] [2026-06-29T18:07:14.344Z] E0630 01:07:14.344368   17672 watch.go:116] watchAllDir unable to walk dir `c:\Users\52114\Downloads\akrivis-uat-webapp-firebase\dataconnect`: GetFileAttributesEx c:\Users\52114\Downloads\akrivis-uat-webapp-firebase\dataconnect: The system cannot find the file specified.
 {"metadata":{"emulator":{"name":"dataconnect"},"message":"E0630 01:07:14.344368   17672 watch.go:116] watchAllDir unable to walk dir `c:\\Users\\52114\\Downloads\\akrivis-uat-webapp-firebase\\dataconnect`: GetFileAttributesEx c:\\Users\\52114\\Downloads\\akrivis-uat-webapp-firebase\\dataconnect: The system cannot find the file specified.\n"}}
[debug] [2026-06-29T18:07:14.345Z] E0630 01:07:14.344368   17672 watch.go:40] Failed to load config from "c:\\Users\\52114\\Downloads\\akrivis-uat-webapp-firebase\\dataconnect": could not find dataconnect.yaml in `c:\Users\52114\Downloads\akrivis-uat-webapp-firebase\dataconnect`
 {"metadata":{"emulator":{"name":"dataconnect"},"message":"E0630 01:07:14.344368   17672 watch.go:40] Failed to load config from \"c:\\\\Users\\\\52114\\\\Downloads\\\\akrivis-uat-webapp-firebase\\\\dataconnect\": could not find dataconnect.yaml in `c:\\Users\\52114\\Downloads\\akrivis-uat-webapp-firebase\\dataconnect`\n"}}
[debug] [2026-06-29T18:07:24.343Z] E0630 01:07:24.344186   17672 watch.go:40] Failed to load config from "c:\\Users\\52114\\Downloads\\akrivis-uat-webapp-firebase\\dataconnect": could not find dataconnect.yaml in `c:\Users\52114\Downloads\akrivis-uat-webapp-firebase\dataconnect`
 {"metadata":{"emulator":{"name":"dataconnect"},"message":"E0630 01:07:24.344186   17672 watch.go:40] Failed to load config from \"c:\\\\Users\\\\52114\\\\Downloads\\\\akrivis-uat-webapp-firebase\\\\dataconnect\": could not find dataconnect.yaml in `c:\\Users\\52114\\Downloads\\akrivis-uat-webapp-firebase\\dataconnect`\n"}}
[debug] [2026-06-29T18:07:34.344Z] E0630 01:07:34.344574   17672 watch.go:40] Failed to load config from "c:\\Users\\52114\\Downloads\\akrivis-uat-webapp-firebase\\dataconnect": could not find dataconnect.yaml in `c:\Users\52114\Downloads\akrivis-uat-webapp-firebase\dataconnect`
 {"metadata":{"emulator":{"name":"dataconnect"},"message":"E0630 01:07:34.344574   17672 watch.go:40] Failed to load config from \"c:\\\\Users\\\\52114\\\\Downloads\\\\akrivis-uat-webapp-firebase\\\\dataconnect\": could not find dataconnect.yaml in `c:\\Users\\52114\\Downloads\\akrivis-uat-webapp-firebase\\dataconnect`\n"}}
[debug] [2026-06-29T18:07:44.344Z] E0630 01:07:44.344734   17672 watch.go:40] Failed to load config from "c:\\Users\\52114\\Downloads\\akrivis-uat-webapp-firebase\\dataconnect": could not find dataconnect.yaml in `c:\Users\52114\Downloads\akrivis-uat-webapp-firebase\dataconnect`
 {"metadata":{"emulator":{"name":"dataconnect"},"message":"E0630 01:07:44.344734   17672 watch.go:40] Failed to load config from \"c:\\\\Users\\\\52114\\\\Downloads\\\\akrivis-uat-webapp-firebase\\\\dataconnect\": could not find dataconnect.yaml in `c:\\Users\\52114\\Downloads\\akrivis-uat-webapp-firebase\\dataconnect`\n"}}
[debug] [2026-06-29T18:07:54.344Z] E0630 01:07:54.344448   17672 watch.go:40] Failed to load config from "c:\\Users\\52114\\Downloads\\akrivis-uat-webapp-firebase\\dataconnect": could not find dataconnect.yaml in `c:\Users\52114\Downloads\akrivis-uat-webapp-firebase\dataconnect`
 {"metadata":{"emulator":{"name":"dataconnect"},"message":"E0630 01:07:54.344448   17672 watch.go:40] Failed to load config from \"c:\\\\Users\\\\52114\\\\Downloads\\\\akrivis-uat-webapp-firebase\\\\dataconnect\": could not find dataconnect.yaml in `c:\\Users\\52114\\Downloads\\akrivis-uat-webapp-firebase\\dataconnect`\n"}}
[debug] [2026-06-29T18:08:04.344Z] E0630 01:08:04.344547   17672 watch.go:40] Failed to load config from "c:\\Users\\52114\\Downloads\\akrivis-uat-webapp-firebase\\dataconnect": could not find dataconnect.yaml in `c:\Users\52114\Downloads\akrivis-uat-webapp-firebase\dataconnect`
 {"metadata":{"emulator":{"name":"dataconnect"},"message":"E0630 01:08:04.344547   17672 watch.go:40] Failed to load config from \"c:\\\\Users\\\\52114\\\\Downloads\\\\akrivis-uat-webapp-firebase\\\\dataconnect\": could not find dataconnect.yaml in `c:\\Users\\52114\\Downloads\\akrivis-uat-webapp-firebase\\dataconnect`\n"}}
[debug] [2026-06-29T18:08:14.344Z] E0630 01:08:14.344672   17672 watch.go:116] watchAllDir unable to walk dir `c:\Users\52114\Downloads\akrivis-uat-webapp-firebase\dataconnect`: GetFileAttributesEx c:\Users\52114\Downloads\akrivis-uat-webapp-firebase\dataconnect: The system cannot find the file specified.
E0630 01:08:14.344672   17672 watch.go:40] Failed to load config from "c:\\Users\\52114\\Downloads\\akrivis-uat-webapp-firebase\\dataconnect": could not find dataconnect.yaml in `c:\Users\52114\Downloads\akrivis-uat-webapp-firebase\dataconnect`
 {"metadata":{"emulator":{"name":"dataconnect"},"message":"E0630 01:08:14.344672   17672 watch.go:116] watchAllDir unable to walk dir `c:\\Users\\52114\\Downloads\\akrivis-uat-webapp-firebase\\dataconnect`: GetFileAttributesEx c:\\Users\\52114\\Downloads\\akrivis-uat-webapp-firebase\\dataconnect: The system cannot find the file specified.\nE0630 01:08:14.344672   17672 watch.go:40] Failed to load config from \"c:\\\\Users\\\\52114\\\\Downloads\\\\akrivis-uat-webapp-firebase\\\\dataconnect\": could not find dataconnect.yaml in `c:\\Users\\52114\\Downloads\\akrivis-uat-webapp-firebase\\dataconnect`\n"}}
[debug] [2026-06-29T18:08:24.344Z] E0630 01:08:24.344772   17672 watch.go:40] Failed to load config from "c:\\Users\\52114\\Downloads\\akrivis-uat-webapp-firebase\\dataconnect": could not find dataconnect.yaml in `c:\Users\52114\Downloads\akrivis-uat-webapp-firebase\dataconnect`
 {"metadata":{"emulator":{"name":"dataconnect"},"message":"E0630 01:08:24.344772   17672 watch.go:40] Failed to load config from \"c:\\\\Users\\\\52114\\\\Downloads\\\\akrivis-uat-webapp-firebase\\\\dataconnect\": could not find dataconnect.yaml in `c:\\Users\\52114\\Downloads\\akrivis-uat-webapp-firebase\\dataconnect`\n"}}
[debug] [2026-06-29T18:08:34.344Z] E0630 01:08:34.344950   17672 watch.go:40] Failed to load config from "c:\\Users\\52114\\Downloads\\akrivis-uat-webapp-firebase\\dataconnect": could not find dataconnect.yaml in `c:\Users\52114\Downloads\akrivis-uat-webapp-firebase\dataconnect`
 {"metadata":{"emulator":{"name":"dataconnect"},"message":"E0630 01:08:34.344950   17672 watch.go:40] Failed to load config from \"c:\\\\Users\\\\52114\\\\Downloads\\\\akrivis-uat-webapp-firebase\\\\dataconnect\": could not find dataconnect.yaml in `c:\\Users\\52114\\Downloads\\akrivis-uat-webapp-firebase\\dataconnect`\n"}}
[debug] [2026-06-29T18:08:44.344Z] E0630 01:08:44.344439   17672 watch.go:40] Failed to load config from "c:\\Users\\52114\\Downloads\\akrivis-uat-webapp-firebase\\dataconnect": could not find dataconnect.yaml in `c:\Users\52114\Downloads\akrivis-uat-webapp-firebase\dataconnect`
 {"metadata":{"emulator":{"name":"dataconnect"},"message":"E0630 01:08:44.344439   17672 watch.go:40] Failed to load config from \"c:\\\\Users\\\\52114\\\\Downloads\\\\akrivis-uat-webapp-firebase\\\\dataconnect\": could not find dataconnect.yaml in `c:\\Users\\52114\\Downloads\\akrivis-uat-webapp-firebase\\dataconnect`\n"}}
[debug] [2026-06-29T18:08:54.344Z] E0630 01:08:54.344863   17672 watch.go:40] Failed to load config from "c:\\Users\\52114\\Downloads\\akrivis-uat-webapp-firebase\\dataconnect": could not find dataconnect.yaml in `c:\Users\52114\Downloads\akrivis-uat-webapp-firebase\dataconnect`
 {"metadata":{"emulator":{"name":"dataconnect"},"message":"E0630 01:08:54.344863   17672 watch.go:40] Failed to load config from \"c:\\\\Users\\\\52114\\\\Downloads\\\\akrivis-uat-webapp-firebase\\\\dataconnect\": could not find dataconnect.yaml in `c:\\Users\\52114\\Downloads\\akrivis-uat-webapp-firebase\\dataconnect`\n"}}
[debug] [2026-06-29T18:09:04.344Z] E0630 01:09:04.344606   17672 watch.go:40] Failed to load config from "c:\\Users\\52114\\Downloads\\akrivis-uat-webapp-firebase\\dataconnect": could not find dataconnect.yaml in `c:\Users\52114\Downloads\akrivis-uat-webapp-firebase\dataconnect`
 {"metadata":{"emulator":{"name":"dataconnect"},"message":"E0630 01:09:04.344606   17672 watch.go:40] Failed to load config from \"c:\\\\Users\\\\52114\\\\Downloads\\\\akrivis-uat-webapp-firebase\\\\dataconnect\": could not find dataconnect.yaml in `c:\\Users\\52114\\Downloads\\akrivis-uat-webapp-firebase\\dataconnect`\n"}}
[debug] [2026-06-29T18:09:14.343Z] E0630 01:09:14.344263   17672 watch.go:116] watchAllDir unable to walk dir `c:\Users\52114\Downloads\akrivis-uat-webapp-firebase\dataconnect`: GetFileAttributesEx c:\Users\52114\Downloads\akrivis-uat-webapp-firebase\dataconnect: The system cannot find the file specified.
E0630 01:09:14.344263   17672 watch.go:40] Failed to load config from "c:\\Users\\52114\\Downloads\\akrivis-uat-webapp-firebase\\dataconnect": could not find dataconnect.yaml in `c:\Users\52114\Downloads\akrivis-uat-webapp-firebase\dataconnect`
 {"metadata":{"emulator":{"name":"dataconnect"},"message":"E0630 01:09:14.344263   17672 watch.go:116] watchAllDir unable to walk dir `c:\\Users\\52114\\Downloads\\akrivis-uat-webapp-firebase\\dataconnect`: GetFileAttributesEx c:\\Users\\52114\\Downloads\\akrivis-uat-webapp-firebase\\dataconnect: The system cannot find the file specified.\nE0630 01:09:14.344263   17672 watch.go:40] Failed to load config from \"c:\\\\Users\\\\52114\\\\Downloads\\\\akrivis-uat-webapp-firebase\\\\dataconnect\": could not find dataconnect.yaml in `c:\\Users\\52114\\Downloads\\akrivis-uat-webapp-firebase\\dataconnect`\n"}}
[debug] [2026-06-29T18:09:24.344Z] E0630 01:09:24.344014   17672 watch.go:40] Failed to load config from "c:\\Users\\52114\\Downloads\\akrivis-uat-webapp-firebase\\dataconnect": could not find dataconnect.yaml in `c:\Users\52114\Downloads\akrivis-uat-webapp-firebase\dataconnect`
 {"metadata":{"emulator":{"name":"dataconnect"},"message":"E0630 01:09:24.344014   17672 watch.go:40] Failed to load config from \"c:\\\\Users\\\\52114\\\\Downloads\\\\akrivis-uat-webapp-firebase\\\\dataconnect\": could not find dataconnect.yaml in `c:\\Users\\52114\\Downloads\\akrivis-uat-webapp-firebase\\dataconnect`\n"}}
[debug] [2026-06-29T18:09:34.344Z] E0630 01:09:34.344512   17672 watch.go:40] Failed to load config from "c:\\Users\\52114\\Downloads\\akrivis-uat-webapp-firebase\\dataconnect": could not find dataconnect.yaml in `c:\Users\52114\Downloads\akrivis-uat-webapp-firebase\dataconnect`
 {"metadata":{"emulator":{"name":"dataconnect"},"message":"E0630 01:09:34.344512   17672 watch.go:40] Failed to load config from \"c:\\\\Users\\\\52114\\\\Downloads\\\\akrivis-uat-webapp-firebase\\\\dataconnect\": could not find dataconnect.yaml in `c:\\Users\\52114\\Downloads\\akrivis-uat-webapp-firebase\\dataconnect`\n"}}
[debug] [2026-06-29T18:09:44.344Z] E0630 01:09:44.344654   17672 watch.go:40] Failed to load config from "c:\\Users\\52114\\Downloads\\akrivis-uat-webapp-firebase\\dataconnect": could not find dataconnect.yaml in `c:\Users\52114\Downloads\akrivis-uat-webapp-firebase\dataconnect`
 {"metadata":{"emulator":{"name":"dataconnect"},"message":"E0630 01:09:44.344654   17672 watch.go:40] Failed to load config from \"c:\\\\Users\\\\52114\\\\Downloads\\\\akrivis-uat-webapp-firebase\\\\dataconnect\": could not find dataconnect.yaml in `c:\\Users\\52114\\Downloads\\akrivis-uat-webapp-firebase\\dataconnect`\n"}}
[debug] [2026-06-29T18:09:54.344Z] E0630 01:09:54.344145   17672 watch.go:40] Failed to load config from "c:\\Users\\52114\\Downloads\\akrivis-uat-webapp-firebase\\dataconnect": could not find dataconnect.yaml in `c:\Users\52114\Downloads\akrivis-uat-webapp-firebase\dataconnect`
 {"metadata":{"emulator":{"name":"dataconnect"},"message":"E0630 01:09:54.344145   17672 watch.go:40] Failed to load config from \"c:\\\\Users\\\\52114\\\\Downloads\\\\akrivis-uat-webapp-firebase\\\\dataconnect\": could not find dataconnect.yaml in `c:\\Users\\52114\\Downloads\\akrivis-uat-webapp-firebase\\dataconnect`\n"}}
[debug] [2026-06-29T18:10:04.343Z] E0630 01:10:04.344194   17672 watch.go:40] Failed to load config from "c:\\Users\\52114\\Downloads\\akrivis-uat-webapp-firebase\\dataconnect": could not find dataconnect.yaml in `c:\Users\52114\Downloads\akrivis-uat-webapp-firebase\dataconnect`
 {"metadata":{"emulator":{"name":"dataconnect"},"message":"E0630 01:10:04.344194   17672 watch.go:40] Failed to load config from \"c:\\\\Users\\\\52114\\\\Downloads\\\\akrivis-uat-webapp-firebase\\\\dataconnect\": could not find dataconnect.yaml in `c:\\Users\\52114\\Downloads\\akrivis-uat-webapp-firebase\\dataconnect`\n"}}
[debug] [2026-06-29T18:10:14.344Z] E0630 01:10:14.344647   17672 watch.go:116] watchAllDir unable to walk dir `c:\Users\52114\Downloads\akrivis-uat-webapp-firebase\dataconnect`: GetFileAttributesEx c:\Users\52114\Downloads\akrivis-uat-webapp-firebase\dataconnect: The system cannot find the file specified.
E0630 01:10:14.344647   17672 watch.go:40] Failed to load config from "c:\\Users\\52114\\Downloads\\akrivis-uat-webapp-firebase\\dataconnect": could not find dataconnect.yaml in `c:\Users\52114\Downloads\akrivis-uat-webapp-firebase\dataconnect`
 {"metadata":{"emulator":{"name":"dataconnect"},"message":"E0630 01:10:14.344647   17672 watch.go:116] watchAllDir unable to walk dir `c:\\Users\\52114\\Downloads\\akrivis-uat-webapp-firebase\\dataconnect`: GetFileAttributesEx c:\\Users\\52114\\Downloads\\akrivis-uat-webapp-firebase\\dataconnect: The system cannot find the file specified.\nE0630 01:10:14.344647   17672 watch.go:40] Failed to load config from \"c:\\\\Users\\\\52114\\\\Downloads\\\\akrivis-uat-webapp-firebase\\\\dataconnect\": could not find dataconnect.yaml in `c:\\Users\\52114\\Downloads\\akrivis-uat-webapp-firebase\\dataconnect`\n"}}
[debug] [2026-06-29T18:10:24.344Z] E0630 01:10:24.344100   17672 watch.go:40] Failed to load config from "c:\\Users\\52114\\Downloads\\akrivis-uat-webapp-firebase\\dataconnect": could not find dataconnect.yaml in `c:\Users\52114\Downloads\akrivis-uat-webapp-firebase\dataconnect`
 {"metadata":{"emulator":{"name":"dataconnect"},"message":"E0630 01:10:24.344100   17672 watch.go:40] Failed to load config from \"c:\\\\Users\\\\52114\\\\Downloads\\\\akrivis-uat-webapp-firebase\\\\dataconnect\": could not find dataconnect.yaml in `c:\\Users\\52114\\Downloads\\akrivis-uat-webapp-firebase\\dataconnect`\n"}}
[debug] [2026-06-29T18:10:34.344Z] E0630 01:10:34.344941   17672 watch.go:40] Failed to load config from "c:\\Users\\52114\\Downloads\\akrivis-uat-webapp-firebase\\dataconnect": could not find dataconnect.yaml in `c:\Users\52114\Downloads\akrivis-uat-webapp-firebase\dataconnect`
 {"metadata":{"emulator":{"name":"dataconnect"},"message":"E0630 01:10:34.344941   17672 watch.go:40] Failed to load config from \"c:\\\\Users\\\\52114\\\\Downloads\\\\akrivis-uat-webapp-firebase\\\\dataconnect\": could not find dataconnect.yaml in `c:\\Users\\52114\\Downloads\\akrivis-uat-webapp-firebase\\dataconnect`\n"}}
[debug] [2026-06-29T18:10:44.344Z] E0630 01:10:44.344383   17672 watch.go:40] Failed to load config from "c:\\Users\\52114\\Downloads\\akrivis-uat-webapp-firebase\\dataconnect": could not find dataconnect.yaml in `c:\Users\52114\Downloads\akrivis-uat-webapp-firebase\dataconnect`
 {"metadata":{"emulator":{"name":"dataconnect"},"message":"E0630 01:10:44.344383   17672 watch.go:40] Failed to load config from \"c:\\\\Users\\\\52114\\\\Downloads\\\\akrivis-uat-webapp-firebase\\\\dataconnect\": could not find dataconnect.yaml in `c:\\Users\\52114\\Downloads\\akrivis-uat-webapp-firebase\\dataconnect`\n"}}
[debug] [2026-06-29T18:10:54.344Z] E0630 01:10:54.344335   17672 watch.go:40] Failed to load config from "c:\\Users\\52114\\Downloads\\akrivis-uat-webapp-firebase\\dataconnect": could not find dataconnect.yaml in `c:\Users\52114\Downloads\akrivis-uat-webapp-firebase\dataconnect`
 {"metadata":{"emulator":{"name":"dataconnect"},"message":"E0630 01:10:54.344335   17672 watch.go:40] Failed to load config from \"c:\\\\Users\\\\52114\\\\Downloads\\\\akrivis-uat-webapp-firebase\\\\dataconnect\": could not find dataconnect.yaml in `c:\\Users\\52114\\Downloads\\akrivis-uat-webapp-firebase\\dataconnect`\n"}}
[debug] [2026-06-29T18:11:04.345Z] E0630 01:11:04.345116   17672 watch.go:40] Failed to load config from "c:\\Users\\52114\\Downloads\\akrivis-uat-webapp-firebase\\dataconnect": could not find dataconnect.yaml in `c:\Users\52114\Downloads\akrivis-uat-webapp-firebase\dataconnect`
 {"metadata":{"emulator":{"name":"dataconnect"},"message":"E0630 01:11:04.345116   17672 watch.go:40] Failed to load config from \"c:\\\\Users\\\\52114\\\\Downloads\\\\akrivis-uat-webapp-firebase\\\\dataconnect\": could not find dataconnect.yaml in `c:\\Users\\52114\\Downloads\\akrivis-uat-webapp-firebase\\dataconnect`\n"}}
[debug] [2026-06-29T18:11:14.344Z] E0630 01:11:14.344668   17672 watch.go:116] watchAllDir unable to walk dir `c:\Users\52114\Downloads\akrivis-uat-webapp-firebase\dataconnect`: GetFileAttributesEx c:\Users\52114\Downloads\akrivis-uat-webapp-firebase\dataconnect: The system cannot find the file specified.
 {"metadata":{"emulator":{"name":"dataconnect"},"message":"E0630 01:11:14.344668   17672 watch.go:116] watchAllDir unable to walk dir `c:\\Users\\52114\\Downloads\\akrivis-uat-webapp-firebase\\dataconnect`: GetFileAttributesEx c:\\Users\\52114\\Downloads\\akrivis-uat-webapp-firebase\\dataconnect: The system cannot find the file specified.\n"}}
[debug] [2026-06-29T18:11:14.345Z] E0630 01:11:14.345183   17672 watch.go:40] Failed to load config from "c:\\Users\\52114\\Downloads\\akrivis-uat-webapp-firebase\\dataconnect": could not find dataconnect.yaml in `c:\Users\52114\Downloads\akrivis-uat-webapp-firebase\dataconnect`
 {"metadata":{"emulator":{"name":"dataconnect"},"message":"E0630 01:11:14.345183   17672 watch.go:40] Failed to load config from \"c:\\\\Users\\\\52114\\\\Downloads\\\\akrivis-uat-webapp-firebase\\\\dataconnect\": could not find dataconnect.yaml in `c:\\Users\\52114\\Downloads\\akrivis-uat-webapp-firebase\\dataconnect`\n"}}
[debug] [2026-06-29T18:11:24.344Z] E0630 01:11:24.344736   17672 watch.go:40] Failed to load config from "c:\\Users\\52114\\Downloads\\akrivis-uat-webapp-firebase\\dataconnect": could not find dataconnect.yaml in `c:\Users\52114\Downloads\akrivis-uat-webapp-firebase\dataconnect`
 {"metadata":{"emulator":{"name":"dataconnect"},"message":"E0630 01:11:24.344736   17672 watch.go:40] Failed to load config from \"c:\\\\Users\\\\52114\\\\Downloads\\\\akrivis-uat-webapp-firebase\\\\dataconnect\": could not find dataconnect.yaml in `c:\\Users\\52114\\Downloads\\akrivis-uat-webapp-firebase\\dataconnect`\n"}}
[debug] [2026-06-29T18:11:34.344Z] E0630 01:11:34.344640   17672 watch.go:40] Failed to load config from "c:\\Users\\52114\\Downloads\\akrivis-uat-webapp-firebase\\dataconnect": could not find dataconnect.yaml in `c:\Users\52114\Downloads\akrivis-uat-webapp-firebase\dataconnect`
 {"metadata":{"emulator":{"name":"dataconnect"},"message":"E0630 01:11:34.344640   17672 watch.go:40] Failed to load config from \"c:\\\\Users\\\\52114\\\\Downloads\\\\akrivis-uat-webapp-firebase\\\\dataconnect\": could not find dataconnect.yaml in `c:\\Users\\52114\\Downloads\\akrivis-uat-webapp-firebase\\dataconnect`\n"}}
[debug] [2026-06-29T18:11:44.344Z] E0630 01:11:44.344786   17672 watch.go:40] Failed to load config from "c:\\Users\\52114\\Downloads\\akrivis-uat-webapp-firebase\\dataconnect": could not find dataconnect.yaml in `c:\Users\52114\Downloads\akrivis-uat-webapp-firebase\dataconnect`
 {"metadata":{"emulator":{"name":"dataconnect"},"message":"E0630 01:11:44.344786   17672 watch.go:40] Failed to load config from \"c:\\\\Users\\\\52114\\\\Downloads\\\\akrivis-uat-webapp-firebase\\\\dataconnect\": could not find dataconnect.yaml in `c:\\Users\\52114\\Downloads\\akrivis-uat-webapp-firebase\\dataconnect`\n"}}
[debug] [2026-06-29T18:11:54.344Z] E0630 01:11:54.344546   17672 watch.go:40] Failed to load config from "c:\\Users\\52114\\Downloads\\akrivis-uat-webapp-firebase\\dataconnect": could not find dataconnect.yaml in `c:\Users\52114\Downloads\akrivis-uat-webapp-firebase\dataconnect`
 {"metadata":{"emulator":{"name":"dataconnect"},"message":"E0630 01:11:54.344546   17672 watch.go:40] Failed to load config from \"c:\\\\Users\\\\52114\\\\Downloads\\\\akrivis-uat-webapp-firebase\\\\dataconnect\": could not find dataconnect.yaml in `c:\\Users\\52114\\Downloads\\akrivis-uat-webapp-firebase\\dataconnect`\n"}}
[debug] [2026-06-29T18:12:04.344Z] E0630 01:12:04.344855   17672 watch.go:40] Failed to load config from "c:\\Users\\52114\\Downloads\\akrivis-uat-webapp-firebase\\dataconnect": could not find dataconnect.yaml in `c:\Users\52114\Downloads\akrivis-uat-webapp-firebase\dataconnect`
 {"metadata":{"emulator":{"name":"dataconnect"},"message":"E0630 01:12:04.344855   17672 watch.go:40] Failed to load config from \"c:\\\\Users\\\\52114\\\\Downloads\\\\akrivis-uat-webapp-firebase\\\\dataconnect\": could not find dataconnect.yaml in `c:\\Users\\52114\\Downloads\\akrivis-uat-webapp-firebase\\dataconnect`\n"}}
[debug] [2026-06-29T18:12:14.344Z] E0630 01:12:14.344831   17672 watch.go:116] watchAllDir unable to walk dir `c:\Users\52114\Downloads\akrivis-uat-webapp-firebase\dataconnect`: GetFileAttributesEx c:\Users\52114\Downloads\akrivis-uat-webapp-firebase\dataconnect: The system cannot find the file specified.
 {"metadata":{"emulator":{"name":"dataconnect"},"message":"E0630 01:12:14.344831   17672 watch.go:116] watchAllDir unable to walk dir `c:\\Users\\52114\\Downloads\\akrivis-uat-webapp-firebase\\dataconnect`: GetFileAttributesEx c:\\Users\\52114\\Downloads\\akrivis-uat-webapp-firebase\\dataconnect: The system cannot find the file specified.\n"}}
[debug] [2026-06-29T18:12:14.345Z] E0630 01:12:14.344831   17672 watch.go:40] Failed to load config from "c:\\Users\\52114\\Downloads\\akrivis-uat-webapp-firebase\\dataconnect": could not find dataconnect.yaml in `c:\Users\52114\Downloads\akrivis-uat-webapp-firebase\dataconnect`
 {"metadata":{"emulator":{"name":"dataconnect"},"message":"E0630 01:12:14.344831   17672 watch.go:40] Failed to load config from \"c:\\\\Users\\\\52114\\\\Downloads\\\\akrivis-uat-webapp-firebase\\\\dataconnect\": could not find dataconnect.yaml in `c:\\Users\\52114\\Downloads\\akrivis-uat-webapp-firebase\\dataconnect`\n"}}
[debug] [2026-06-29T18:12:24.344Z] E0630 01:12:24.344607   17672 watch.go:40] Failed to load config from "c:\\Users\\52114\\Downloads\\akrivis-uat-webapp-firebase\\dataconnect": could not find dataconnect.yaml in `c:\Users\52114\Downloads\akrivis-uat-webapp-firebase\dataconnect`
 {"metadata":{"emulator":{"name":"dataconnect"},"message":"E0630 01:12:24.344607   17672 watch.go:40] Failed to load config from \"c:\\\\Users\\\\52114\\\\Downloads\\\\akrivis-uat-webapp-firebase\\\\dataconnect\": could not find dataconnect.yaml in `c:\\Users\\52114\\Downloads\\akrivis-uat-webapp-firebase\\dataconnect`\n"}}
[debug] [2026-06-29T18:12:34.344Z] E0630 01:12:34.344756   17672 watch.go:40] Failed to load config from "c:\\Users\\52114\\Downloads\\akrivis-uat-webapp-firebase\\dataconnect": could not find dataconnect.yaml in `c:\Users\52114\Downloads\akrivis-uat-webapp-firebase\dataconnect`
 {"metadata":{"emulator":{"name":"dataconnect"},"message":"E0630 01:12:34.344756   17672 watch.go:40] Failed to load config from \"c:\\\\Users\\\\52114\\\\Downloads\\\\akrivis-uat-webapp-firebase\\\\dataconnect\": could not find dataconnect.yaml in `c:\\Users\\52114\\Downloads\\akrivis-uat-webapp-firebase\\dataconnect`\n"}}
[debug] [2026-06-29T18:12:44.343Z] E0630 01:12:44.344101   17672 watch.go:40] Failed to load config from "c:\\Users\\52114\\Downloads\\akrivis-uat-webapp-firebase\\dataconnect": could not find dataconnect.yaml in `c:\Users\52114\Downloads\akrivis-uat-webapp-firebase\dataconnect`
 {"metadata":{"emulator":{"name":"dataconnect"},"message":"E0630 01:12:44.344101   17672 watch.go:40] Failed to load config from \"c:\\\\Users\\\\52114\\\\Downloads\\\\akrivis-uat-webapp-firebase\\\\dataconnect\": could not find dataconnect.yaml in `c:\\Users\\52114\\Downloads\\akrivis-uat-webapp-firebase\\dataconnect`\n"}}
[debug] [2026-06-29T18:12:54.344Z] E0630 01:12:54.344532   17672 watch.go:40] Failed to load config from "c:\\Users\\52114\\Downloads\\akrivis-uat-webapp-firebase\\dataconnect": could not find dataconnect.yaml in `c:\Users\52114\Downloads\akrivis-uat-webapp-firebase\dataconnect`
 {"metadata":{"emulator":{"name":"dataconnect"},"message":"E0630 01:12:54.344532   17672 watch.go:40] Failed to load config from \"c:\\\\Users\\\\52114\\\\Downloads\\\\akrivis-uat-webapp-firebase\\\\dataconnect\": could not find dataconnect.yaml in `c:\\Users\\52114\\Downloads\\akrivis-uat-webapp-firebase\\dataconnect`\n"}}
[debug] [2026-06-29T18:13:04.344Z] E0630 01:13:04.344644   17672 watch.go:40] Failed to load config from "c:\\Users\\52114\\Downloads\\akrivis-uat-webapp-firebase\\dataconnect": could not find dataconnect.yaml in `c:\Users\52114\Downloads\akrivis-uat-webapp-firebase\dataconnect`
 {"metadata":{"emulator":{"name":"dataconnect"},"message":"E0630 01:13:04.344644   17672 watch.go:40] Failed to load config from \"c:\\\\Users\\\\52114\\\\Downloads\\\\akrivis-uat-webapp-firebase\\\\dataconnect\": could not find dataconnect.yaml in `c:\\Users\\52114\\Downloads\\akrivis-uat-webapp-firebase\\dataconnect`\n"}}
[debug] [2026-06-29T18:13:14.344Z] E0630 01:13:14.344465   17672 watch.go:116] watchAllDir unable to walk dir `c:\Users\52114\Downloads\akrivis-uat-webapp-firebase\dataconnect`: GetFileAttributesEx c:\Users\52114\Downloads\akrivis-uat-webapp-firebase\dataconnect: The system cannot find the file specified.
E0630 01:13:14.344465   17672 watch.go:40] Failed to load config from "c:\\Users\\52114\\Downloads\\akrivis-uat-webapp-firebase\\dataconnect": could not find dataconnect.yaml in `c:\Users\52114\Downloads\akrivis-uat-webapp-firebase\dataconnect`
 {"metadata":{"emulator":{"name":"dataconnect"},"message":"E0630 01:13:14.344465   17672 watch.go:116] watchAllDir unable to walk dir `c:\\Users\\52114\\Downloads\\akrivis-uat-webapp-firebase\\dataconnect`: GetFileAttributesEx c:\\Users\\52114\\Downloads\\akrivis-uat-webapp-firebase\\dataconnect: The system cannot find the file specified.\nE0630 01:13:14.344465   17672 watch.go:40] Failed to load config from \"c:\\\\Users\\\\52114\\\\Downloads\\\\akrivis-uat-webapp-firebase\\\\dataconnect\": could not find dataconnect.yaml in `c:\\Users\\52114\\Downloads\\akrivis-uat-webapp-firebase\\dataconnect`\n"}}
[debug] [2026-06-29T18:13:24.344Z] E0630 01:13:24.344416   17672 watch.go:40] Failed to load config from "c:\\Users\\52114\\Downloads\\akrivis-uat-webapp-firebase\\dataconnect": could not find dataconnect.yaml in `c:\Users\52114\Downloads\akrivis-uat-webapp-firebase\dataconnect`
 {"metadata":{"emulator":{"name":"dataconnect"},"message":"E0630 01:13:24.344416   17672 watch.go:40] Failed to load config from \"c:\\\\Users\\\\52114\\\\Downloads\\\\akrivis-uat-webapp-firebase\\\\dataconnect\": could not find dataconnect.yaml in `c:\\Users\\52114\\Downloads\\akrivis-uat-webapp-firebase\\dataconnect`\n"}}
[debug] [2026-06-29T18:13:34.345Z] E0630 01:13:34.346107   17672 watch.go:40] Failed to load config from "c:\\Users\\52114\\Downloads\\akrivis-uat-webapp-firebase\\dataconnect": could not find dataconnect.yaml in `c:\Users\52114\Downloads\akrivis-uat-webapp-firebase\dataconnect`
 {"metadata":{"emulator":{"name":"dataconnect"},"message":"E0630 01:13:34.346107   17672 watch.go:40] Failed to load config from \"c:\\\\Users\\\\52114\\\\Downloads\\\\akrivis-uat-webapp-firebase\\\\dataconnect\": could not find dataconnect.yaml in `c:\\Users\\52114\\Downloads\\akrivis-uat-webapp-firebase\\dataconnect`\n"}}
[debug] [2026-06-29T18:13:44.344Z] E0630 01:13:44.344653   17672 watch.go:40] Failed to load config from "c:\\Users\\52114\\Downloads\\akrivis-uat-webapp-firebase\\dataconnect": could not find dataconnect.yaml in `c:\Users\52114\Downloads\akrivis-uat-webapp-firebase\dataconnect`
 {"metadata":{"emulator":{"name":"dataconnect"},"message":"E0630 01:13:44.344653   17672 watch.go:40] Failed to load config from \"c:\\\\Users\\\\52114\\\\Downloads\\\\akrivis-uat-webapp-firebase\\\\dataconnect\": could not find dataconnect.yaml in `c:\\Users\\52114\\Downloads\\akrivis-uat-webapp-firebase\\dataconnect`\n"}}
[debug] [2026-06-29T18:13:54.345Z] E0630 01:13:54.345185   17672 watch.go:40] Failed to load config from "c:\\Users\\52114\\Downloads\\akrivis-uat-webapp-firebase\\dataconnect": could not find dataconnect.yaml in `c:\Users\52114\Downloads\akrivis-uat-webapp-firebase\dataconnect`
 {"metadata":{"emulator":{"name":"dataconnect"},"message":"E0630 01:13:54.345185   17672 watch.go:40] Failed to load config from \"c:\\\\Users\\\\52114\\\\Downloads\\\\akrivis-uat-webapp-firebase\\\\dataconnect\": could not find dataconnect.yaml in `c:\\Users\\52114\\Downloads\\akrivis-uat-webapp-firebase\\dataconnect`\n"}}
[debug] [2026-06-29T18:14:04.343Z] E0630 01:14:04.344341   17672 watch.go:40] Failed to load config from "c:\\Users\\52114\\Downloads\\akrivis-uat-webapp-firebase\\dataconnect": could not find dataconnect.yaml in `c:\Users\52114\Downloads\akrivis-uat-webapp-firebase\dataconnect`
 {"metadata":{"emulator":{"name":"dataconnect"},"message":"E0630 01:14:04.344341   17672 watch.go:40] Failed to load config from \"c:\\\\Users\\\\52114\\\\Downloads\\\\akrivis-uat-webapp-firebase\\\\dataconnect\": could not find dataconnect.yaml in `c:\\Users\\52114\\Downloads\\akrivis-uat-webapp-firebase\\dataconnect`\n"}}
[debug] [2026-06-29T18:14:14.343Z] E0630 01:14:14.344185   17672 watch.go:116] watchAllDir unable to walk dir `c:\Users\52114\Downloads\akrivis-uat-webapp-firebase\dataconnect`: GetFileAttributesEx c:\Users\52114\Downloads\akrivis-uat-webapp-firebase\dataconnect: The system cannot find the file specified.
E0630 01:14:14.344185   17672 watch.go:40] Failed to load config from "c:\\Users\\52114\\Downloads\\akrivis-uat-webapp-firebase\\dataconnect": could not find dataconnect.yaml in `c:\Users\52114\Downloads\akrivis-uat-webapp-firebase\dataconnect`
 {"metadata":{"emulator":{"name":"dataconnect"},"message":"E0630 01:14:14.344185   17672 watch.go:116] watchAllDir unable to walk dir `c:\\Users\\52114\\Downloads\\akrivis-uat-webapp-firebase\\dataconnect`: GetFileAttributesEx c:\\Users\\52114\\Downloads\\akrivis-uat-webapp-firebase\\dataconnect: The system cannot find the file specified.\nE0630 01:14:14.344185   17672 watch.go:40] Failed to load config from \"c:\\\\Users\\\\52114\\\\Downloads\\\\akrivis-uat-webapp-firebase\\\\dataconnect\": could not find dataconnect.yaml in `c:\\Users\\52114\\Downloads\\akrivis-uat-webapp-firebase\\dataconnect`\n"}}
[debug] [2026-06-29T18:14:24.344Z] E0630 01:14:24.344500   17672 watch.go:40] Failed to load config from "c:\\Users\\52114\\Downloads\\akrivis-uat-webapp-firebase\\dataconnect": could not find dataconnect.yaml in `c:\Users\52114\Downloads\akrivis-uat-webapp-firebase\dataconnect`
 {"metadata":{"emulator":{"name":"dataconnect"},"message":"E0630 01:14:24.344500   17672 watch.go:40] Failed to load config from \"c:\\\\Users\\\\52114\\\\Downloads\\\\akrivis-uat-webapp-firebase\\\\dataconnect\": could not find dataconnect.yaml in `c:\\Users\\52114\\Downloads\\akrivis-uat-webapp-firebase\\dataconnect`\n"}}
[debug] [2026-06-29T18:14:34.343Z] E0630 01:14:34.344371   17672 watch.go:40] Failed to load config from "c:\\Users\\52114\\Downloads\\akrivis-uat-webapp-firebase\\dataconnect": could not find dataconnect.yaml in `c:\Users\52114\Downloads\akrivis-uat-webapp-firebase\dataconnect`
 {"metadata":{"emulator":{"name":"dataconnect"},"message":"E0630 01:14:34.344371   17672 watch.go:40] Failed to load config from \"c:\\\\Users\\\\52114\\\\Downloads\\\\akrivis-uat-webapp-firebase\\\\dataconnect\": could not find dataconnect.yaml in `c:\\Users\\52114\\Downloads\\akrivis-uat-webapp-firebase\\dataconnect`\n"}}
[debug] [2026-06-29T18:14:44.343Z] E0630 01:14:44.344120   17672 watch.go:40] Failed to load config from "c:\\Users\\52114\\Downloads\\akrivis-uat-webapp-firebase\\dataconnect": could not find dataconnect.yaml in `c:\Users\52114\Downloads\akrivis-uat-webapp-firebase\dataconnect`
 {"metadata":{"emulator":{"name":"dataconnect"},"message":"E0630 01:14:44.344120   17672 watch.go:40] Failed to load config from \"c:\\\\Users\\\\52114\\\\Downloads\\\\akrivis-uat-webapp-firebase\\\\dataconnect\": could not find dataconnect.yaml in `c:\\Users\\52114\\Downloads\\akrivis-uat-webapp-firebase\\dataconnect`\n"}}
[debug] [2026-06-29T18:14:54.343Z] E0630 01:14:54.344235   17672 watch.go:40] Failed to load config from "c:\\Users\\52114\\Downloads\\akrivis-uat-webapp-firebase\\dataconnect": could not find dataconnect.yaml in `c:\Users\52114\Downloads\akrivis-uat-webapp-firebase\dataconnect`
 {"metadata":{"emulator":{"name":"dataconnect"},"message":"E0630 01:14:54.344235   17672 watch.go:40] Failed to load config from \"c:\\\\Users\\\\52114\\\\Downloads\\\\akrivis-uat-webapp-firebase\\\\dataconnect\": could not find dataconnect.yaml in `c:\\Users\\52114\\Downloads\\akrivis-uat-webapp-firebase\\dataconnect`\n"}}
[debug] [2026-06-29T18:15:04.343Z] E0630 01:15:04.344609   17672 watch.go:40] Failed to load config from "c:\\Users\\52114\\Downloads\\akrivis-uat-webapp-firebase\\dataconnect": could not find dataconnect.yaml in `c:\Users\52114\Downloads\akrivis-uat-webapp-firebase\dataconnect`
 {"metadata":{"emulator":{"name":"dataconnect"},"message":"E0630 01:15:04.344609   17672 watch.go:40] Failed to load config from \"c:\\\\Users\\\\52114\\\\Downloads\\\\akrivis-uat-webapp-firebase\\\\dataconnect\": could not find dataconnect.yaml in `c:\\Users\\52114\\Downloads\\akrivis-uat-webapp-firebase\\dataconnect`\n"}}
